city,bhk,size_sqft,bathrooms,property_type,furnishing,floor,property_age,rent
Kolkata,2,1271.0,2.0,Apartment,Fully Furnished,Low,3,51959
Hyderabad,2,872.0,2.0,Apartment,Fully Furnished,Middle,19,48865
Pune,4,1594.0,5.0,Apartment,Unfurnished,High,26,62189
Kolkata,2,1108.0,3.0,Apartment,Semi-Furnished,Low,28,45056
Bangalore,4,2296.0,4.0,Apartment,Semi-Furnished,Low,12,86286
Ahmedabad,1,562.0,1.0,Apartment,Fully Furnished,Middle,5,33727
Pune,3,1390.0,4.0,Apartment,Unfurnished,Middle,21,65167
Pune,4,1372.0,3.0,Apartment,Fully Furnished,Low,26,67118
Kolkata,2,668.0,2.0,Apartment,Semi-Furnished,Ground,6,37350
Delhi,2,896.0,2.0,Studio,Semi-Furnished,Low,15,43766
Bangalore,1,448.0,1.0,Apartment,Unfurnished,Low,7,22523
Kolkata,3,1719.0,3.0,Independent House,,Ground,24,72699
Bangalore,2,1500.0,2.0,Apartment,Unfurnished,High,23,69640
Bangalore,3,1785.0,3.0,Studio,Unfurnished,Low,8,78141
Ahmedabad,2,1242.0,2.0,Apartment,Semi-Furnished,Middle,8,54675
Pune,2,513.0,2.0,Apartment,Fully Furnished,Middle,28,42244
Hyderabad,1,399.0,1.0,Apartment,Fully Furnished,Middle,18,40796
Ahmedabad,2,917.0,2.0,Apartment,Unfurnished,Middle,22,38305
Ahmedabad,2,1079.0,2.0,Independent House,Semi-Furnished,High,18,42837
Bangalore,4,2196.0,5.0,Apartment,Unfurnished,High,20,84290
Chennai,3,1847.0,2.0,Apartment,Semi-Furnished,Low,10,71978
Pune,2,813.0,1.0,Apartment,Fully Furnished,Low,25,40979
Delhi,4,1301.0,4.0,Apartment,Semi-Furnished,Middle,15,72324
Ahmedabad,3,1456.0,3.0,Apartment,Fully Furnished,Low,8,67574
Hyderabad,4,2264.0,4.0,Apartment,Fully Furnished,Low,14,90161
Chennai,2,1270.0,3.0,Apartment,Unfurnished,Middle,10,62192
Chennai,2,1247.0,1.0,Apartment,Unfurnished,Low,28,57943
Delhi,1,554.0,1.0,Apartment,Semi-Furnished,Low,7,46495
Ahmedabad,3,1402.0,2.0,Independent House,Semi-Furnished,Low,2,66061
Hyderabad,1,544.0,1.0,Apartment,Semi-Furnished,Low,13,24854
Pune,2,798.0,2.0,Studio,Semi-Furnished,Ground,5,36708
Mumbai,2,1545.0,2.0,Apartment,Unfurnished,Middle,4,78649
Hyderabad,3,1242.0,3.0,Apartment,Fully Furnished,Low,10,69461
Delhi,3,1450.0,3.0,Apartment,Unfurnished,Low,27,56885
Chennai,1,692.0,1.0,Apartment,Unfurnished,High,9,37354
Pune,2,1043.0,,Apartment,Fully Furnished,Ground,19,50310
Hyderabad,3,1476.0,2.0,Independent House,Semi-Furnished,Middle,10,68973
Mumbai,5,3140.0,5.0,Studio,Fully Furnished,Middle,5,124338
Mumbai,3,1563.0,2.0,Apartment,Fully Furnished,Middle,7,93270
Bangalore,4,2096.0,4.0,Villa,Semi-Furnished,Low,29,108881
Bangalore,3,1766.0,2.0,Apartment,Unfurnished,Middle,23,72868
Kolkata,3,915.0,3.0,Apartment,Unfurnished,High,13,40508
Delhi,2,665.0,2.0,Independent House,Unfurnished,Low,12,64366
Ahmedabad,3,1697.0,3.0,Apartment,Unfurnished,Ground,2,51446
Hyderabad,3,2078.0,3.0,Independent House,Fully Furnished,Middle,28,84235
Hyderabad,3,1439.0,3.0,Villa,Fully Furnished,Middle,5,81123
Ahmedabad,2,960.0,2.0,Studio,Semi-Furnished,High,16,34252
Kolkata,2,914.0,2.0,Apartment,Semi-Furnished,High,0,57902
Chennai,2,806.0,2.0,Apartment,Semi-Furnished,Low,10,47770
Chennai,2,1103.0,3.0,Studio,Unfurnished,Low,0,53068
Kolkata,2,1278.0,3.0,Independent House,Unfurnished,High,26,58218
Chennai,3,1596.0,4.0,Independent House,Semi-Furnished,High,29,79301
Bangalore,2,1110.0,3.0,Independent House,Unfurnished,Low,24,57324
Hyderabad,1,350.0,1.0,Independent House,Fully Furnished,Ground,13,37460
Kolkata,2,1051.0,2.0,Apartment,Semi-Furnished,Middle,25,50383
Hyderabad,3,1765.0,3.0,Independent House,Unfurnished,Low,27,58980
Ahmedabad,2,1137.0,1.0,Apartment,Semi-Furnished,High,8,54113
Mumbai,2,1091.0,2.0,Independent House,Semi-Furnished,High,9,77276
Bangalore,2,1214.0,2.0,Apartment,Semi-Furnished,High,11,60186
Pune,2,1275.0,2.0,Villa,Fully Furnished,Ground,20,68998
Bangalore,4,2108.0,4.0,Studio,Unfurnished,High,27,87828
Kolkata,4,2131.0,4.0,Apartment,Semi-Furnished,Middle,22,74638
Pune,2,1101.0,2.0,Independent House,Semi-Furnished,Low,3,75399
Mumbai,2,1066.0,3.0,Studio,Fully Furnished,Low,17,72952
Kolkata,3,1492.0,3.0,Apartment,Unfurnished,Middle,10,55471
Delhi,1,657.0,1.0,Villa,Unfurnished,Middle,21,51892
Hyderabad,2,777.0,2.0,Apartment,Unfurnished,Low,15,42935
Mumbai,2,870.0,2.0,Apartment,Unfurnished,Low,30,50894
Hyderabad,4,1652.0,4.0,Independent House,Fully Furnished,High,17,98439
Chennai,1,350.0,1.0,Villa,Fully Furnished,High,6,33472
Delhi,2,811.0,1.0,Apartment,Semi-Furnished,High,19,59556
Delhi,3,1544.0,3.0,Independent House,Semi-Furnished,High,3,80860
Mumbai,2,1013.0,3.0,Apartment,Semi-Furnished,High,1,71365
Delhi,1,585.0,1.0,Apartment,Fully Furnished,High,8,46095
Pune,5,2928.0,5.0,Apartment,Semi-Furnished,High,11,117530
Delhi,2,865.0,2.0,Apartment,Semi-Furnished,Low,29,36523
Hyderabad,3,1233.0,3.0,Studio,Semi-Furnished,Middle,27,54524
Hyderabad,2,761.0,3.0,Independent House,Semi-Furnished,Middle,29,40836
Kolkata,2,956.0,2.0,Independent House,Fully Furnished,Middle,28,54209
Hyderabad,2,1485.0,2.0,Apartment,Fully Furnished,Low,30,71306
Kolkata,1,773.0,1.0,Apartment,Semi-Furnished,High,18,51620
Hyderabad,1,599.0,1.0,Apartment,Unfurnished,High,21,27298
Pune,3,1459.0,2.0,Independent House,Semi-Furnished,Low,25,63882
Ahmedabad,2,1252.0,3.0,Apartment,Semi-Furnished,Ground,27,58441
Kolkata,2,1118.0,2.0,Apartment,Unfurnished,Ground,8,49141
Bangalore,2,772.0,2.0,Villa,Semi-Furnished,Ground,23,58851
Chennai,3,1736.0,3.0,Apartment,Semi-Furnished,Low,24,62910
Mumbai,1,543.0,1.0,Apartment,Semi-Furnished,Middle,28,45718
Hyderabad,3,1130.0,3.0,Apartment,Fully Furnished,Low,22,64421
Delhi,1,723.0,1.0,Apartment,Fully Furnished,Middle,24,50367
Ahmedabad,1,552.0,2.0,Apartment,Unfurnished,Low,9,21070
Hyderabad,1,536.0,1.0,Villa,Semi-Furnished,High,8,43980
Delhi,3,1876.0,3.0,Studio,Unfurnished,Middle,4,78750
Chennai,1,459.0,1.0,Apartment,Fully Furnished,Middle,29,39593
Chennai,1,654.0,1.0,Apartment,Unfurnished,Middle,22,37340
Chennai,2,1215.0,2.0,Apartment,Unfurnished,High,30,51078
Delhi,4,1987.0,3.0,Apartment,Unfurnished,Middle,20,68143
Hyderabad,2,999.0,2.0,Apartment,Unfurnished,Middle,0,47229
Chennai,2,1193.0,2.0,Apartment,Unfurnished,Middle,15,51083
Pune,1,354.0,1.0,Independent House,Fully Furnished,High,29,40627
Kolkata,2,1560.0,2.0,Apartment,Unfurnished,Middle,22,47365
Delhi,3,1492.0,2.0,Independent House,Unfurnished,High,27,68307
Delhi,3,1579.0,3.0,Studio,Fully Furnished,Ground,8,67281
Hyderabad,2,1072.0,2.0,Apartment,Semi-Furnished,High,4,61957
Delhi,2,888.0,2.0,Apartment,Semi-Furnished,Middle,3,69080
Delhi,1,1114.0,1.0,Studio,Unfurnished,Low,4,46849
Chennai,2,1167.0,1.0,Apartment,Unfurnished,Middle,29,46932
Hyderabad,1,729.0,1.0,Independent House,Semi-Furnished,Middle,3,57714
Chennai,3,1576.0,3.0,Apartment,Semi-Furnished,Low,24,72651
Kolkata,5,2895.0,4.0,Apartment,Unfurnished,Middle,13,88461
Ahmedabad,5,2777.0,5.0,Apartment,Semi-Furnished,Middle,26,93499
Kolkata,4,1909.0,4.0,Apartment,Unfurnished,Low,25,56637
Ahmedabad,3,1456.0,4.0,Apartment,Semi-Furnished,High,30,52801
Chennai,3,1936.0,3.0,Villa,Unfurnished,Ground,27,70313
Kolkata,2,1301.0,2.0,Apartment,Unfurnished,Middle,7,44998
Hyderabad,3,1995.0,2.0,Apartment,Semi-Furnished,Low,29,79392
Mumbai,2,1106.0,1.0,Apartment,Semi-Furnished,Ground,12,68075
Chennai,2,1113.0,2.0,Villa,Fully Furnished,High,20,62003
Ahmedabad,3,1957.0,3.0,Independent House,Unfurnished,Middle,10,73234
Pune,2,726.0,2.0,Independent House,Semi-Furnished,Middle,20,43879
Ahmedabad,2,1284.0,2.0,Apartment,Unfurnished,Low,20,52431
Pune,4,1553.0,4.0,Apartment,Semi-Furnished,High,28,75517
Delhi,1,454.0,1.0,Villa,Semi-Furnished,Ground,22,49917
Kolkata,2,646.0,3.0,Independent House,Semi-Furnished,Low,27,32471
Pune,4,2505.0,4.0,Apartment,Semi-Furnished,High,27,106496
Ahmedabad,3,1068.0,2.0,Studio,Semi-Furnished,High,13,54863
Delhi,2,968.0,2.0,Apartment,Semi-Furnished,High,9,59974
Mumbai,2,506.0,3.0,Apartment,Unfurnished,Low,6,47472
Hyderabad,2,928.0,2.0,Studio,Unfurnished,Low,18,40393
Hyderabad,4,1681.0,4.0,Independent House,Unfurnished,High,16,63037
Hyderabad,2,1402.0,2.0,Independent House,Unfurnished,High,23,56500
Pune,2,885.0,3.0,Villa,Fully Furnished,Low,29,54861
Mumbai,1,350.0,2.0,Apartment,Fully Furnished,Low,26,45023
Pune,1,427.0,1.0,Apartment,Unfurnished,Ground,25,30092
Kolkata,5,2576.0,5.0,Apartment,Unfurnished,Middle,3,98672
Pune,2,983.0,2.0,Apartment,Unfurnished,Ground,19,39679
Mumbai,3,1235.0,2.0,Apartment,Fully Furnished,Ground,30,61999
Mumbai,1,350.0,1.0,Apartment,Fully Furnished,High,26,46632
Kolkata,3,1518.0,3.0,Villa,Semi-Furnished,Low,24,66672
Mumbai,4,2247.0,5.0,Apartment,Semi-Furnished,High,27,89668
Ahmedabad,3,1550.0,4.0,Apartment,Semi-Furnished,Middle,13,58347
Mumbai,1,573.0,1.0,Villa,Unfurnished,Low,29,49702
Hyderabad,3,1560.0,4.0,Independent House,Unfurnished,Middle,22,55927
Ahmedabad,3,773.0,3.0,Apartment,Semi-Furnished,High,11,52202
Ahmedabad,2,835.0,2.0,Studio,Fully Furnished,Middle,10,43540
Kolkata,4,1385.0,3.0,Apartment,Semi-Furnished,Middle,22,62065
Bangalore,3,1454.0,2.0,Apartment,Fully Furnished,Low,26,86110
Bangalore,4,1842.0,4.0,Apartment,Fully Furnished,Middle,23,83392
Mumbai,3,1675.0,2.0,Apartment,Unfurnished,Middle,0,96396
Ahmedabad,1,350.0,1.0,Independent House,Unfurnished,Middle,8,29361
Bangalore,2,1012.0,2.0,Apartment,Semi-Furnished,Middle,26,52521
Bangalore,2,713.0,3.0,Studio,Semi-Furnished,High,0,51005
Mumbai,4,2151.0,4.0,Apartment,Semi-Furnished,High,9,120867
Bangalore,3,2045.0,2.0,Apartment,Unfurnished,High,29,80044
Pune,3,1250.0,3.0,Apartment,Fully Furnished,Middle,10,62144
Delhi,2,994.0,2.0,Independent House,Fully Furnished,Low,4,61443
Kolkata,2,494.0,2.0,Apartment,Unfurnished,Middle,8,34217
Delhi,3,1704.0,2.0,Apartment,Semi-Furnished,Middle,2,71364
Mumbai,2,1497.0,1.0,Apartment,Fully Furnished,Ground,28,64942
Hyderabad,2,1380.0,1.0,Apartment,Unfurnished,Low,1,45434
Kolkata,3,1681.0,4.0,Apartment,Semi-Furnished,High,17,59821
Mumbai,1,737.0,1.0,Apartment,Semi-Furnished,Middle,27,43354
Ahmedabad,2,1832.0,1.0,Apartment,Unfurnished,High,13,49615
Hyderabad,2,1485.0,2.0,Independent House,Unfurnished,High,29,75815
Delhi,1,368.0,1.0,Apartment,Semi-Furnished,Middle,22,35227
Mumbai,5,2018.0,5.0,Apartment,Semi-Furnished,Low,28,79425
Ahmedabad,2,1080.0,3.0,Apartment,Semi-Furnished,Low,4,57349
Kolkata,1,350.0,1.0,Apartment,Unfurnished,Low,23,20466
Kolkata,2,1070.0,2.0,Apartment,Semi-Furnished,Middle,13,48376
Chennai,3,1439.0,3.0,Apartment,Semi-Furnished,High,4,68570
Ahmedabad,2,699.0,1.0,Apartment,Semi-Furnished,High,1,51497
Pune,3,1561.0,3.0,Apartment,Fully Furnished,Low,6,77887
Bangalore,1,479.0,1.0,Independent House,Semi-Furnished,Middle,22,36095
Hyderabad,1,498.0,1.0,Apartment,Semi-Furnished,Middle,30,25923
Ahmedabad,2,1007.0,2.0,Apartment,Semi-Furnished,Low,27,47441
Chennai,3,1030.0,3.0,Apartment,Fully Furnished,High,17,58696
Bangalore,4,2170.0,3.0,Independent House,Semi-Furnished,Low,15,97506
Bangalore,1,529.0,1.0,Apartment,Semi-Furnished,Middle,21,44151
Mumbai,2,1212.0,2.0,Apartment,Unfurnished,Middle,26,53352
Bangalore,4,2038.0,5.0,Villa,Semi-Furnished,Middle,28,94880
Pune,2,1004.0,2.0,Apartment,Semi-Furnished,High,4,55181
Kolkata,3,1703.0,3.0,Independent House,Semi-Furnished,High,19,71894
Chennai,1,553.0,1.0,Independent House,Unfurnished,High,11,35446
Bangalore,4,1720.0,3.0,Studio,Unfurnished,High,12,86219
Mumbai,3,1251.0,2.0,Apartment,Unfurnished,Middle,25,69677
Pune,4,2645.0,3.0,Apartment,Fully Furnished,Ground,29,79809
Delhi,3,1219.0,2.0,Apartment,Unfurnished,High,7,62857
Kolkata,2,1361.0,2.0,Apartment,Unfurnished,Middle,13,42884
Kolkata,4,2001.0,5.0,Apartment,Semi-Furnished,Ground,23,79981
Chennai,2,946.0,2.0,Apartment,Unfurnished,Ground,27,53987
Kolkata,2,1204.0,2.0,Apartment,Unfurnished,Middle,4,46235
Bangalore,3,985.0,2.0,Apartment,Semi-Furnished,High,26,60112
Mumbai,3,1469.0,2.0,Apartment,Semi-Furnished,Middle,3,75941
Kolkata,4,2172.0,4.0,Independent House,Unfurnished,High,8,76492
Kolkata,2,802.0,1.0,Villa,Unfurnished,High,14,54312
Delhi,3,1882.0,3.0,Apartment,Unfurnished,Middle,26,74362
Delhi,3,1418.0,3.0,Apartment,Fully Furnished,Low,13,64395
Hyderabad,1,726.0,1.0,Villa,Semi-Furnished,High,4,51357
Pune,2,966.0,1.0,Apartment,Fully Furnished,Middle,27,53955
Bangalore,2,1065.0,2.0,Apartment,Fully Furnished,Middle,14,59053
Kolkata,2,645.0,3.0,Apartment,Fully Furnished,Middle,3,41457
Ahmedabad,5,4044.0,4.0,Apartment,Fully Furnished,Low,17,119287
Kolkata,3,940.0,4.0,Apartment,Unfurnished,Ground,21,39013
Mumbai,3,1794.0,2.0,Studio,Unfurnished,Middle,4,75725
Hyderabad,5,2483.0,6.0,Apartment,Semi-Furnished,High,21,91712
Pune,2,1117.0,1.0,Studio,Unfurnished,Low,16,48108
Ahmedabad,3,1599.0,3.0,Apartment,Semi-Furnished,High,21,57771
Hyderabad,2,1050.0,1.0,Villa,Unfurnished,Ground,20,58667
Chennai,4,2815.0,4.0,Apartment,Fully Furnished,Middle,13,83165
Pune,2,938.0,2.0,Apartment,Fully Furnished,Ground,22,44398
Kolkata,4,2025.0,4.0,Apartment,Semi-Furnished,High,27,74259
Kolkata,2,643.0,1.0,Villa,Semi-Furnished,Ground,27,45814
Pune,2,1454.0,2.0,Independent House,Semi-Furnished,Low,16,62832
Kolkata,3,1182.0,3.0,Apartment,Semi-Furnished,High,18,62430
Bangalore,2,1060.0,2.0,Apartment,Semi-Furnished,Middle,12,59276
Pune,3,1678.0,3.0,Villa,Semi-Furnished,Low,12,69188
Hyderabad,2,1072.0,3.0,Studio,Semi-Furnished,High,12,45999
Pune,3,1758.0,3.0,Apartment,Fully Furnished,Middle,1,83942
Ahmedabad,2,1089.0,1.0,Apartment,Semi-Furnished,Low,14,36745
Kolkata,1,812.0,1.0,Apartment,Semi-Furnished,Middle,21,34498
Bangalore,2,1039.0,2.0,Apartment,Semi-Furnished,Low,0,58774
Bangalore,2,1277.0,1.0,Apartment,Unfurnished,High,14,62443
Chennai,1,643.0,1.0,Apartment,Semi-Furnished,High,15,44753
Hyderabad,2,724.0,3.0,Apartment,Fully Furnished,Low,10,55951
Delhi,2,1459.0,2.0,Apartment,Unfurnished,Ground,28,59656
Delhi,1,666.0,1.0,Studio,Unfurnished,High,29,31462
Pune,3,2093.0,3.0,Villa,Fully Furnished,Low,2,96986
Chennai,4,1810.0,4.0,Apartment,Semi-Furnished,Low,26,65613
Mumbai,1,632.0,1.0,Apartment,Semi-Furnished,Ground,26,52429
Pune,3,1307.0,3.0,Apartment,Semi-Furnished,Middle,19,64805
Chennai,3,1100.0,4.0,Villa,Semi-Furnished,Low,21,61152
Hyderabad,2,1098.0,2.0,Apartment,Fully Furnished,Middle,30,52158
Hyderabad,3,1489.0,3.0,Apartment,Fully Furnished,High,20,76671
Hyderabad,2,1176.0,2.0,Apartment,Fully Furnished,Low,13,56224
Hyderabad,2,827.0,1.0,Apartment,Fully Furnished,Ground,20,48787
Hyderabad,1,556.0,1.0,Apartment,Unfurnished,Middle,30,26759
Chennai,3,1243.0,3.0,Apartment,Semi-Furnished,Middle,4,58034
Chennai,3,1779.0,2.0,Apartment,Semi-Furnished,Middle,16,58552
Bangalore,1,816.0,1.0,Apartment,Semi-Furnished,Low,23,51307
Ahmedabad,2,1252.0,2.0,Apartment,Semi-Furnished,Low,25,41710
Delhi,5,2694.0,5.0,Apartment,Fully Furnished,Low,1,115018
Kolkata,2,597.0,3.0,Apartment,Fully Furnished,Low,21,37291
Hyderabad,2,1234.0,2.0,Apartment,Fully Furnished,High,6,55612
Mumbai,4,2591.0,4.0,Apartment,Semi-Furnished,Middle,9,101036
Kolkata,3,1574.0,4.0,Apartment,Unfurnished,High,9,78512
Chennai,3,1678.0,4.0,Villa,Semi-Furnished,Low,19,94181
Mumbai,3,1898.0,2.0,Apartment,Semi-Furnished,Middle,7,83336
Mumbai,4,1334.0,4.0,Apartment,Semi-Furnished,Middle,0,79144
Mumbai,2,936.0,2.0,Villa,Unfurnished,Low,15,64085
Bangalore,2,1161.0,1.0,Apartment,Fully Furnished,Low,8,66377
Chennai,2,974.0,1.0,Studio,Unfurnished,Ground,27,32668
Mumbai,5,2914.0,5.0,Apartment,Fully Furnished,High,15,148396
Hyderabad,3,2306.0,3.0,Apartment,Fully Furnished,Low,28,74323
Pune,1,532.0,2.0,Apartment,Fully Furnished,High,19,50755
Mumbai,4,2489.0,4.0,Independent House,Fully Furnished,Middle,25,107842
Bangalore,2,1169.0,2.0,Apartment,Unfurnished,High,29,46093
Kolkata,1,613.0,2.0,Apartment,Semi-Furnished,Ground,14,24840
Chennai,2,1007.0,2.0,Independent House,Fully Furnished,Middle,8,60666
Ahmedabad,2,840.0,2.0,Independent House,Unfurnished,Middle,30,30071
Bangalore,4,2242.0,4.0,Studio,Unfurnished,Middle,29,81995
Mumbai,2,1042.0,2.0,Studio,Semi-Furnished,Middle,11,61440
Chennai,3,1495.0,2.0,Apartment,Semi-Furnished,Middle,30,58081
Pune,2,1386.0,1.0,Apartment,Fully Furnished,Low,1,80101
Mumbai,1,350.0,1.0,Apartment,Semi-Furnished,Middle,9,51907
Bangalore,5,2814.0,5.0,Apartment,Unfurnished,Middle,26,94530
Delhi,2,802.0,2.0,Apartment,Semi-Furnished,Low,23,59889
Hyderabad,2,882.0,2.0,Apartment,Semi-Furnished,Middle,20,52985
Ahmedabad,2,1263.0,2.0,Apartment,Semi-Furnished,Middle,22,60913
Kolkata,4,2552.0,3.0,Apartment,Fully Furnished,High,15,90027
Bangalore,2,1372.0,2.0,Studio,Semi-Furnished,Ground,4,66134
Chennai,2,1405.0,2.0,Villa,Semi-Furnished,Ground,12,79708
Ahmedabad,1,461.0,1.0,Apartment,Semi-Furnished,Middle,21,28748
Ahmedabad,2,1458.0,2.0,Apartment,Fully Furnished,High,6,63400
Ahmedabad,3,1481.0,3.0,Villa,Semi-Furnished,Middle,8,64306
Mumbai,2,589.0,2.0,Apartment,Unfurnished,Ground,21,41117
Hyderabad,2,766.0,1.0,Apartment,Fully Furnished,Low,16,46007
Mumbai,1,601.0,1.0,Studio,Semi-Furnished,Middle,16,47186
Chennai,2,1103.0,3.0,Apartment,Unfurnished,High,16,49033
Mumbai,4,2219.0,5.0,Studio,Unfurnished,Low,25,83096
Delhi,2,542.0,2.0,Apartment,Unfurnished,High,4,35822
Hyderabad,5,2623.0,5.0,Studio,Fully Furnished,High,5,101121
Hyderabad,2,1130.0,2.0,Apartment,Unfurnished,Middle,5,52566
Chennai,1,362.0,2.0,Apartment,Fully Furnished,Low,8,38278
Kolkata,4,2181.0,3.0,Apartment,Semi-Furnished,Middle,28,90554
Delhi,2,1341.0,2.0,Apartment,Unfurnished,High,9,74934
Bangalore,3,1833.0,3.0,Apartment,Semi-Furnished,Low,16,88039
Mumbai,5,2444.0,6.0,Apartment,Unfurnished,High,2,105630
Pune,1,470.0,1.0,Apartment,Fully Furnished,Ground,19,37319
Mumbai,1,351.0,2.0,Studio,Semi-Furnished,Low,8,38688
Ahmedabad,3,1689.0,3.0,Apartment,Semi-Furnished,High,0,65893
Mumbai,2,798.0,2.0,Apartment,Fully Furnished,Middle,23,57836
Bangalore,2,1172.0,2.0,Villa,Semi-Furnished,Middle,18,64930
Mumbai,1,460.0,1.0,Apartment,Semi-Furnished,Low,13,45821
Delhi,1,350.0,1.0,Apartment,Fully Furnished,High,7,34062
Delhi,3,2098.0,3.0,Apartment,Semi-Furnished,Middle,17,90303
Hyderabad,1,622.0,1.0,Apartment,Semi-Furnished,High,27,40405
Chennai,2,1216.0,2.0,Apartment,Semi-Furnished,High,5,41687
Kolkata,3,1390.0,3.0,Apartment,Unfurnished,Low,1,66134
Pune,2,1202.0,2.0,Studio,Unfurnished,Middle,6,46913
Ahmedabad,1,578.0,1.0,Independent House,Semi-Furnished,Low,5,45402
Mumbai,3,1551.0,3.0,Independent House,Unfurnished,Low,10,75087
Mumbai,1,879.0,1.0,Villa,Unfurnished,Low,22,55424
Bangalore,3,1840.0,3.0,Apartment,Unfurnished,Ground,24,68076
Chennai,4,1801.0,4.0,Apartment,Semi-Furnished,Middle,29,65069
Delhi,2,1507.0,3.0,Independent House,Semi-Furnished,High,27,63998
Pune,2,869.0,3.0,Apartment,Fully Furnished,Middle,9,56887
Hyderabad,2,1019.0,1.0,Independent House,Semi-Furnished,Middle,24,47882
Delhi,2,872.0,2.0,Studio,Semi-Furnished,Low,28,45855
Ahmedabad,4,2057.0,3.0,Apartment,Unfurnished,Middle,21,51366
Chennai,4,2120.0,4.0,Apartment,Fully Furnished,Middle,10,91513
Ahmedabad,2,1118.0,3.0,Apartment,Semi-Furnished,High,7,50868
Kolkata,3,1743.0,4.0,Apartment,Fully Furnished,Middle,25,72853
Hyderabad,4,1779.0,5.0,Apartment,Fully Furnished,Ground,12,71345
Kolkata,5,2830.0,4.0,Independent House,Semi-Furnished,High,5,124537
Bangalore,2,670.0,2.0,Apartment,Semi-Furnished,Ground,9,48325
Ahmedabad,2,709.0,1.0,Apartment,Fully Furnished,High,17,37814
Bangalore,2,765.0,3.0,Independent House,Semi-Furnished,High,30,48834
Mumbai,4,2860.0,4.0,Apartment,Semi-Furnished,Middle,14,119525
Kolkata,1,508.0,1.0,Independent House,Semi-Furnished,Low,4,41523
Chennai,3,1545.0,2.0,Villa,Semi-Furnished,Ground,10,75840
Ahmedabad,2,1495.0,1.0,Apartment,Unfurnished,Low,26,49232
Pune,2,1060.0,2.0,Apartment,Fully Furnished,Middle,20,66417
Hyderabad,2,1029.0,1.0,Apartment,Fully Furnished,High,26,45958
Delhi,5,1960.0,4.0,Studio,Fully Furnished,High,27,85754
Chennai,1,350.0,2.0,Villa,Semi-Furnished,Middle,3,45803
Chennai,3,1243.0,3.0,Apartment,Semi-Furnished,Ground,24,50152
Bangalore,1,545.0,2.0,Apartment,Semi-Furnished,High,12,49613
Kolkata,1,581.0,1.0,Independent House,Unfurnished,Middle,14,38207
Ahmedabad,2,1228.0,3.0,Apartment,Unfurnished,Middle,27,45217
Ahmedabad,2,894.0,3.0,Apartment,Fully Furnished,High,1,50143
Mumbai,2,697.0,2.0,Apartment,Fully Furnished,Middle,6,52312
Mumbai,2,1396.0,2.0,Apartment,Unfurnished,Middle,5,69593
Hyderabad,1,501.0,2.0,Apartment,Unfurnished,High,18,36500
Bangalore,2,1049.0,3.0,Apartment,Fully Furnished,High,14,56118
Chennai,5,2617.0,5.0,Independent House,Unfurnished,Low,22,104783
Ahmedabad,4,2558.0,4.0,Apartment,Fully Furnished,Low,23,95816
Pune,2,1290.0,2.0,Apartment,Semi-Furnished,Low,13,64863
Bangalore,3,1531.0,3.0,Apartment,Fully Furnished,Middle,15,85526
Hyderabad,4,2460.0,4.0,Apartment,Semi-Furnished,Low,19,71608
Hyderabad,1,758.0,1.0,Apartment,Semi-Furnished,Middle,27,24361
Bangalore,3,1128.0,3.0,Apartment,Unfurnished,Ground,23,63124
Hyderabad,4,2400.0,4.0,Studio,Unfurnished,Low,21,86557
Bangalore,1,518.0,1.0,Studio,Fully Furnished,High,20,45749
Delhi,1,350.0,1.0,Independent House,Unfurnished,High,23,37240
Bangalore,5,3514.0,5.0,Apartment,Unfurnished,Low,21,114124
Kolkata,2,877.0,2.0,Independent House,Unfurnished,Low,9,38261
Bangalore,1,362.0,1.0,Apartment,Unfurnished,High,23,44590
Hyderabad,2,941.0,1.0,Apartment,Semi-Furnished,Low,5,44532
Ahmedabad,2,470.0,2.0,Villa,Fully Furnished,Low,14,43297
Kolkata,3,1407.0,3.0,Apartment,Unfurnished,High,3,58684
Hyderabad,3,777.0,3.0,Apartment,Fully Furnished,Middle,1,62649
Mumbai,5,2314.0,6.0,Independent House,Unfurnished,Ground,18,93890
Mumbai,2,756.0,1.0,Apartment,Fully Furnished,Ground,6,53581
Ahmedabad,2,1041.0,3.0,Apartment,Semi-Furnished,Ground,26,37871
Ahmedabad,2,808.0,3.0,Independent House,Fully Furnished,Middle,10,56420
Kolkata,2,1041.0,2.0,Apartment,Unfurnished,Middle,21,41436
Delhi,1,436.0,2.0,Apartment,Fully Furnished,Ground,14,36916
Ahmedabad,5,2030.0,4.0,Apartment,Unfurnished,Low,21,70675
Mumbai,4,2295.0,3.0,Apartment,Unfurnished,Middle,15,90357
Bangalore,2,1529.0,2.0,Villa,Semi-Furnished,Low,24,71382
Hyderabad,3,1583.0,3.0,Apartment,Unfurnished,High,4,65111
Mumbai,2,628.0,2.0,Apartment,Fully Furnished,Low,26,55735
Mumbai,2,961.0,2.0,Apartment,Semi-Furnished,Low,8,62555
Delhi,3,1146.0,3.0,Apartment,Semi-Furnished,Middle,0,61704
Kolkata,2,922.0,1.0,Apartment,Unfurnished,High,12,37532
Kolkata,5,3075.0,5.0,Apartment,Unfurnished,Middle,2,92612
Chennai,3,1685.0,4.0,Apartment,Semi-Furnished,High,4,78645
Delhi,2,1088.0,2.0,Apartment,Fully Furnished,Middle,22,46894
Bangalore,3,1654.0,4.0,Villa,Fully Furnished,Middle,13,86638
Kolkata,1,495.0,1.0,Independent House,Semi-Furnished,Ground,4,36335
Hyderabad,2,1176.0,2.0,Apartment,Unfurnished,Middle,30,45326
Ahmedabad,2,1071.0,2.0,Apartment,Fully Furnished,Ground,19,60628
Delhi,2,713.0,2.0,Studio,Fully Furnished,Low,13,51957
Ahmedabad,3,1392.0,4.0,Apartment,Unfurnished,High,20,63543
Mumbai,2,1054.0,2.0,Apartment,Semi-Furnished,Middle,0,68460
Hyderabad,3,2056.0,3.0,Apartment,Unfurnished,High,10,87054
Hyderabad,3,1293.0,3.0,Studio,Fully Furnished,Ground,4,61486
Mumbai,2,1149.0,2.0,Apartment,Unfurnished,Low,24,56612
Delhi,3,1808.0,3.0,Apartment,Semi-Furnished,High,2,80943
Mumbai,2,1100.0,2.0,Independent House,Semi-Furnished,Middle,9,76747
Ahmedabad,2,1322.0,3.0,Studio,Unfurnished,Low,21,60537
Chennai,2,939.0,2.0,Apartment,Unfurnished,Middle,8,40381
Hyderabad,2,1190.0,2.0,Apartment,Fully Furnished,Middle,14,48746
Pune,1,530.0,1.0,Studio,Unfurnished,High,5,42834
Pune,3,1343.0,3.0,Apartment,Semi-Furnished,Low,25,57422
Ahmedabad,2,1004.0,2.0,Villa,Semi-Furnished,High,21,58709
Bangalore,2,577.0,3.0,Apartment,Semi-Furnished,High,5,62049
Kolkata,5,2916.0,5.0,Independent House,Unfurnished,Middle,22,116007
Mumbai,3,1984.0,3.0,Apartment,Unfurnished,High,21,81257
Mumbai,4,2161.0,4.0,Apartment,Semi-Furnished,Middle,7,90376
Bangalore,1,948.0,1.0,Apartment,Unfurnished,High,1,57158
Bangalore,3,1610.0,3.0,Apartment,Semi-Furnished,High,23,80218
Ahmedabad,4,2090.0,5.0,Apartment,Semi-Furnished,Ground,3,92567
Ahmedabad,3,1429.0,3.0,Independent House,,High,1,75412
Bangalore,3,1373.0,3.0,Studio,Semi-Furnished,Middle,8,77819
Hyderabad,2,1041.0,2.0,Apartment,Semi-Furnished,Middle,29,39293
Ahmedabad,1,1028.0,1.0,Apartment,Fully Furnished,Low,4,56268
Chennai,2,1349.0,2.0,Studio,Fully Furnished,Middle,29,49563
Ahmedabad,2,1132.0,2.0,Independent House,Unfurnished,Ground,18,37344
Mumbai,4,2605.0,4.0,Apartment,Semi-Furnished,Low,30,100702
Ahmedabad,2,860.0,3.0,Apartment,Semi-Furnished,Middle,27,30935
Hyderabad,5,2122.0,4.0,Apartment,Semi-Furnished,Low,18,72389
Bangalore,4,2565.0,4.0,Apartment,Unfurnished,Middle,8,95293
Mumbai,2,806.0,2.0,Apartment,Unfurnished,High,4,62962
Ahmedabad,2,969.0,2.0,Apartment,Semi-Furnished,Ground,15,35749
Hyderabad,4,2217.0,4.0,Apartment,Unfurnished,Middle,25,84218
Chennai,5,2149.0,6.0,Apartment,Fully Furnished,Middle,6,101699
Ahmedabad,2,898.0,2.0,Villa,Fully Furnished,High,1,67687
Hyderabad,2,1014.0,1.0,Studio,Unfurnished,Middle,13,41035
Chennai,2,840.0,1.0,Independent House,Semi-Furnished,Middle,30,45316
Bangalore,3,2200.0,3.0,Apartment,Semi-Furnished,Low,21,90349
Ahmedabad,2,635.0,1.0,Apartment,Fully Furnished,High,0,46868
Chennai,3,1793.0,3.0,Independent House,Fully Furnished,Middle,7,82895
Mumbai,1,350.0,1.0,Apartment,Unfurnished,Middle,16,43076
Bangalore,1,350.0,1.0,Independent House,Semi-Furnished,High,30,43015
Mumbai,2,1084.0,2.0,Apartment,Fully Furnished,Low,26,61941
Pune,2,868.0,1.0,Independent House,Fully Furnished,Low,30,48644
Delhi,2,1058.0,3.0,Apartment,Semi-Furnished,High,18,64464
Ahmedabad,2,1424.0,2.0,Apartment,Unfurnished,Middle,5,34010
Chennai,2,,3.0,Apartment,Semi-Furnished,Middle,13,64419
Delhi,2,1405.0,2.0,Independent House,Semi-Furnished,Ground,7,60769
Delhi,2,1137.0,3.0,Apartment,Semi-Furnished,Low,30,54574
Chennai,5,2715.0,5.0,Apartment,Semi-Furnished,Middle,10,81821
Bangalore,2,850.0,2.0,Independent House,Unfurnished,Middle,13,54795
Ahmedabad,2,1243.0,2.0,Apartment,Semi-Furnished,Middle,9,50501
Pune,3,949.0,4.0,Studio,Semi-Furnished,Middle,16,56107
Mumbai,5,3305.0,5.0,Villa,Semi-Furnished,High,11,138335
Hyderabad,2,1111.0,2.0,Apartment,Semi-Furnished,High,25,63000
Mumbai,3,1081.0,3.0,Apartment,Fully Furnished,Ground,3,68932
Hyderabad,3,1386.0,3.0,Apartment,Unfurnished,Low,18,47257
Mumbai,3,1670.0,3.0,Apartment,Semi-Furnished,High,26,77256
Chennai,1,855.0,1.0,Villa,Semi-Furnished,Low,16,43066
Pune,3,947.0,2.0,Apartment,Fully Furnished,Middle,4,58424
Ahmedabad,1,379.0,1.0,Apartment,Semi-Furnished,High,28,23828
Hyderabad,3,1122.0,3.0,Apartment,Unfurnished,Middle,29,56837
Ahmedabad,3,1327.0,2.0,Apartment,Unfurnished,Ground,23,48471
Ahmedabad,2,1024.0,2.0,Apartment,Unfurnished,High,13,32470
Ahmedabad,4,1904.0,4.0,Studio,Semi-Furnished,High,6,82442
Kolkata,1,350.0,1.0,Independent House,Unfurnished,Ground,2,30106
Bangalore,4,2109.0,3.0,Independent House,Unfurnished,High,4,91838
Mumbai,2,805.0,2.0,Apartment,Unfurnished,High,4,55710
Ahmedabad,2,998.0,2.0,Apartment,Semi-Furnished,Low,7,53344
Mumbai,1,350.0,1.0,Apartment,Fully Furnished,Ground,21,43795
Ahmedabad,4,1827.0,4.0,Villa,Fully Furnished,Middle,2,106426
Hyderabad,1,350.0,1.0,Apartment,Semi-Furnished,High,22,28551
Bangalore,2,1040.0,2.0,Apartment,Semi-Furnished,Middle,0,74289
Bangalore,2,919.0,2.0,Independent House,Semi-Furnished,Low,1,56304
Chennai,3,1202.0,3.0,Independent House,Semi-Furnished,Low,6,52118
Kolkata,2,1048.0,2.0,Apartment,Semi-Furnished,Low,14,38504
Chennai,1,647.0,1.0,Apartment,Semi-Furnished,High,13,33146
Chennai,2,870.0,2.0,Apartment,Fully Furnished,High,12,55732
Chennai,2,1312.0,2.0,Studio,Fully Furnished,Middle,11,52441
Chennai,2,757.0,3.0,Apartment,Fully Furnished,High,28,59465
Chennai,2,782.0,1.0,Apartment,Fully Furnished,Low,17,49094
Pune,3,2266.0,3.0,Apartment,Semi-Furnished,Middle,1,98001
Bangalore,2,1041.0,2.0,Apartment,Unfurnished,High,25,57906
Chennai,2,983.0,2.0,Studio,Fully Furnished,Low,6,57140
Ahmedabad,2,1033.0,1.0,Apartment,Semi-Furnished,High,9,41805
Bangalore,5,2356.0,4.0,Apartment,Semi-Furnished,Middle,19,90958
Bangalore,4,2406.0,4.0,Villa,Semi-Furnished,Middle,24,113287
Delhi,3,1493.0,3.0,Apartment,Semi-Furnished,Ground,22,70726
Pune,2,831.0,2.0,Apartment,Semi-Furnished,High,25,47480
Chennai,1,538.0,1.0,Apartment,Semi-Furnished,High,9,36893
Mumbai,2,1356.0,3.0,Independent House,Unfurnished,Ground,5,66707
Hyderabad,2,1013.0,2.0,Villa,Unfurnished,Middle,3,55418
Kolkata,2,659.0,2.0,Apartment,Unfurnished,Middle,7,39036
Ahmedabad,3,1601.0,3.0,Apartment,Unfurnished,High,12,55608
Mumbai,4,2607.0,4.0,Apartment,Fully Furnished,Ground,4,108126
Pune,4,2411.0,5.0,Apartment,Unfurnished,Middle,7,75733
Hyderabad,2,871.0,3.0,Apartment,Semi-Furnished,Low,27,34348
Pune,3,1338.0,3.0,Apartment,Unfurnished,Middle,7,72677
Ahmedabad,2,979.0,2.0,Apartment,Semi-Furnished,Middle,28,50321
Bangalore,1,354.0,2.0,Independent House,Fully Furnished,Ground,26,37988
Hyderabad,3,1908.0,4.0,Apartment,Unfurnished,Low,8,92726
Bangalore,1,350.0,1.0,Apartment,Semi-Furnished,High,13,31822
Ahmedabad,2,1148.0,1.0,Apartment,Unfurnished,High,28,37308
Mumbai,2,1438.0,3.0,Apartment,Unfurnished,Low,27,64879
Ahmedabad,3,1842.0,4.0,Apartment,Unfurnished,Middle,10,56993
Mumbai,3,1052.0,3.0,Villa,Semi-Furnished,High,24,76522
Hyderabad,2,974.0,2.0,Apartment,Semi-Furnished,Low,22,47032
Hyderabad,3,1624.0,3.0,Apartment,Semi-Furnished,Middle,9,74422
Chennai,2,974.0,2.0,Apartment,Semi-Furnished,Middle,6,50194
Pune,2,1065.0,1.0,Apartment,Fully Furnished,High,12,55111
Chennai,3,1909.0,2.0,Apartment,Unfurnished,Middle,21,77520
Pune,3,2167.0,2.0,Studio,Fully Furnished,Low,8,87414
Chennai,5,2891.0,5.0,Apartment,Semi-Furnished,Low,7,92821
Bangalore,2,682.0,2.0,Apartment,Fully Furnished,Ground,16,48235
Hyderabad,3,1076.0,4.0,Apartment,Semi-Furnished,Middle,23,45694
Mumbai,3,1387.0,3.0,Independent House,Semi-Furnished,Middle,13,78814
Pune,4,2338.0,4.0,Apartment,Semi-Furnished,Ground,17,95611
Ahmedabad,1,866.0,1.0,Apartment,Unfurnished,Ground,8,35948
Pune,3,1797.0,3.0,Apartment,Unfurnished,Low,21,64870
Mumbai,3,1885.0,3.0,Apartment,Semi-Furnished,Middle,20,87346
Chennai,2,949.0,3.0,Apartment,Semi-Furnished,High,22,58431
Pune,2,833.0,1.0,Apartment,Semi-Furnished,Middle,26,40287
Kolkata,2,1421.0,2.0,Apartment,Unfurnished,High,28,48758
Bangalore,3,945.0,4.0,Apartment,Semi-Furnished,Low,14,58086
Hyderabad,4,2211.0,4.0,Apartment,Unfurnished,Low,15,76457
Mumbai,3,1852.0,3.0,Independent House,Semi-Furnished,High,19,83779
Hyderabad,3,1999.0,3.0,Studio,Unfurnished,Middle,8,70530
Kolkata,2,934.0,3.0,Studio,Fully Furnished,Middle,9,60151
Pune,1,350.0,1.0,Apartment,Semi-Furnished,Middle,30,25816
Pune,2,864.0,2.0,Independent House,Fully Furnished,Middle,13,54593
Ahmedabad,2,997.0,2.0,Independent House,Unfurnished,Middle,11,45213
Kolkata,2,724.0,3.0,Apartment,Unfurnished,Middle,7,39545
Mumbai,2,998.0,2.0,Apartment,Unfurnished,Low,16,55014
Ahmedabad,2,885.0,3.0,Apartment,Semi-Furnished,Middle,16,34988
Bangalore,2,1162.0,1.0,Studio,Fully Furnished,Low,18,60184
Ahmedabad,2,659.0,2.0,Apartment,Fully Furnished,Low,23,36674
Delhi,2,623.0,2.0,Apartment,Semi-Furnished,High,23,49375
Mumbai,1,842.0,1.0,Independent House,Unfurnished,Middle,17,47429
Delhi,4,2297.0,4.0,Independent House,Unfurnished,High,12,97587
Kolkata,4,2109.0,4.0,Apartment,Semi-Furnished,Low,16,85010
Chennai,3,1394.0,3.0,Apartment,Semi-Furnished,High,3,57592
Delhi,1,496.0,2.0,Apartment,Semi-Furnished,Middle,29,40121
Bangalore,3,1425.0,2.0,Studio,Semi-Furnished,Low,17,56222
Ahmedabad,3,1504.0,3.0,Apartment,Fully Furnished,High,20,62449
Chennai,3,1742.0,3.0,Apartment,Unfurnished,High,29,71202
Ahmedabad,1,350.0,1.0,Apartment,Fully Furnished,High,27,18039
Delhi,3,2090.0,3.0,Apartment,Unfurnished,Ground,22,77469
Ahmedabad,3,1695.0,3.0,Villa,Semi-Furnished,Ground,9,70098
Kolkata,3,1502.0,4.0,Apartment,Fully Furnished,Low,26,58164
Chennai,3,1412.0,2.0,Apartment,Unfurnished,High,27,47001
Kolkata,2,881.0,2.0,Apartment,Semi-Furnished,High,9,50196
Delhi,2,666.0,2.0,Apartment,Semi-Furnished,Middle,4,48482
Kolkata,1,519.0,2.0,Independent House,Fully Furnished,Middle,0,40693
Bangalore,3,839.0,3.0,Apartment,Unfurnished,Middle,13,52992
Delhi,1,594.0,1.0,Apartment,Fully Furnished,Low,9,50144
Delhi,2,1073.0,1.0,Studio,Fully Furnished,Middle,27,60710
Delhi,2,1033.0,2.0,Apartment,Unfurnished,High,4,50270
Mumbai,2,1250.0,2.0,Apartment,Semi-Furnished,Middle,21,68001
Ahmedabad,1,746.0,1.0,Apartment,Unfurnished,High,8,49998
Mumbai,3,817.0,2.0,Studio,Semi-Furnished,Low,28,59167
Mumbai,3,1808.0,3.0,Apartment,Fully Furnished,Low,16,93852
Bangalore,1,645.0,1.0,Apartment,Unfurnished,Middle,18,28507
Chennai,1,480.0,1.0,Apartment,Unfurnished,Middle,26,20836
Ahmedabad,1,386.0,1.0,Independent House,Fully Furnished,Middle,30,32999
Kolkata,4,1732.0,4.0,Independent House,Semi-Furnished,Middle,4,85838
Pune,2,1053.0,2.0,Apartment,Semi-Furnished,High,0,57629
Delhi,2,533.0,3.0,Studio,Semi-Furnished,High,29,37286
Kolkata,1,350.0,1.0,Apartment,Unfurnished,Low,6,26713
Delhi,3,1530.0,3.0,Apartment,Semi-Furnished,Ground,0,75088
Bangalore,4,2405.0,5.0,Apartment,Fully Furnished,Low,9,119567
Delhi,3,1750.0,4.0,Apartment,Semi-Furnished,Middle,25,75094
Mumbai,3,1740.0,3.0,Apartment,Semi-Furnished,High,30,84777
Ahmedabad,1,490.0,1.0,Studio,Unfurnished,Low,2,19858
Pune,1,350.0,2.0,Apartment,Semi-Furnished,Low,26,26778
Hyderabad,1,523.0,2.0,Villa,Semi-Furnished,Low,16,38218
Delhi,2,707.0,1.0,Apartment,Unfurnished,Low,24,33732
Kolkata,1,642.0,1.0,Villa,Semi-Furnished,Ground,27,40662
Mumbai,2,861.0,1.0,Apartment,Fully Furnished,Low,22,71776
Hyderabad,2,588.0,3.0,Apartment,Unfurnished,Middle,9,39906
Pune,4,2179.0,5.0,Apartment,Semi-Furnished,Low,8,92864
Hyderabad,3,1890.0,3.0,Apartment,Unfurnished,Low,8,64339
Mumbai,3,1571.0,3.0,Studio,Semi-Furnished,Middle,10,75570
Ahmedabad,3,2205.0,2.0,Apartment,Semi-Furnished,Low,12,66843
Ahmedabad,1,798.0,1.0,Apartment,Semi-Furnished,Middle,26,30673
Chennai,3,1132.0,2.0,Apartment,Fully Furnished,Middle,8,68102
Ahmedabad,2,782.0,1.0,Independent House,Semi-Furnished,High,25,46079
Chennai,3,1345.0,3.0,Apartment,Unfurnished,High,20,67896
Hyderabad,2,662.0,2.0,Apartment,Fully Furnished,Low,11,45319
Bangalore,5,1837.0,5.0,Studio,Unfurnished,Low,6,81978
Kolkata,2,1065.0,1.0,Studio,Semi-Furnished,Middle,21,49690
Kolkata,2,916.0,1.0,Independent House,Semi-Furnished,Middle,21,49246
Hyderabad,4,2462.0,3.0,Apartment,Unfurnished,Ground,2,81084
Delhi,1,408.0,1.0,Apartment,Fully Furnished,Low,11,37204
Delhi,3,1777.0,2.0,Independent House,Semi-Furnished,Low,25,75732
Ahmedabad,3,1268.0,3.0,Independent House,Semi-Furnished,Middle,12,61121
Kolkata,3,1488.0,4.0,Villa,Semi-Furnished,Low,21,75534
Kolkata,5,2227.0,,Apartment,Unfurnished,Middle,9,65738
Chennai,5,3321.0,6.0,Apartment,Fully Furnished,Middle,5,125523
Bangalore,1,701.0,1.0,Independent House,Unfurnished,Low,20,33492
Mumbai,3,1121.0,3.0,Villa,Unfurnished,Middle,27,67069
Delhi,3,1044.0,3.0,Apartment,Unfurnished,Middle,19,55838
Kolkata,3,1995.0,3.0,Apartment,Unfurnished,Ground,25,58494
Chennai,1,714.0,2.0,Apartment,Fully Furnished,Low,4,39844
Pune,3,1662.0,3.0,Villa,Fully Furnished,Low,29,74956
Chennai,5,2594.0,6.0,Apartment,Semi-Furnished,Low,22,92914
Delhi,4,1534.0,4.0,Villa,Fully Furnished,High,27,92398
Delhi,2,919.0,3.0,Apartment,Semi-Furnished,Low,12,54658
Chennai,1,506.0,1.0,Apartment,Semi-Furnished,High,19,38817
Mumbai,2,764.0,3.0,Apartment,Fully Furnished,Low,24,57748
Hyderabad,3,1505.0,3.0,Studio,Unfurnished,Middle,19,53400
Delhi,3,1024.0,2.0,Apartment,Unfurnished,Middle,8,52396
Chennai,2,1413.0,2.0,Apartment,Unfurnished,Middle,25,51642
Kolkata,1,469.0,1.0,Apartment,Semi-Furnished,Middle,8,39206
Chennai,2,1066.0,2.0,Apartment,Fully Furnished,Middle,6,48491
Bangalore,2,978.0,3.0,Apartment,Fully Furnished,Low,6,62303
Hyderabad,4,2951.0,4.0,Apartment,Fully Furnished,High,25,115829
Pune,3,1255.0,3.0,Apartment,Semi-Furnished,High,0,68016
Mumbai,2,1017.0,3.0,Apartment,Fully Furnished,Ground,17,79039
Ahmedabad,2,1139.0,2.0,Apartment,Unfurnished,Low,30,31221
Pune,1,843.0,1.0,Villa,Semi-Furnished,Middle,11,60459
Hyderabad,5,2773.0,5.0,Apartment,Semi-Furnished,High,13,110933
Hyderabad,2,843.0,2.0,Apartment,Unfurnished,Middle,14,43450
Hyderabad,2,858.0,3.0,Independent House,Fully Furnished,High,2,59914
Pune,2,1138.0,2.0,Apartment,Semi-Furnished,Low,29,47535
Kolkata,3,1782.0,3.0,Apartment,Semi-Furnished,Low,2,68274
Hyderabad,3,1281.0,3.0,Apartment,Unfurnished,Low,30,47839
Chennai,3,1327.0,3.0,Independent House,Semi-Furnished,Middle,18,58377
Pune,2,676.0,2.0,Apartment,Semi-Furnished,High,8,48576
Ahmedabad,2,1122.0,2.0,Apartment,Semi-Furnished,Low,26,52826
Hyderabad,1,690.0,2.0,Independent House,Unfurnished,Middle,17,41469
Chennai,3,1464.0,3.0,Apartment,Semi-Furnished,High,0,73286
Kolkata,1,350.0,1.0,Apartment,Semi-Furnished,Middle,16,17928
Bangalore,3,2159.0,3.0,Apartment,Semi-Furnished,Middle,21,81105
Kolkata,4,1181.0,5.0,Independent House,Semi-Furnished,Low,11,69153
Ahmedabad,4,1920.0,4.0,Apartment,Unfurnished,Middle,22,65508
Hyderabad,2,868.0,3.0,Apartment,Fully Furnished,High,17,55253
Ahmedabad,2,1041.0,,Independent House,Semi-Furnished,High,1,50195
Pune,1,624.0,1.0,Apartment,Unfurnished,High,23,46008
Delhi,3,1491.0,2.0,Apartment,Unfurnished,Middle,6,72813
Hyderabad,3,1939.0,4.0,Apartment,Unfurnished,Ground,3,71862
Delhi,2,1173.0,1.0,Villa,Unfurnished,Low,22,66095
Chennai,2,1279.0,1.0,Apartment,Semi-Furnished,Ground,28,35577
Bangalore,3,1527.0,3.0,Independent House,Semi-Furnished,Low,3,80250
Mumbai,4,1621.0,4.0,Apartment,Unfurnished,Middle,20,89951
Ahmedabad,2,750.0,1.0,Apartment,Fully Furnished,High,26,53512
Kolkata,2,1268.0,2.0,Apartment,Fully Furnished,Ground,10,65662
Bangalore,2,1302.0,2.0,Apartment,Semi-Furnished,Low,29,54763
Hyderabad,1,350.0,1.0,Apartment,Unfurnished,Middle,30,16661
Delhi,4,1681.0,4.0,Apartment,Fully Furnished,High,23,91170
Kolkata,3,1562.0,3.0,Apartment,Unfurnished,Ground,26,49287
Delhi,3,1387.0,3.0,Apartment,Unfurnished,Low,26,43761
Pune,1,415.0,2.0,Apartment,Semi-Furnished,Middle,3,32943
Delhi,4,2845.0,5.0,Villa,Unfurnished,Low,26,107729
Pune,2,1114.0,2.0,Apartment,Unfurnished,High,22,45301
Chennai,2,706.0,3.0,Studio,Semi-Furnished,Middle,27,29970
Kolkata,2,691.0,2.0,Apartment,Fully Furnished,High,29,46826
Kolkata,1,872.0,1.0,Villa,Fully Furnished,High,14,61056
Mumbai,3,1756.0,3.0,Apartment,Fully Furnished,Low,1,90304
Hyderabad,3,1555.0,4.0,Apartment,Semi-Furnished,Low,1,78245
Pune,2,578.0,1.0,Apartment,Unfurnished,Low,8,50107
Mumbai,2,1089.0,1.0,Apartment,Unfurnished,Middle,25,52322
Delhi,2,1026.0,1.0,Apartment,Semi-Furnished,Ground,12,54052
Delhi,1,599.0,2.0,Apartment,Semi-Furnished,High,14,42200
Mumbai,3,1382.0,4.0,Apartment,Semi-Furnished,Low,28,65377
Kolkata,4,1769.0,5.0,Apartment,Unfurnished,High,23,56766
Delhi,1,907.0,1.0,Apartment,Semi-Furnished,Middle,18,44390
Ahmedabad,1,542.0,1.0,Apartment,Semi-Furnished,Middle,6,23201
Chennai,3,1407.0,3.0,Independent House,Fully Furnished,Middle,16,71421
Chennai,3,,3.0,Apartment,Fully Furnished,High,15,73049
Ahmedabad,2,1223.0,2.0,Villa,Semi-Furnished,Low,3,63944
Mumbai,2,1096.0,3.0,Villa,Semi-Furnished,Low,3,86525
Ahmedabad,3,1519.0,4.0,Apartment,Unfurnished,Low,7,47274
Pune,2,834.0,2.0,Apartment,Unfurnished,Middle,29,41340
Pune,1,523.0,2.0,Villa,Unfurnished,Ground,19,41151
Mumbai,3,1690.0,2.0,Apartment,Unfurnished,Middle,10,78874
Ahmedabad,3,1561.0,3.0,Villa,Semi-Furnished,Middle,8,81021
Pune,3,1793.0,3.0,Apartment,Fully Furnished,Middle,29,69710
Kolkata,3,1499.0,3.0,Apartment,Semi-Furnished,Low,25,52342
Ahmedabad,3,1160.0,4.0,Apartment,Semi-Furnished,High,22,55474
Kolkata,2,1162.0,2.0,Apartment,Semi-Furnished,Low,13,47534
Pune,2,385.0,2.0,Apartment,Semi-Furnished,Middle,9,41076
Chennai,1,700.0,1.0,Apartment,Unfurnished,Low,26,20378
Pune,1,631.0,1.0,Apartment,Unfurnished,High,15,34800
Kolkata,3,1145.0,3.0,Apartment,Fully Furnished,Low,13,58688
Bangalore,4,2580.0,4.0,Apartment,Semi-Furnished,High,20,110791
Hyderabad,5,2142.0,6.0,Apartment,Unfurnished,Middle,23,67957
Delhi,3,1342.0,3.0,Villa,Semi-Furnished,Low,19,83001
Ahmedabad,2,729.0,2.0,Independent House,Semi-Furnished,Middle,29,46755
Bangalore,1,699.0,,Villa,Fully Furnished,Middle,28,66743
Pune,3,,2.0,Apartment,Unfurnished,Middle,9,49111
Chennai,3,2010.0,3.0,Apartment,Semi-Furnished,High,26,60266
Mumbai,3,1752.0,3.0,Villa,Fully Furnished,Middle,21,97489
Pune,3,1467.0,3.0,Apartment,Fully Furnished,Low,20,75403
Chennai,3,1589.0,2.0,Apartment,Semi-Furnished,Ground,25,61879
Hyderabad,3,1276.0,2.0,Apartment,Semi-Furnished,High,18,49258
Pune,1,350.0,1.0,Villa,Fully Furnished,Middle,7,46016
Kolkata,3,1326.0,3.0,Apartment,Semi-Furnished,Middle,5,65048
Mumbai,4,2162.0,4.0,Apartment,Fully Furnished,Ground,19,93932
Chennai,2,1030.0,3.0,Independent House,Semi-Furnished,Middle,29,54740
Chennai,3,1484.0,3.0,Apartment,Fully Furnished,Middle,0,61576
Chennai,2,895.0,3.0,Villa,Fully Furnished,Middle,15,69011
Hyderabad,4,2311.0,5.0,Apartment,Semi-Furnished,High,25,90018
Pune,1,622.0,1.0,Independent House,Unfurnished,Middle,0,37021
Hyderabad,3,1470.0,3.0,Apartment,Unfurnished,High,2,69853
Ahmedabad,1,535.0,1.0,Apartment,Fully Furnished,Low,7,40665
Delhi,3,1559.0,3.0,Apartment,Unfurnished,High,7,70617
Delhi,1,857.0,1.0,Apartment,Fully Furnished,Middle,1,58853
Ahmedabad,2,982.0,2.0,Apartment,Unfurnished,Low,27,35274
Pune,2,908.0,2.0,Apartment,Fully Furnished,Middle,30,54829
Kolkata,4,1188.0,4.0,Apartment,Fully Furnished,Middle,11,65072
Hyderabad,2,1329.0,2.0,Independent House,Fully Furnished,Middle,15,71111
Mumbai,1,436.0,1.0,Apartment,Unfurnished,Low,10,46163
Chennai,3,2120.0,4.0,Independent House,Fully Furnished,Middle,16,78810
Chennai,2,903.0,3.0,Apartment,Semi-Furnished,Low,13,56328
Pune,4,2398.0,4.0,Studio,Unfurnished,Low,4,75927
Kolkata,1,604.0,1.0,Apartment,Fully Furnished,High,27,36196
Delhi,3,1346.0,4.0,Apartment,Unfurnished,Low,0,56165
Delhi,2,1192.0,2.0,Studio,Unfurnished,High,7,63810
Chennai,1,716.0,1.0,Villa,Semi-Furnished,Middle,8,52057
Pune,3,1745.0,4.0,Apartment,Semi-Furnished,Low,1,72174
Hyderabad,3,1747.0,3.0,Apartment,Fully Furnished,High,12,76649
Delhi,3,1398.0,3.0,Independent House,Unfurnished,Middle,10,70566
Hyderabad,2,995.0,2.0,Apartment,Unfurnished,Low,15,51649
Kolkata,2,1131.0,2.0,Apartment,Fully Furnished,Low,3,54988
Delhi,2,813.0,1.0,Independent House,Unfurnished,Middle,21,44739
Delhi,5,2199.0,5.0,Villa,Unfurnished,Low,6,98578
Bangalore,2,1580.0,3.0,Apartment,Fully Furnished,High,20,72993
Delhi,2,933.0,1.0,Apartment,Semi-Furnished,Low,16,45986
Ahmedabad,2,1189.0,2.0,Apartment,Unfurnished,High,6,41848
Mumbai,3,1908.0,4.0,Apartment,Fully Furnished,Middle,22,87473
Ahmedabad,2,941.0,2.0,Apartment,Fully Furnished,High,20,44405
Pune,4,1798.0,3.0,Apartment,Fully Furnished,Ground,1,77195
Pune,2,1187.0,3.0,Studio,Unfurnished,Low,17,57226
Hyderabad,4,1979.0,4.0,Villa,Unfurnished,Middle,8,77255
Ahmedabad,1,1059.0,1.0,Apartment,Semi-Furnished,High,8,43591
Ahmedabad,3,1282.0,2.0,Studio,Semi-Furnished,Low,10,48454
Ahmedabad,4,1912.0,4.0,Apartment,Semi-Furnished,High,3,70869
Kolkata,1,350.0,1.0,Studio,Fully Furnished,Ground,3,26877
Delhi,5,2931.0,5.0,Apartment,Unfurnished,Middle,22,119120
Mumbai,2,928.0,1.0,Apartment,Semi-Furnished,Ground,4,60469
Hyderabad,4,1967.0,3.0,Apartment,Fully Furnished,Low,27,77830
Ahmedabad,3,1502.0,2.0,Apartment,Semi-Furnished,High,16,75183
Ahmedabad,2,820.0,3.0,Independent House,Semi-Furnished,Ground,4,46577
Bangalore,2,746.0,2.0,Apartment,Semi-Furnished,Middle,3,48186
Hyderabad,2,983.0,2.0,Apartment,Unfurnished,Ground,2,52938
Ahmedabad,1,502.0,1.0,Apartment,Semi-Furnished,High,0,42677
Hyderabad,1,367.0,1.0,Independent House,Unfurnished,High,24,38167
Delhi,1,549.0,1.0,Apartment,Unfurnished,Middle,19,46508
Bangalore,2,1130.0,2.0,Apartment,Fully Furnished,High,2,66123
Hyderabad,3,1311.0,3.0,Apartment,Unfurnished,Middle,7,59394
Mumbai,1,695.0,1.0,Apartment,Semi-Furnished,Middle,22,50046
Mumbai,1,518.0,1.0,Independent House,Fully Furnished,Middle,5,54633
Pune,3,1004.0,2.0,Apartment,Unfurnished,Middle,26,46454
Bangalore,2,1276.0,3.0,Independent House,Semi-Furnished,Low,21,66885
Bangalore,1,435.0,1.0,Apartment,Semi-Furnished,Ground,1,36600
Pune,1,399.0,1.0,Apartment,Semi-Furnished,Ground,24,27735
Hyderabad,4,1555.0,4.0,Studio,Unfurnished,Middle,0,78281
Bangalore,3,1810.0,3.0,Villa,Unfurnished,Low,19,88469
Mumbai,2,1073.0,2.0,Apartment,Unfurnished,High,3,69708
Mumbai,3,1352.0,4.0,Studio,Unfurnished,Low,26,73307
Ahmedabad,2,725.0,2.0,Independent House,Semi-Furnished,Ground,8,48819
Delhi,3,1522.0,3.0,Apartment,Fully Furnished,Low,11,86535
Bangalore,3,1488.0,3.0,Apartment,Semi-Furnished,Middle,18,76467
Hyderabad,3,1500.0,3.0,Apartment,Unfurnished,Middle,24,66218
Pune,2,972.0,3.0,Independent House,Fully Furnished,Middle,13,75104
Pune,1,662.0,1.0,Apartment,Semi-Furnished,Ground,17,34808
Hyderabad,2,895.0,3.0,Apartment,Semi-Furnished,High,16,46581
Kolkata,4,1965.0,4.0,Apartment,Semi-Furnished,High,22,58783
Chennai,3,1959.0,3.0,Apartment,Fully Furnished,Low,17,71758
Delhi,3,1050.0,3.0,Apartment,Semi-Furnished,Middle,16,45494
Pune,5,,6.0,Studio,Semi-Furnished,Low,26,103485
Bangalore,1,677.0,1.0,Apartment,Fully Furnished,Low,8,54825
Delhi,3,1802.0,3.0,Studio,Semi-Furnished,Low,11,76357
Bangalore,3,1610.0,2.0,Independent House,Unfurnished,Middle,23,73480
Kolkata,5,1905.0,5.0,Apartment,Fully Furnished,High,18,80443
Mumbai,5,2712.0,5.0,Villa,Unfurnished,High,14,115863
Delhi,3,1618.0,3.0,Apartment,Semi-Furnished,Low,17,63880
Ahmedabad,2,1167.0,2.0,Villa,Semi-Furnished,Middle,16,66055
Pune,3,1501.0,4.0,Independent House,Unfurnished,Low,13,62987
Delhi,1,426.0,1.0,Villa,Fully Furnished,Middle,9,57843
Delhi,3,1232.0,3.0,Apartment,Semi-Furnished,Middle,19,65806
Delhi,4,2087.0,3.0,Independent House,Semi-Furnished,High,21,88161
Chennai,2,1221.0,2.0,Apartment,Semi-Furnished,High,26,49850
Delhi,3,1705.0,3.0,Apartment,Semi-Furnished,Ground,1,68005
Bangalore,2,1388.0,2.0,Villa,Unfurnished,Middle,15,74137
Mumbai,2,842.0,2.0,Villa,Unfurnished,Middle,5,77737
Kolkata,2,,2.0,Apartment,Fully Furnished,Middle,4,53888
Hyderabad,3,1860.0,3.0,Apartment,Semi-Furnished,Low,29,66573
Delhi,4,2460.0,4.0,Apartment,Semi-Furnished,Ground,0,92620
Pune,4,1522.0,3.0,Apartment,Semi-Furnished,High,25,64708
Delhi,1,787.0,1.0,Villa,Unfurnished,Low,6,48814
Pune,4,1641.0,5.0,Apartment,Fully Furnished,High,6,72096
Bangalore,3,1953.0,2.0,Apartment,Fully Furnished,Ground,12,82765
Pune,2,1112.0,2.0,Apartment,Fully Furnished,Middle,4,62157
Ahmedabad,1,1182.0,1.0,Apartment,Fully Furnished,Middle,19,39770
Hyderabad,2,1585.0,2.0,Apartment,Semi-Furnished,Low,17,71759
Mumbai,4,1951.0,3.0,Apartment,Semi-Furnished,High,27,79828
Pune,3,1671.0,3.0,Apartment,Semi-Furnished,Middle,22,50815
Pune,3,1672.0,4.0,Apartment,Fully Furnished,Low,7,86506
Mumbai,2,1234.0,3.0,Apartment,Fully Furnished,High,14,63233
Hyderabad,3,1515.0,4.0,Apartment,Semi-Furnished,High,15,66346
Delhi,1,700.0,1.0,Apartment,Semi-Furnished,Low,8,47391
Pune,2,1097.0,1.0,Independent House,Fully Furnished,High,15,66108
Mumbai,3,1108.0,3.0,Apartment,Semi-Furnished,High,5,73112
Ahmedabad,1,496.0,1.0,Apartment,Fully Furnished,Low,10,37886
Ahmedabad,3,1866.0,3.0,Apartment,Semi-Furnished,Low,12,62574
Bangalore,2,1091.0,1.0,Independent House,Semi-Furnished,Middle,1,75074
Mumbai,3,1703.0,2.0,Apartment,Semi-Furnished,High,16,85363
Bangalore,2,942.0,2.0,Studio,Unfurnished,Middle,1,57509
Ahmedabad,3,867.0,4.0,Apartment,Unfurnished,Middle,30,41592
Hyderabad,1,734.0,2.0,Independent House,Unfurnished,Ground,12,35119
Delhi,1,540.0,2.0,Independent House,Unfurnished,High,18,36820
Mumbai,4,2742.0,5.0,Apartment,Semi-Furnished,Ground,0,122354
Kolkata,2,666.0,1.0,Studio,Semi-Furnished,Low,4,35353
Ahmedabad,3,1984.0,4.0,Apartment,Unfurnished,Middle,22,62602
Ahmedabad,5,2220.0,4.0,Apartment,Unfurnished,Middle,24,70154
Kolkata,2,1280.0,2.0,Apartment,Semi-Furnished,Ground,15,48158
Chennai,2,1667.0,2.0,Independent House,Semi-Furnished,Ground,5,72157
Ahmedabad,3,1520.0,3.0,Apartment,Unfurnished,Low,13,48569
Pune,5,2611.0,5.0,Apartment,Semi-Furnished,Ground,7,99564
Hyderabad,4,2247.0,3.0,Apartment,Unfurnished,High,17,82651
Mumbai,2,1218.0,3.0,Apartment,Semi-Furnished,Low,28,57328
Kolkata,3,1552.0,3.0,Apartment,Unfurnished,High,28,51062
Pune,1,350.0,1.0,Apartment,Unfurnished,High,4,33323
Kolkata,5,2542.0,4.0,Apartment,Unfurnished,Middle,10,94353
Mumbai,5,1363.0,5.0,Apartment,Semi-Furnished,Middle,12,86675
Bangalore,1,438.0,1.0,Villa,Semi-Furnished,Middle,8,48636
Mumbai,2,963.0,2.0,Studio,Unfurnished,Middle,14,57997
Chennai,1,350.0,2.0,Apartment,Semi-Furnished,High,12,32803
Mumbai,2,940.0,2.0,Villa,Fully Furnished,High,22,81151
Mumbai,3,1186.0,4.0,Apartment,Unfurnished,Low,22,71891
Chennai,2,1426.0,3.0,Apartment,Semi-Furnished,Ground,2,64976
Hyderabad,1,350.0,1.0,Apartment,Semi-Furnished,Low,2,30672
Ahmedabad,2,1085.0,2.0,Independent House,Unfurnished,Low,14,48351
Mumbai,5,2097.0,4.0,Apartment,Semi-Furnished,High,29,78611
Chennai,3,1696.0,3.0,Apartment,Semi-Furnished,Low,17,67240
Pune,2,1430.0,2.0,Villa,Semi-Furnished,Low,24,62469
Bangalore,1,515.0,1.0,Studio,Fully Furnished,Middle,19,43770
Bangalore,5,3095.0,5.0,Apartment,Semi-Furnished,Low,8,120399
Mumbai,3,1557.0,4.0,Independent House,Semi-Furnished,Low,15,87559
Hyderabad,2,1214.0,1.0,Apartment,Semi-Furnished,Ground,19,53495
Hyderabad,1,350.0,2.0,Apartment,Fully Furnished,Ground,23,32951
Pune,1,565.0,2.0,Apartment,Semi-Furnished,Middle,16,26244
Mumbai,1,465.0,1.0,Apartment,Semi-Furnished,High,12,46726
Bangalore,3,1660.0,3.0,Apartment,Semi-Furnished,High,11,84272
Hyderabad,4,2354.0,4.0,Apartment,Semi-Furnished,Middle,0,77570
Mumbai,2,1220.0,3.0,Apartment,Semi-Furnished,Middle,30,59232
Kolkata,4,2205.0,4.0,Apartment,Fully Furnished,Low,5,90003
Hyderabad,2,439.0,3.0,Apartment,Fully Furnished,Low,29,37374
Chennai,3,918.0,3.0,Apartment,Semi-Furnished,Middle,5,56037
Kolkata,3,2182.0,2.0,Villa,Fully Furnished,High,15,95939
Ahmedabad,1,869.0,1.0,Apartment,Fully Furnished,Middle,22,45838
Hyderabad,2,665.0,2.0,Independent House,Fully Furnished,Low,13,49468
Bangalore,3,1900.0,2.0,Apartment,Unfurnished,High,6,89556
Delhi,1,471.0,2.0,Apartment,Unfurnished,Middle,25,31479
Kolkata,2,829.0,3.0,Apartment,Semi-Furnished,Ground,2,40037
Ahmedabad,2,1160.0,2.0,Villa,Semi-Furnished,Middle,24,51200
Pune,5,3382.0,5.0,Apartment,Unfurnished,Middle,24,90945
Pune,2,1248.0,2.0,Villa,Semi-Furnished,High,2,74761
Bangalore,3,1737.0,4.0,Apartment,Semi-Furnished,High,14,87800
Hyderabad,2,911.0,3.0,Studio,Semi-Furnished,Ground,27,42582
Mumbai,3,1470.0,3.0,Studio,Semi-Furnished,Middle,6,80465
Hyderabad,3,1130.0,3.0,Villa,Unfurnished,Middle,3,75440
Bangalore,4,1907.0,4.0,Apartment,Fully Furnished,Low,5,84222
Pune,2,1027.0,2.0,Apartment,Semi-Furnished,Low,12,60933
Hyderabad,3,1219.0,3.0,Apartment,Unfurnished,Low,21,46965
Pune,3,1679.0,2.0,Independent House,Semi-Furnished,Middle,20,76699
Kolkata,2,741.0,2.0,Apartment,Unfurnished,Low,21,23413
Ahmedabad,1,586.0,1.0,Apartment,Semi-Furnished,Middle,29,20544
Mumbai,1,665.0,1.0,Independent House,Semi-Furnished,Low,6,56379
Kolkata,1,350.0,1.0,Apartment,Unfurnished,Low,12,23601
Pune,4,2032.0,3.0,Apartment,Semi-Furnished,High,17,86579
Pune,2,769.0,1.0,Apartment,Semi-Furnished,Middle,10,52612
Delhi,2,472.0,2.0,Villa,Unfurnished,Middle,6,48816
Delhi,3,1321.0,4.0,Apartment,Fully Furnished,Low,22,67972
Kolkata,2,644.0,2.0,Studio,Semi-Furnished,Low,11,23924
Chennai,2,1220.0,2.0,Studio,Fully Furnished,Low,6,50718
Kolkata,1,590.0,1.0,Apartment,Semi-Furnished,Ground,9,36782
Delhi,4,2275.0,5.0,Apartment,Semi-Furnished,Middle,13,79318
Pune,4,2271.0,5.0,Apartment,Fully Furnished,Low,4,95819
Bangalore,4,2057.0,3.0,Villa,Semi-Furnished,Low,29,88144
Kolkata,2,959.0,2.0,Apartment,Semi-Furnished,Low,18,38877
Pune,3,1382.0,3.0,Apartment,Unfurnished,Ground,4,58615
Bangalore,1,475.0,1.0,Apartment,Unfurnished,Middle,0,43580
Bangalore,1,391.0,2.0,Apartment,Semi-Furnished,Middle,29,35033
Delhi,1,350.0,1.0,Apartment,Semi-Furnished,High,20,32325
Kolkata,3,1930.0,3.0,Apartment,Semi-Furnished,Low,13,77755
Hyderabad,2,722.0,2.0,Apartment,Fully Furnished,Middle,2,60486
Mumbai,2,925.0,3.0,Apartment,Fully Furnished,Ground,6,71297
Delhi,1,385.0,1.0,Studio,Unfurnished,Middle,29,26304
Delhi,2,1125.0,2.0,Apartment,Semi-Furnished,Middle,27,60187
Hyderabad,3,1498.0,3.0,Villa,Semi-Furnished,Ground,26,58261
Mumbai,2,1122.0,2.0,Apartment,Unfurnished,Middle,3,75851
Pune,3,1577.0,3.0,Apartment,Semi-Furnished,Middle,5,67829
Chennai,2,1128.0,2.0,Apartment,Fully Furnished,Low,21,41404
Kolkata,3,1381.0,3.0,Villa,Unfurnished,Middle,10,71503
Chennai,3,2290.0,3.0,Apartment,Semi-Furnished,Ground,10,87143
Pune,2,1065.0,3.0,Independent House,Semi-Furnished,High,3,56751
Ahmedabad,2,910.0,2.0,Studio,Semi-Furnished,Middle,15,31648
Delhi,3,1360.0,3.0,Apartment,Fully Furnished,Ground,16,73347
Mumbai,3,1444.0,4.0,Apartment,Semi-Furnished,High,18,77655
Delhi,2,1143.0,3.0,Apartment,Unfurnished,Low,2,57152
Bangalore,2,1162.0,2.0,Independent House,Unfurnished,High,5,70317
Delhi,4,1964.0,4.0,Apartment,Unfurnished,Low,25,85357
Delhi,3,1171.0,2.0,Apartment,Semi-Furnished,Ground,23,58960
Pune,2,1374.0,3.0,Independent House,Semi-Furnished,Middle,30,58906
Pune,2,1420.0,1.0,Apartment,Semi-Furnished,High,15,66819
Pune,2,710.0,3.0,Apartment,Semi-Furnished,Ground,12,35293
Chennai,3,1314.0,3.0,Apartment,Unfurnished,Middle,1,74560
Bangalore,2,1623.0,2.0,Studio,Semi-Furnished,Ground,21,79003
Ahmedabad,5,2843.0,4.0,Apartment,Unfurnished,High,6,99567
Ahmedabad,2,652.0,2.0,Apartment,Semi-Furnished,Middle,30,35360
Pune,2,1014.0,2.0,Apartment,Fully Furnished,High,26,49373
Mumbai,3,1654.0,3.0,Villa,Semi-Furnished,Low,26,90611
Chennai,4,2539.0,4.0,Apartment,Unfurnished,High,18,101026
Hyderabad,3,1565.0,3.0,Apartment,Semi-Furnished,Low,0,62940
Mumbai,2,1203.0,2.0,Studio,Semi-Furnished,Low,1,54385
Kolkata,3,1699.0,4.0,Apartment,Fully Furnished,High,20,59462
Kolkata,3,1197.0,3.0,Independent House,Fully Furnished,Low,16,58771
Mumbai,2,1259.0,2.0,Apartment,Semi-Furnished,Middle,19,59461
Pune,2,950.0,2.0,Apartment,Unfurnished,Middle,14,60050
Hyderabad,2,883.0,3.0,Apartment,Unfurnished,Low,21,45181
Hyderabad,2,1123.0,3.0,Studio,Unfurnished,Low,26,31807
Chennai,4,1890.0,5.0,Apartment,Unfurnished,Low,0,74140
Hyderabad,2,786.0,2.0,Apartment,Fully Furnished,High,5,46488
Kolkata,4,2236.0,4.0,Villa,Semi-Furnished,Low,29,77128
Bangalore,2,877.0,3.0,Studio,Semi-Furnished,Low,11,51525
Pune,3,1914.0,3.0,Apartment,Semi-Furnished,Middle,23,79116
Hyderabad,2,947.0,3.0,Apartment,Fully Furnished,Middle,26,48314
Chennai,1,602.0,1.0,Apartment,Unfurnished,Middle,16,31658
Kolkata,2,848.0,1.0,Independent House,Semi-Furnished,Middle,7,48854
Bangalore,1,614.0,1.0,Apartment,Semi-Furnished,Middle,23,45678
Delhi,3,1499.0,3.0,Independent House,Semi-Furnished,Low,26,54662
Delhi,2,917.0,2.0,Apartment,Semi-Furnished,Middle,17,57546
Bangalore,3,2132.0,3.0,Apartment,Unfurnished,Ground,18,84892
Kolkata,2,933.0,1.0,Apartment,Fully Furnished,High,21,44065
Chennai,1,455.0,1.0,Apartment,Semi-Furnished,Middle,14,34904
Bangalore,2,787.0,2.0,Apartment,Unfurnished,Low,23,45994
Pune,4,2086.0,3.0,Independent House,Semi-Furnished,Low,12,99828
Pune,3,2176.0,2.0,Apartment,Fully Furnished,Low,20,92700
Delhi,2,981.0,2.0,Independent House,Fully Furnished,High,26,54423
Hyderabad,2,692.0,2.0,Villa,Unfurnished,High,15,42925
Chennai,1,678.0,1.0,Apartment,Semi-Furnished,Low,24,34720
Delhi,5,3299.0,5.0,Apartment,Semi-Furnished,Middle,14,125734
Hyderabad,3,1375.0,3.0,Independent House,Unfurnished,High,13,59516
Hyderabad,2,998.0,2.0,Apartment,Fully Furnished,Middle,3,51148
Ahmedabad,3,1560.0,2.0,Apartment,Unfurnished,Middle,19,66916
Pune,1,855.0,1.0,Villa,Semi-Furnished,Low,23,49348
Kolkata,5,1995.0,6.0,Apartment,Fully Furnished,High,12,89635
Mumbai,1,624.0,1.0,Villa,Semi-Furnished,High,4,67111
Kolkata,3,1361.0,3.0,Apartment,Unfurnished,Low,7,54726
Mumbai,2,724.0,2.0,Apartment,Fully Furnished,Middle,0,54029
Bangalore,3,2512.0,3.0,Independent House,Semi-Furnished,Ground,25,102004
Pune,3,1206.0,3.0,Apartment,Semi-Furnished,Middle,12,67105
Hyderabad,3,1755.0,3.0,Villa,Semi-Furnished,Ground,4,89168
Chennai,3,1219.0,3.0,Apartment,Semi-Furnished,High,7,73646
Mumbai,4,1724.0,3.0,Studio,Semi-Furnished,High,23,81529
Kolkata,1,350.0,1.0,Independent House,Semi-Furnished,Low,6,27957
Hyderabad,2,1039.0,2.0,Apartment,Semi-Furnished,Middle,18,47631
Mumbai,2,951.0,2.0,Independent House,Unfurnished,Middle,9,72765
Mumbai,5,2179.0,5.0,Apartment,Unfurnished,High,9,103941
Ahmedabad,2,1434.0,2.0,Villa,Unfurnished,Ground,6,56098
Mumbai,3,1744.0,3.0,Apartment,Unfurnished,Middle,28,83520
Chennai,3,1263.0,4.0,Studio,Unfurnished,Low,18,63324
Pune,2,1409.0,2.0,Apartment,Unfurnished,Low,30,51032
Chennai,2,774.0,3.0,Apartment,Semi-Furnished,Low,21,41730
Delhi,2,925.0,1.0,Apartment,Semi-Furnished,Middle,13,48820
Hyderabad,2,960.0,1.0,Apartment,Fully Furnished,Low,24,55749
Pune,2,1031.0,2.0,Apartment,Semi-Furnished,Middle,7,61924
Ahmedabad,1,350.0,,Apartment,Unfurnished,Low,3,28722
Pune,4,1913.0,4.0,Apartment,Semi-Furnished,Low,14,84437
Pune,5,3456.0,6.0,Apartment,Semi-Furnished,High,4,128739
Kolkata,2,1204.0,1.0,Studio,Unfurnished,Low,3,47803
Pune,2,1272.0,1.0,Apartment,Semi-Furnished,Ground,11,49542
Ahmedabad,1,560.0,1.0,Apartment,Fully Furnished,High,5,40326
Chennai,3,1571.0,3.0,Studio,Unfurnished,Low,27,50492
Pune,3,1814.0,3.0,Apartment,Semi-Furnished,High,29,68405
Bangalore,1,350.0,1.0,Apartment,Fully Furnished,Middle,7,44748
Hyderabad,1,682.0,1.0,Independent House,Fully Furnished,High,5,65830
Pune,3,934.0,3.0,Apartment,Unfurnished,Middle,4,45522
Hyderabad,3,1815.0,3.0,Apartment,Fully Furnished,Low,8,86605
Bangalore,1,973.0,1.0,Apartment,Unfurnished,Ground,22,51524
Bangalore,3,1204.0,3.0,Apartment,Fully Furnished,High,25,72661
Hyderabad,2,1317.0,3.0,Apartment,Unfurnished,High,18,55596
Mumbai,2,437.0,1.0,Apartment,Unfurnished,Low,9,48709
Delhi,3,1740.0,3.0,Independent House,Unfurnished,High,10,83466
Kolkata,3,1685.0,2.0,Independent House,Semi-Furnished,High,17,74060
Mumbai,2,1032.0,3.0,Apartment,Semi-Furnished,Low,30,66722
Mumbai,4,1427.0,4.0,Apartment,Semi-Furnished,Low,20,78662
Chennai,2,837.0,1.0,Apartment,Semi-Furnished,Low,4,40299
Kolkata,3,1859.0,3.0,Apartment,Semi-Furnished,High,27,73538
Kolkata,2,1407.0,3.0,Villa,Fully Furnished,Middle,10,73301
Mumbai,4,2640.0,4.0,Apartment,Unfurnished,High,21,89360
Pune,4,2490.0,4.0,Studio,Unfurnished,Ground,16,78744
Chennai,1,816.0,1.0,Apartment,Semi-Furnished,High,30,31346
Chennai,4,3076.0,4.0,Studio,Unfurnished,Middle,20,113432
Bangalore,3,1913.0,3.0,Independent House,Unfurnished,Low,22,78401
Ahmedabad,3,1456.0,3.0,Apartment,Fully Furnished,Middle,10,64811
Kolkata,2,688.0,3.0,Apartment,Unfurnished,High,28,28215
Mumbai,3,1067.0,3.0,Apartment,Semi-Furnished,Low,15,74375
Bangalore,4,2481.0,5.0,Apartment,Unfurnished,Middle,8,102487
Hyderabad,2,1328.0,1.0,Apartment,Fully Furnished,Middle,18,53636
Delhi,4,1701.0,4.0,Apartment,Unfurnished,Middle,22,79156
Ahmedabad,1,350.0,1.0,Independent House,Semi-Furnished,Middle,6,38934
Ahmedabad,1,382.0,1.0,Apartment,Fully Furnished,High,22,30187
Ahmedabad,2,1264.0,1.0,Apartment,Unfurnished,High,19,42547
Chennai,3,1129.0,4.0,Studio,Unfurnished,Middle,2,50218
Hyderabad,3,1472.0,4.0,Apartment,Semi-Furnished,Middle,16,56964
Ahmedabad,1,817.0,1.0,Independent House,Semi-Furnished,Low,5,42893
Hyderabad,5,2354.0,5.0,Apartment,Semi-Furnished,Low,19,97604
Pune,1,524.0,1.0,Apartment,Semi-Furnished,High,14,34595
Ahmedabad,1,827.0,2.0,Apartment,Fully Furnished,Ground,13,37678
Delhi,1,421.0,1.0,Apartment,Semi-Furnished,Low,29,41896
Hyderabad,3,1472.0,3.0,Apartment,Unfurnished,Low,23,70525
Hyderabad,4,1936.0,3.0,Apartment,Fully Furnished,Ground,5,79081
Delhi,3,1541.0,3.0,Apartment,Unfurnished,Middle,30,80420
Ahmedabad,3,1224.0,3.0,Apartment,Semi-Furnished,High,15,53223
Delhi,1,557.0,1.0,Apartment,Unfurnished,Ground,28,40900
Hyderabad,2,1029.0,2.0,Apartment,Fully Furnished,Low,21,58807
Delhi,2,1225.0,2.0,Apartment,Semi-Furnished,High,7,66143
Hyderabad,2,1077.0,1.0,Studio,Semi-Furnished,Middle,27,38442
Hyderabad,1,901.0,1.0,Apartment,Semi-Furnished,High,14,50380
Pune,3,1404.0,3.0,Villa,Fully Furnished,High,20,68170
Mumbai,2,1220.0,2.0,Apartment,Fully Furnished,High,7,71552
Hyderabad,3,1868.0,4.0,Apartment,Semi-Furnished,Low,0,63596
Ahmedabad,2,543.0,3.0,Apartment,Semi-Furnished,Low,29,33451
Bangalore,1,561.0,1.0,Apartment,Unfurnished,Middle,25,27814
Chennai,3,1557.0,4.0,Apartment,Semi-Furnished,Middle,1,65942
Kolkata,1,350.0,1.0,Apartment,Unfurnished,Middle,23,19548
Mumbai,4,2328.0,4.0,Apartment,Semi-Furnished,Middle,16,106541
Mumbai,3,1572.0,4.0,Apartment,Semi-Furnished,Middle,4,86154
Mumbai,1,350.0,1.0,Apartment,Unfurnished,Low,11,33316
Pune,5,2202.0,6.0,Studio,Unfurnished,Middle,4,84244
Hyderabad,2,787.0,1.0,Apartment,Fully Furnished,Low,1,45563
Pune,1,656.0,2.0,Apartment,Semi-Furnished,Low,13,44731
Hyderabad,3,1635.0,3.0,Apartment,Semi-Furnished,Middle,11,82682
Ahmedabad,2,737.0,2.0,Apartment,Semi-Furnished,Middle,30,32432
Pune,3,1410.0,4.0,Apartment,Semi-Furnished,Middle,26,52888
Pune,3,1693.0,3.0,Studio,Fully Furnished,Middle,1,68175
Chennai,5,3257.0,4.0,Apartment,Unfurnished,Middle,16,109440
Bangalore,2,971.0,2.0,Apartment,Fully Furnished,Middle,3,70812
Pune,2,560.0,2.0,Apartment,Unfurnished,Ground,12,39559
Chennai,3,1346.0,2.0,Apartment,Fully Furnished,Middle,5,76750
Delhi,1,835.0,2.0,Apartment,Fully Furnished,Middle,2,65373
Bangalore,2,1154.0,1.0,Apartment,Semi-Furnished,Middle,25,53428
Ahmedabad,2,1717.0,1.0,Apartment,Fully Furnished,Ground,3,68655
Pune,1,483.0,1.0,Apartment,Semi-Furnished,Middle,7,44064
Kolkata,2,1257.0,1.0,Independent House,Unfurnished,Middle,1,60985
Mumbai,4,1679.0,4.0,Apartment,Fully Furnished,Low,8,82965
Delhi,4,1454.0,4.0,Apartment,Unfurnished,High,9,69402
Delhi,1,539.0,1.0,Apartment,Semi-Furnished,High,21,32525
Ahmedabad,1,802.0,2.0,Apartment,Semi-Furnished,Low,28,35562
Chennai,2,1545.0,2.0,Villa,Semi-Furnished,Middle,12,76860
Delhi,4,1890.0,4.0,Apartment,Fully Furnished,Middle,24,91044
Bangalore,1,523.0,1.0,Apartment,Unfurnished,Low,16,36310
Pune,3,1387.0,2.0,Apartment,Semi-Furnished,Middle,26,50219
Pune,1,350.0,1.0,Apartment,Semi-Furnished,Middle,3,34354
Kolkata,3,1792.0,3.0,Apartment,Fully Furnished,High,22,77988
Ahmedabad,2,1090.0,3.0,Apartment,Unfurnished,Middle,9,47929
Mumbai,3,1601.0,3.0,Apartment,Unfurnished,Middle,24,90650
Chennai,2,772.0,2.0,Apartment,Unfurnished,Middle,11,50569
Mumbai,3,2081.0,2.0,Apartment,Fully Furnished,Ground,16,86234
Delhi,2,846.0,2.0,Villa,Unfurnished,Low,0,67160
Ahmedabad,3,1907.0,3.0,Apartment,Semi-Furnished,Ground,2,66304
Kolkata,4,1642.0,4.0,Independent House,Fully Furnished,Ground,29,65394
Mumbai,1,530.0,1.0,Apartment,Unfurnished,Ground,5,46207
Bangalore,4,2059.0,4.0,Studio,Fully Furnished,Ground,29,72249
Pune,3,1795.0,2.0,Independent House,Unfurnished,High,4,70197
Delhi,1,571.0,1.0,Apartment,Fully Furnished,Middle,11,53026
Kolkata,2,993.0,2.0,Villa,Fully Furnished,Middle,10,72317
Mumbai,1,408.0,1.0,Independent House,Semi-Furnished,Low,20,44156
Chennai,3,1727.0,3.0,Apartment,Semi-Furnished,High,8,74869
Bangalore,3,,3.0,Studio,Semi-Furnished,Ground,14,74899
Bangalore,1,629.0,1.0,Apartment,Semi-Furnished,Low,13,37179
Mumbai,2,1070.0,3.0,Apartment,Semi-Furnished,Low,18,68907
Pune,3,1401.0,3.0,Villa,Fully Furnished,Low,12,91558
Mumbai,4,1828.0,4.0,Independent House,Unfurnished,Low,20,86690
Delhi,2,774.0,3.0,Apartment,Fully Furnished,Middle,30,56319
Mumbai,4,2269.0,4.0,Apartment,Unfurnished,Ground,6,88040
Bangalore,2,999.0,2.0,Apartment,Semi-Furnished,High,10,50465
Kolkata,2,1094.0,1.0,Apartment,Unfurnished,Ground,1,47223
Mumbai,4,2542.0,4.0,Apartment,Fully Furnished,High,29,123981
Pune,2,707.0,2.0,Apartment,Semi-Furnished,High,22,41135
Ahmedabad,2,1238.0,2.0,Independent House,Semi-Furnished,Middle,26,56657
Kolkata,2,1049.0,2.0,Apartment,Unfurnished,Low,0,38231
Chennai,4,2082.0,4.0,Apartment,Semi-Furnished,High,6,104504
Hyderabad,3,1487.0,2.0,Apartment,Unfurnished,Middle,1,64180
Mumbai,2,1090.0,2.0,Studio,Unfurnished,Middle,22,57314
Pune,2,903.0,2.0,Apartment,Unfurnished,Low,30,46184
Kolkata,2,855.0,2.0,Apartment,Fully Furnished,Middle,18,44511
Pune,3,1478.0,4.0,Apartment,Semi-Furnished,Middle,28,70031
Chennai,2,1407.0,2.0,Independent House,Semi-Furnished,Middle,13,71743
Bangalore,3,1884.0,4.0,Apartment,Fully Furnished,High,27,87639
Pune,2,722.0,1.0,Studio,Semi-Furnished,High,10,38472
Kolkata,2,838.0,1.0,Apartment,Semi-Furnished,High,4,50115
Pune,1,350.0,1.0,Apartment,Semi-Furnished,High,10,34774
Pune,2,1422.0,2.0,Independent House,Unfurnished,High,13,66948
Pune,4,2211.0,5.0,Apartment,Semi-Furnished,Middle,8,94014
Delhi,2,849.0,2.0,Apartment,Fully Furnished,Ground,0,49201
Delhi,1,350.0,1.0,Apartment,Fully Furnished,Middle,28,43233
Bangalore,2,1353.0,2.0,Villa,Semi-Furnished,Middle,5,83091
Mumbai,2,992.0,2.0,Apartment,Unfurnished,Middle,6,54468
Pune,1,648.0,1.0,Independent House,Semi-Furnished,Low,12,48431
Chennai,2,1148.0,2.0,Studio,Unfurnished,High,9,29695
Mumbai,2,794.0,1.0,Apartment,Unfurnished,Low,24,58724
Chennai,2,589.0,2.0,Apartment,Unfurnished,High,19,38553
Mumbai,2,845.0,2.0,Apartment,Unfurnished,High,8,45429
Bangalore,2,1408.0,1.0,Apartment,Unfurnished,High,16,53167
Pune,5,1977.0,5.0,Apartment,Semi-Furnished,Low,3,92338
Pune,2,1566.0,2.0,Apartment,Unfurnished,Low,13,61333
Hyderabad,2,1197.0,1.0,Apartment,Unfurnished,High,5,58358
Chennai,2,819.0,3.0,Independent House,Unfurnished,Middle,22,53583
Mumbai,2,951.0,2.0,Apartment,Semi-Furnished,Middle,0,59792
Mumbai,3,2186.0,2.0,Apartment,Semi-Furnished,High,10,99585
Ahmedabad,2,1115.0,3.0,Villa,Semi-Furnished,Middle,10,62814
Ahmedabad,3,1601.0,3.0,Villa,Fully Furnished,Low,16,69926
Delhi,1,763.0,1.0,Apartment,Fully Furnished,Middle,24,50878
Hyderabad,2,1129.0,1.0,Studio,Semi-Furnished,Middle,27,41038
Kolkata,3,1479.0,3.0,Studio,Fully Furnished,Low,6,70973
Ahmedabad,2,859.0,2.0,Villa,Unfurnished,Low,8,48680
Kolkata,3,1225.0,4.0,Apartment,Unfurnished,Low,15,49334
Delhi,2,624.0,2.0,Apartment,Semi-Furnished,High,20,48447
Delhi,3,1546.0,2.0,Apartment,Unfurnished,Low,26,48454
Delhi,1,398.0,1.0,Villa,Semi-Furnished,Middle,8,45557
Chennai,4,1172.0,5.0,Villa,Semi-Furnished,Low,4,64808
Chennai,2,1020.0,3.0,Independent House,Unfurnished,High,5,56041
Bangalore,4,1910.0,5.0,Apartment,Unfurnished,Low,7,73799
Bangalore,2,1419.0,2.0,Apartment,Semi-Furnished,Low,8,63955
Delhi,3,1727.0,3.0,Apartment,Unfurnished,Middle,25,77603
Hyderabad,2,677.0,1.0,Independent House,Semi-Furnished,Low,12,45261
Mumbai,4,1368.0,3.0,Studio,Fully Furnished,Low,2,85052
Chennai,1,374.0,1.0,Apartment,Semi-Furnished,Middle,26,27625
Hyderabad,1,475.0,1.0,Apartment,Semi-Furnished,Middle,17,33560
Pune,2,1385.0,1.0,Independent House,Semi-Furnished,Ground,4,76443
Chennai,1,411.0,1.0,Apartment,Semi-Furnished,Middle,21,34719
Chennai,2,1033.0,2.0,Independent House,Semi-Furnished,High,28,42119
Bangalore,4,1577.0,4.0,Apartment,Semi-Furnished,Middle,23,77975
Mumbai,5,2789.0,6.0,Apartment,Fully Furnished,Middle,19,121709
Mumbai,2,1120.0,1.0,Independent House,Fully Furnished,Middle,0,84945
Ahmedabad,4,1303.0,4.0,Apartment,Semi-Furnished,Middle,12,58858
Kolkata,2,835.0,2.0,Apartment,Semi-Furnished,Ground,19,40990
Kolkata,2,1152.0,2.0,Apartment,Semi-Furnished,High,25,44024
Kolkata,3,1633.0,3.0,Apartment,Unfurnished,High,23,60849
Kolkata,3,1539.0,4.0,Apartment,Fully Furnished,Middle,17,53609
Pune,5,3213.0,5.0,Apartment,Unfurnished,High,9,101133
Pune,2,959.0,2.0,Independent House,Unfurnished,Middle,23,57228
Chennai,3,1999.0,4.0,Apartment,Semi-Furnished,Ground,19,83752
Delhi,1,570.0,1.0,Independent House,Semi-Furnished,Middle,26,45579
Bangalore,1,,2.0,Villa,Semi-Furnished,Low,17,48540
Bangalore,1,415.0,1.0,Apartment,Semi-Furnished,Low,27,28871
Kolkata,5,2927.0,6.0,Apartment,Fully Furnished,Middle,3,127741
Chennai,3,1710.0,3.0,Apartment,Semi-Furnished,Middle,0,63119
Ahmedabad,3,967.0,3.0,Independent House,Semi-Furnished,Low,25,53486
Hyderabad,2,1554.0,2.0,Villa,Semi-Furnished,Middle,30,64637
Delhi,2,427.0,2.0,Apartment,Semi-Furnished,High,6,43239
Chennai,1,535.0,2.0,Independent House,Semi-Furnished,Middle,14,35370
Delhi,2,1024.0,1.0,Apartment,Semi-Furnished,Low,13,53570
Delhi,2,850.0,3.0,Apartment,Unfurnished,Middle,2,53262
Delhi,3,1644.0,3.0,Apartment,Unfurnished,High,19,63097
Chennai,2,1150.0,2.0,Apartment,Semi-Furnished,Low,18,57744
Kolkata,1,350.0,1.0,Apartment,Semi-Furnished,Ground,7,31732
Bangalore,1,747.0,1.0,Apartment,Semi-Furnished,High,30,44502
Bangalore,1,592.0,1.0,Studio,Fully Furnished,Middle,18,45724
Kolkata,2,822.0,2.0,Apartment,Semi-Furnished,High,22,35180
Delhi,4,2607.0,4.0,Apartment,Unfurnished,Middle,17,89549
Hyderabad,3,1169.0,3.0,Studio,Unfurnished,Low,30,44027
Mumbai,3,1509.0,3.0,Apartment,Unfurnished,Middle,25,78617
Chennai,2,1117.0,2.0,Apartment,Unfurnished,Ground,24,46074
Mumbai,2,641.0,2.0,Apartment,Unfurnished,Low,13,52142
Ahmedabad,1,647.0,2.0,Apartment,Semi-Furnished,High,5,42055
Kolkata,4,2257.0,3.0,Villa,Fully Furnished,Middle,18,109445
Hyderabad,3,1546.0,4.0,Apartment,Fully Furnished,Middle,26,70081
Chennai,1,788.0,1.0,Studio,Semi-Furnished,High,11,45944
Kolkata,2,1004.0,1.0,Apartment,Semi-Furnished,Low,27,50876
Delhi,2,1282.0,2.0,Apartment,Semi-Furnished,Middle,14,70429
Bangalore,3,2123.0,3.0,Independent House,Unfurnished,Middle,29,88062
Mumbai,4,2469.0,4.0,Apartment,Fully Furnished,High,23,122207
Pune,3,1638.0,3.0,Apartment,Unfurnished,Low,23,71447
Pune,2,810.0,2.0,Villa,Fully Furnished,Middle,21,57425
Hyderabad,1,790.0,2.0,Apartment,Semi-Furnished,Ground,3,53992
Delhi,1,350.0,1.0,Apartment,Unfurnished,Middle,18,32743
Ahmedabad,2,739.0,2.0,Independent House,Unfurnished,Middle,24,48066
Mumbai,1,452.0,1.0,Apartment,Semi-Furnished,High,4,52797
Delhi,3,1160.0,3.0,Apartment,Unfurnished,Low,3,54546
Mumbai,3,1931.0,3.0,Apartment,Semi-Furnished,Middle,28,85931
Hyderabad,1,661.0,1.0,Apartment,Unfurnished,Ground,8,31138
Hyderabad,3,918.0,3.0,Apartment,,Low,22,52681
Ahmedabad,1,554.0,2.0,Studio,Semi-Furnished,High,18,30851
Pune,2,749.0,2.0,Apartment,Semi-Furnished,High,5,42003
Delhi,2,796.0,3.0,Studio,Unfurnished,Ground,7,40866
Chennai,2,994.0,2.0,Independent House,Fully Furnished,Low,20,48491
Pune,2,1075.0,2.0,Apartment,Semi-Furnished,Low,1,47609
Delhi,2,1103.0,2.0,Apartment,Semi-Furnished,Middle,7,56881
Pune,2,1186.0,3.0,Apartment,Semi-Furnished,Low,10,62242
Chennai,5,1661.0,4.0,Villa,Fully Furnished,High,1,87082
Bangalore,1,916.0,1.0,Apartment,Semi-Furnished,Low,13,51918
Bangalore,1,350.0,1.0,Apartment,Unfurnished,Low,16,21347
Ahmedabad,1,577.0,1.0,Studio,Semi-Furnished,High,4,35115
Bangalore,3,1567.0,3.0,Independent House,Semi-Furnished,Middle,4,86323
Bangalore,1,642.0,2.0,Independent House,Unfurnished,High,0,52172
Kolkata,3,1451.0,4.0,Apartment,Semi-Furnished,High,5,76067
Mumbai,2,1438.0,3.0,Apartment,Fully Furnished,High,6,82305
Kolkata,2,1197.0,2.0,Apartment,Semi-Furnished,Middle,24,47336
Kolkata,3,1083.0,3.0,Apartment,Fully Furnished,Low,26,52584
Ahmedabad,1,613.0,1.0,Apartment,Semi-Furnished,Middle,13,42065
Kolkata,2,1165.0,1.0,Villa,Unfurnished,Middle,13,45689
Bangalore,2,427.0,2.0,Apartment,Semi-Furnished,High,15,37755
Chennai,3,1339.0,4.0,Apartment,Fully Furnished,Low,8,74411
Ahmedabad,2,906.0,2.0,Apartment,Unfurnished,Middle,27,36365
Ahmedabad,1,650.0,2.0,Apartment,Unfurnished,Middle,17,26288
Hyderabad,5,2411.0,5.0,Apartment,Unfurnished,Low,23,89412
Ahmedabad,1,602.0,2.0,Villa,Fully Furnished,Low,30,40383
Hyderabad,3,1135.0,3.0,Apartment,Semi-Furnished,High,8,64928
Ahmedabad,3,1354.0,4.0,Apartment,Unfurnished,High,3,53819
Mumbai,2,1685.0,2.0,Apartment,Fully Furnished,Low,6,94223
Bangalore,1,350.0,2.0,Apartment,Semi-Furnished,Middle,4,38148
Ahmedabad,1,350.0,1.0,Studio,Fully Furnished,Middle,16,31955
Bangalore,3,1093.0,3.0,Apartment,Semi-Furnished,High,9,71884
Bangalore,3,1845.0,4.0,Independent House,Semi-Furnished,Low,23,93263
Pune,3,1679.0,4.0,Apartment,Unfurnished,Middle,1,72998
Ahmedabad,4,1767.0,4.0,Apartment,Unfurnished,High,2,77651
Delhi,3,1420.0,3.0,Apartment,Semi-Furnished,Ground,20,77720
Pune,1,350.0,1.0,Apartment,Semi-Furnished,High,6,34060
Delhi,2,1255.0,2.0,Apartment,Semi-Furnished,High,4,63295
Bangalore,4,2969.0,5.0,Apartment,Fully Furnished,High,9,126210
Bangalore,2,,3.0,Apartment,Fully Furnished,Ground,3,63939
Pune,1,378.0,2.0,Apartment,Semi-Furnished,Low,1,35036
Pune,3,1556.0,4.0,Apartment,Unfurnished,Middle,16,54688
Delhi,2,1108.0,2.0,Studio,Unfurnished,High,18,41919
Hyderabad,4,1669.0,4.0,Apartment,,High,21,55592
Delhi,3,1668.0,3.0,Apartment,Fully Furnished,Middle,8,75517
Pune,1,934.0,1.0,Apartment,Semi-Furnished,Middle,28,54506
Chennai,4,1811.0,5.0,Apartment,Semi-Furnished,Low,24,74731
Pune,2,897.0,3.0,Apartment,Unfurnished,Middle,20,34448
Chennai,2,1331.0,1.0,Apartment,Semi-Furnished,Low,18,67644
Mumbai,2,1192.0,2.0,Villa,Semi-Furnished,High,28,79354
Pune,1,906.0,1.0,Studio,Unfurnished,Middle,2,38566
Mumbai,2,1628.0,3.0,Apartment,Semi-Furnished,Middle,6,86076
Hyderabad,1,434.0,,Apartment,Unfurnished,Middle,11,34324
Delhi,2,1005.0,3.0,Apartment,Unfurnished,Middle,22,46227
Chennai,2,1204.0,1.0,Apartment,Unfurnished,High,11,47528
Delhi,3,1265.0,2.0,Apartment,Fully Furnished,High,18,55107
Mumbai,3,1498.0,3.0,Apartment,Unfurnished,Low,25,73863
Chennai,1,864.0,1.0,Villa,Semi-Furnished,Low,6,60047
Delhi,2,678.0,2.0,Villa,Unfurnished,Ground,30,51782
Pune,2,981.0,2.0,Studio,Semi-Furnished,Ground,7,49223
Bangalore,1,769.0,1.0,Independent House,Unfurnished,High,2,48249
Mumbai,3,1792.0,3.0,Independent House,Fully Furnished,Low,4,91790
Delhi,3,1481.0,3.0,Apartment,Semi-Furnished,High,27,74270
Mumbai,2,1053.0,2.0,Villa,Fully Furnished,High,29,76264
Kolkata,2,770.0,2.0,Apartment,Semi-Furnished,Low,27,38444
Mumbai,1,730.0,1.0,Apartment,Unfurnished,Middle,30,43611
Chennai,3,1784.0,2.0,Apartment,Semi-Furnished,Middle,26,73696
Kolkata,1,640.0,1.0,Apartment,Unfurnished,High,25,25345
Ahmedabad,5,3561.0,6.0,Apartment,Fully Furnished,Low,26,117409
Chennai,3,1217.0,3.0,Apartment,Unfurnished,High,28,46749
Bangalore,2,1018.0,3.0,Apartment,Unfurnished,High,12,55735
Kolkata,3,1654.0,3.0,Apartment,Semi-Furnished,Middle,23,64455
Ahmedabad,4,1475.0,4.0,Apartment,Unfurnished,Low,22,54895
Pune,2,938.0,1.0,Apartment,Unfurnished,Low,0,47412
Mumbai,1,422.0,1.0,Apartment,Semi-Furnished,High,17,51514
Delhi,2,1127.0,2.0,Apartment,Unfurnished,Low,27,50492
Hyderabad,4,2738.0,4.0,Studio,Unfurnished,Middle,21,91307
Mumbai,3,1367.0,3.0,Independent House,Semi-Furnished,Low,14,83522
Ahmedabad,3,1681.0,3.0,Apartment,Unfurnished,High,12,84047
Mumbai,4,2399.0,5.0,Apartment,Semi-Furnished,Middle,7,113118
Bangalore,4,2729.0,,Independent House,Semi-Furnished,High,4,113312
Pune,4,2982.0,4.0,Studio,Fully Furnished,High,6,88490
Hyderabad,1,517.0,1.0,Apartment,Fully Furnished,Middle,25,36165
Kolkata,2,852.0,2.0,Apartment,Unfurnished,High,14,42668
Kolkata,3,1334.0,3.0,Apartment,Fully Furnished,Ground,6,48923
Kolkata,3,1731.0,2.0,Apartment,Fully Furnished,Low,2,76673
Ahmedabad,3,1701.0,4.0,Apartment,Semi-Furnished,Middle,16,68346
Chennai,1,372.0,1.0,Apartment,Semi-Furnished,Middle,21,37504
Chennai,3,1730.0,4.0,Apartment,Fully Furnished,High,20,79811
Delhi,3,1119.0,2.0,Apartment,Semi-Furnished,High,8,51865
Hyderabad,1,537.0,1.0,Villa,Semi-Furnished,Middle,27,45829
Kolkata,2,859.0,3.0,Independent House,Semi-Furnished,High,0,50705
Chennai,1,670.0,2.0,Independent House,Unfurnished,Low,14,42139
Ahmedabad,2,1009.0,2.0,Apartment,Semi-Furnished,Low,20,39174
Delhi,1,569.0,1.0,Apartment,Unfurnished,Middle,29,30119
Pune,2,1329.0,3.0,Villa,Unfurnished,Low,2,78636
Delhi,2,1244.0,3.0,Apartment,Fully Furnished,Low,5,70568
Chennai,3,1145.0,2.0,Apartment,Semi-Furnished,Low,30,38535
Bangalore,3,1534.0,2.0,Apartment,Semi-Furnished,Middle,4,84429
Ahmedabad,3,1550.0,3.0,Studio,Unfurnished,Ground,3,52389
Bangalore,2,883.0,2.0,Apartment,Unfurnished,High,23,53017
Kolkata,1,766.0,2.0,Independent House,Semi-Furnished,Middle,24,38708
Bangalore,4,1866.0,3.0,Apartment,Fully Furnished,Low,10,92185
Kolkata,1,577.0,2.0,Apartment,Fully Furnished,Ground,29,39498
Kolkata,5,3296.0,5.0,Villa,Fully Furnished,High,10,109454
Chennai,4,1804.0,4.0,Independent House,Fully Furnished,Middle,13,84621
Bangalore,2,1237.0,3.0,Apartment,Fully Furnished,Middle,24,70598
Kolkata,5,3070.0,5.0,Independent House,Semi-Furnished,Middle,16,126152
Hyderabad,1,411.0,1.0,Apartment,Unfurnished,Middle,24,28543
Pune,2,761.0,3.0,Apartment,Fully Furnished,Middle,19,39226
Delhi,3,1696.0,3.0,Apartment,Fully Furnished,Middle,26,80783
Delhi,2,1326.0,2.0,Apartment,Semi-Furnished,Middle,28,57262
Chennai,4,1794.0,3.0,Apartment,Unfurnished,High,19,62023
Bangalore,1,589.0,1.0,Apartment,Unfurnished,Low,8,49199
Bangalore,2,961.0,2.0,Apartment,Semi-Furnished,Low,0,51331
Kolkata,3,1782.0,4.0,Independent House,Semi-Furnished,High,13,83804
Ahmedabad,3,957.0,3.0,Apartment,Unfurnished,Low,4,40635
Mumbai,2,1283.0,1.0,Independent House,Fully Furnished,Middle,29,81849
Kolkata,2,1062.0,3.0,Villa,Semi-Furnished,High,23,69509
Pune,4,2045.0,4.0,Apartment,Semi-Furnished,Ground,20,75933
Hyderabad,2,492.0,1.0,Independent House,Semi-Furnished,Low,7,41526
Delhi,3,1134.0,4.0,Apartment,Unfurnished,Middle,4,65697
Kolkata,3,1567.0,4.0,Independent House,Fully Furnished,Middle,1,83878
Mumbai,3,1324.0,3.0,Independent House,Unfurnished,Ground,27,64167
Mumbai,3,1492.0,2.0,Apartment,Semi-Furnished,Middle,1,82510
Kolkata,2,1402.0,2.0,Apartment,Semi-Furnished,Ground,23,50528
Chennai,3,2005.0,2.0,Studio,Unfurnished,Low,12,76815
Delhi,4,2425.0,3.0,Villa,Semi-Furnished,Middle,18,96847
Chennai,2,900.0,2.0,Apartment,Unfurnished,Low,27,34989
Hyderabad,5,3815.0,5.0,Apartment,Fully Furnished,Middle,17,127437
Mumbai,2,904.0,2.0,Apartment,Fully Furnished,High,14,60798
Mumbai,1,652.0,1.0,Apartment,Fully Furnished,Low,13,49198
Pune,2,1025.0,2.0,Apartment,Fully Furnished,Low,29,59972
Hyderabad,4,1317.0,3.0,Studio,Fully Furnished,High,0,66654
Mumbai,2,1178.0,2.0,Apartment,Semi-Furnished,Middle,19,62318
Hyderabad,4,1940.0,4.0,Independent House,Fully Furnished,High,10,97487
Delhi,4,1572.0,4.0,Apartment,Unfurnished,High,18,68617
Bangalore,2,853.0,2.0,Independent House,Unfurnished,Middle,28,40343
Mumbai,1,350.0,1.0,Apartment,Unfurnished,High,28,32844
Pune,3,1793.0,2.0,Apartment,Unfurnished,Low,7,69138
Delhi,2,350.0,3.0,Apartment,Unfurnished,Middle,0,40313
Kolkata,3,1965.0,4.0,Apartment,Semi-Furnished,Middle,29,73878
Hyderabad,2,718.0,1.0,Villa,Semi-Furnished,Middle,10,47057
Kolkata,2,727.0,2.0,Studio,Semi-Furnished,Low,20,30370
Chennai,3,1908.0,3.0,Apartment,Semi-Furnished,High,9,78436
Delhi,2,1431.0,2.0,Apartment,Fully Furnished,High,5,80639
Kolkata,2,1280.0,3.0,Apartment,Fully Furnished,Low,12,55340
Ahmedabad,2,762.0,3.0,Independent House,Semi-Furnished,Middle,30,43623
Ahmedabad,2,1211.0,2.0,Villa,Unfurnished,Low,0,56657
Mumbai,2,971.0,2.0,Apartment,Semi-Furnished,Low,8,65391
Hyderabad,3,1703.0,2.0,Independent House,Semi-Furnished,Middle,17,69270
Bangalore,2,1066.0,2.0,Apartment,Unfurnished,Middle,19,67849
Delhi,2,486.0,2.0,Independent House,Unfurnished,Middle,22,46544
Mumbai,3,1726.0,3.0,Apartment,Unfurnished,Middle,10,82827
Pune,2,940.0,1.0,Apartment,Fully Furnished,Middle,24,45229
Chennai,2,1266.0,2.0,Apartment,Semi-Furnished,Ground,15,59050
Hyderabad,4,2603.0,4.0,Apartment,Semi-Furnished,Low,2,102230
Delhi,3,1236.0,3.0,Apartment,Fully Furnished,Middle,9,67779
Ahmedabad,3,1791.0,3.0,Villa,Fully Furnished,Middle,1,82078
Delhi,3,1479.0,3.0,Apartment,Semi-Furnished,Middle,27,73650
Bangalore,1,350.0,1.0,Apartment,Semi-Furnished,Middle,7,37695
Ahmedabad,3,1664.0,3.0,Independent House,Unfurnished,High,29,62881
Bangalore,2,1388.0,2.0,Independent House,Semi-Furnished,Middle,24,66373
Pune,2,,2.0,Apartment,Semi-Furnished,High,17,43224
Chennai,2,1206.0,2.0,Apartment,Unfurnished,Ground,28,54754
Pune,1,350.0,2.0,Apartment,Unfurnished,Middle,26,27135
Mumbai,2,943.0,1.0,Apartment,Fully Furnished,Low,2,79369
Mumbai,4,1584.0,4.0,Apartment,Unfurnished,Middle,5,79478
Pune,2,1523.0,2.0,Independent House,Fully Furnished,High,12,79852
Chennai,2,646.0,2.0,Apartment,Unfurnished,Ground,18,29989
Pune,1,381.0,1.0,Apartment,Semi-Furnished,Ground,13,37058
Chennai,1,486.0,1.0,Studio,Semi-Furnished,Middle,21,33705
Chennai,3,2188.0,2.0,Studio,Unfurnished,Low,12,68819
Kolkata,2,882.0,2.0,Apartment,Semi-Furnished,Low,14,46266
Ahmedabad,2,1199.0,3.0,Apartment,Semi-Furnished,High,21,46620
Hyderabad,2,1071.0,2.0,Apartment,Fully Furnished,Ground,18,45372
Chennai,3,1344.0,3.0,Apartment,Fully Furnished,Low,17,65965
Bangalore,1,838.0,2.0,Independent House,Fully Furnished,Low,11,61594
Chennai,2,1360.0,2.0,Villa,Unfurnished,High,7,53832
Chennai,2,1072.0,3.0,Apartment,Unfurnished,Middle,13,47181
Chennai,2,1036.0,3.0,Apartment,Unfurnished,Low,22,43453
Kolkata,2,1250.0,2.0,Independent House,Fully Furnished,Low,24,51491
Ahmedabad,3,875.0,4.0,Independent House,Semi-Furnished,Low,0,60220
Kolkata,3,1516.0,3.0,Studio,Unfurnished,Ground,0,66177
Mumbai,3,2402.0,4.0,Independent House,Semi-Furnished,High,0,118541
Kolkata,2,1093.0,2.0,Apartment,Fully Furnished,Ground,16,53494
Bangalore,1,769.0,1.0,Apartment,Semi-Furnished,High,20,42629
Bangalore,2,1034.0,2.0,Apartment,Fully Furnished,Low,17,62150
Kolkata,5,2526.0,6.0,Apartment,Fully Furnished,High,19,108970
Ahmedabad,3,1721.0,2.0,Apartment,Semi-Furnished,Middle,24,58643
Pune,3,1764.0,4.0,Apartment,Fully Furnished,Low,14,79726
Hyderabad,1,547.0,1.0,Apartment,Semi-Furnished,Low,18,29596
Ahmedabad,2,1323.0,3.0,Studio,Semi-Furnished,Low,30,45178
Kolkata,1,417.0,1.0,Apartment,Semi-Furnished,Low,29,17392
Chennai,3,1706.0,3.0,Villa,Unfurnished,High,26,70801
Delhi,4,2091.0,3.0,Apartment,Semi-Furnished,Low,27,81906
Hyderabad,5,2117.0,4.0,Villa,Fully Furnished,Low,23,92710
Hyderabad,2,715.0,3.0,Apartment,Fully Furnished,Low,29,52646
Bangalore,2,919.0,2.0,Apartment,Fully Furnished,High,8,63561
Hyderabad,4,2043.0,4.0,Apartment,Fully Furnished,Middle,24,89654
Kolkata,3,1998.0,2.0,Apartment,Semi-Furnished,Low,1,85436
Chennai,1,669.0,1.0,Apartment,Unfurnished,High,7,33998
Chennai,2,1428.0,2.0,Independent House,Semi-Furnished,Middle,7,71464
Mumbai,2,1146.0,1.0,Apartment,Unfurnished,High,14,71325
Chennai,2,1577.0,2.0,Villa,Unfurnished,Low,10,58676
Ahmedabad,2,1108.0,2.0,Studio,Unfurnished,High,14,32473
Chennai,3,1182.0,4.0,Independent House,Unfurnished,High,18,51200
Bangalore,2,1081.0,3.0,Villa,Semi-Furnished,Middle,28,68048
Chennai,1,371.0,1.0,Apartment,Fully Furnished,Middle,29,25732
Mumbai,2,720.0,1.0,Apartment,Fully Furnished,Low,10,64102
Delhi,3,967.0,3.0,Apartment,Unfurnished,Middle,0,58906
Kolkata,3,2102.0,3.0,Apartment,Fully Furnished,Low,16,87941
Bangalore,2,1044.0,2.0,Apartment,Fully Furnished,Middle,10,69917
Ahmedabad,4,2345.0,3.0,Villa,Unfurnished,Middle,28,76726
Delhi,4,2126.0,4.0,Apartment,Semi-Furnished,Middle,30,86978
Bangalore,2,935.0,2.0,Apartment,Semi-Furnished,Middle,13,46793
Pune,1,629.0,2.0,Apartment,Semi-Furnished,Middle,11,44708
Hyderabad,3,1465.0,3.0,Apartment,Fully Furnished,Ground,29,63255
Pune,3,1123.0,2.0,Apartment,Semi-Furnished,Ground,26,47560
Chennai,5,2939.0,4.0,Apartment,Unfurnished,Middle,11,106102
Delhi,4,1470.0,4.0,Apartment,Semi-Furnished,High,26,69864
Chennai,3,2649.0,2.0,Independent House,Semi-Furnished,Low,3,90754
Hyderabad,2,1575.0,2.0,Apartment,Fully Furnished,Middle,14,72757
Bangalore,1,468.0,1.0,Apartment,Semi-Furnished,Middle,8,52439
Hyderabad,2,956.0,2.0,Studio,Fully Furnished,Low,30,48317
Mumbai,2,1226.0,1.0,Apartment,Unfurnished,Ground,24,58574
Hyderabad,3,1533.0,4.0,Independent House,Semi-Furnished,Middle,27,81646
Mumbai,2,1418.0,2.0,Villa,Semi-Furnished,Low,14,77660
Hyderabad,3,1454.0,3.0,Apartment,Fully Furnished,Low,1,76944
Kolkata,2,1096.0,2.0,Apartment,Fully Furnished,Middle,29,47523
Mumbai,3,1594.0,3.0,Apartment,Unfurnished,Middle,15,56466
Delhi,1,682.0,1.0,Apartment,Unfurnished,Low,22,37243
Chennai,2,1308.0,3.0,Apartment,Unfurnished,Low,0,46398
Ahmedabad,3,1571.0,3.0,Apartment,Semi-Furnished,High,29,63518
Chennai,3,905.0,4.0,Independent House,Semi-Furnished,Ground,28,51974
Pune,5,3267.0,5.0,Apartment,Fully Furnished,High,15,119460
Chennai,2,1318.0,3.0,Apartment,Fully Furnished,Middle,14,53456
Bangalore,2,1184.0,3.0,Apartment,Fully Furnished,Middle,20,66909
Kolkata,2,903.0,2.0,Apartment,Unfurnished,Low,27,42128
Hyderabad,2,1085.0,3.0,Apartment,Fully Furnished,Ground,13,56374
Pune,4,3372.0,4.0,Apartment,Unfurnished,Ground,25,109371
Bangalore,3,1276.0,3.0,Studio,Semi-Furnished,Low,20,58639
Bangalore,4,1750.0,4.0,Apartment,Unfurnished,Middle,23,75138
Mumbai,2,745.0,2.0,Apartment,Unfurnished,High,24,60521
Chennai,4,1935.0,4.0,Apartment,Unfurnished,High,2,92831
Delhi,1,704.0,2.0,Apartment,Semi-Furnished,High,5,56012
Ahmedabad,4,1987.0,4.0,Apartment,Unfurnished,Ground,10,67231
Delhi,2,978.0,2.0,Apartment,Unfurnished,Low,6,53416
Pune,2,1521.0,2.0,Independent House,Semi-Furnished,High,30,64607
Kolkata,2,1610.0,2.0,Apartment,Semi-Furnished,High,21,53120
Delhi,4,2115.0,5.0,Studio,Unfurnished,Low,24,88064
Hyderabad,1,350.0,,Villa,Semi-Furnished,Middle,13,44510
Delhi,2,1047.0,3.0,Apartment,Semi-Furnished,Middle,9,59153
Pune,4,2502.0,3.0,Villa,Unfurnished,Ground,3,94303
Ahmedabad,2,1381.0,2.0,Villa,Fully Furnished,High,0,85446
Delhi,2,534.0,3.0,Independent House,Fully Furnished,High,26,42512
Hyderabad,2,1155.0,2.0,Apartment,Unfurnished,High,3,47985
Mumbai,2,702.0,3.0,Studio,Semi-Furnished,Low,25,38556
Kolkata,4,1415.0,3.0,Independent House,Semi-Furnished,High,21,73061
Pune,3,1330.0,3.0,Apartment,Semi-Furnished,Middle,28,60992
Mumbai,2,874.0,2.0,Apartment,Fully Furnished,High,14,69812
Mumbai,5,3761.0,5.0,Apartment,Semi-Furnished,High,5,148211
Mumbai,2,,2.0,Apartment,Fully Furnished,High,18,62312
Bangalore,1,706.0,1.0,Apartment,Unfurnished,Middle,17,37434
Kolkata,2,576.0,3.0,Apartment,Semi-Furnished,High,23,47252
Ahmedabad,2,786.0,2.0,Apartment,Fully Furnished,Low,24,50051
Chennai,1,608.0,1.0,Apartment,Fully Furnished,Low,25,35532
Kolkata,4,1995.0,5.0,Apartment,Semi-Furnished,Middle,9,72541
Bangalore,3,1442.0,2.0,Independent House,Unfurnished,High,3,70877
Chennai,2,1091.0,2.0,Independent House,Semi-Furnished,Ground,15,48249
Kolkata,3,1633.0,3.0,Apartment,Semi-Furnished,High,18,73154
Mumbai,3,2210.0,3.0,Apartment,Semi-Furnished,High,10,80690
Pune,4,2045.0,3.0,Independent House,Unfurnished,Middle,9,72931
Chennai,4,2113.0,5.0,Apartment,Semi-Furnished,Low,15,77454
Hyderabad,2,,1.0,Apartment,Fully Furnished,Middle,14,56720
Hyderabad,3,2073.0,3.0,Studio,Semi-Furnished,Low,16,74041
Delhi,3,1629.0,4.0,Apartment,Semi-Furnished,Low,1,79051
Chennai,2,1066.0,2.0,Apartment,Unfurnished,Middle,13,53888
Pune,1,601.0,1.0,Apartment,Unfurnished,Low,7,32407
Ahmedabad,1,386.0,1.0,Independent House,Semi-Furnished,Middle,21,33275
Bangalore,2,1592.0,2.0,Apartment,Semi-Furnished,Middle,21,76896
Mumbai,2,1083.0,2.0,Apartment,Unfurnished,Low,14,71889
Delhi,1,719.0,1.0,Apartment,Fully Furnished,Ground,0,42240
Hyderabad,3,1190.0,2.0,Apartment,Unfurnished,Middle,23,48274
Bangalore,1,663.0,1.0,Independent House,Unfurnished,Middle,29,47587
Bangalore,3,1368.0,3.0,Studio,Semi-Furnished,Middle,5,79301
Mumbai,2,769.0,2.0,Independent House,Unfurnished,Low,19,56387
Ahmedabad,5,3032.0,4.0,Apartment,Unfurnished,Ground,26,77894
Ahmedabad,2,829.0,3.0,Apartment,Semi-Furnished,High,18,42022
Chennai,1,350.0,1.0,Studio,Fully Furnished,Middle,10,38580
Hyderabad,2,790.0,2.0,Apartment,Semi-Furnished,High,5,43116
Ahmedabad,4,1899.0,4.0,Independent House,Unfurnished,High,18,60645
Pune,5,2552.0,5.0,Apartment,Semi-Furnished,Middle,3,103067
Ahmedabad,2,1192.0,3.0,Apartment,Unfurnished,Middle,9,49600
Bangalore,2,,1.0,Apartment,Semi-Furnished,Low,23,53319
Mumbai,4,1521.0,5.0,Villa,Semi-Furnished,Low,10,113005
Pune,2,1011.0,2.0,Apartment,Unfurnished,High,22,49525
Chennai,3,1808.0,4.0,Apartment,Semi-Furnished,High,28,77852
Hyderabad,2,852.0,2.0,Apartment,Fully Furnished,Middle,22,40421
Chennai,1,759.0,1.0,Studio,Semi-Furnished,Middle,21,33080
Bangalore,2,1135.0,1.0,Studio,Fully Furnished,High,7,66424
Pune,2,922.0,2.0,Apartment,Semi-Furnished,Low,8,38230
Pune,3,1649.0,3.0,Apartment,Fully Furnished,Middle,0,79913
Pune,4,1895.0,4.0,Apartment,Fully Furnished,Middle,18,80030
Bangalore,2,1306.0,2.0,Apartment,Fully Furnished,Low,30,66835
Bangalore,3,2349.0,2.0,Apartment,Semi-Furnished,High,23,85137
Chennai,1,766.0,1.0,Apartment,Fully Furnished,Ground,16,41946
Delhi,2,1218.0,3.0,Apartment,Fully Furnished,Ground,8,65618
Chennai,1,707.0,1.0,Apartment,Unfurnished,Middle,27,31355
Hyderabad,4,2568.0,5.0,Apartment,Semi-Furnished,Low,30,97106
Mumbai,3,1587.0,4.0,Studio,Semi-Furnished,Middle,16,93304
Pune,3,1720.0,3.0,Apartment,Unfurnished,Ground,11,55523
Delhi,3,1914.0,3.0,Apartment,Unfurnished,Middle,13,88691
Mumbai,3,1051.0,2.0,Apartment,Unfurnished,Middle,8,77657
Delhi,5,2163.0,5.0,Apartment,Semi-Furnished,High,6,102415
Ahmedabad,3,1783.0,4.0,Apartment,Fully Furnished,Middle,15,80783
Ahmedabad,4,1858.0,4.0,Apartment,Fully Furnished,High,13,63420
Kolkata,2,1188.0,2.0,Apartment,Fully Furnished,High,5,68031
Ahmedabad,1,539.0,1.0,Apartment,Fully Furnished,High,14,36711
Chennai,2,565.0,1.0,Apartment,Semi-Furnished,High,27,46043
Ahmedabad,1,666.0,2.0,Apartment,Fully Furnished,Low,24,31794
Bangalore,3,1420.0,2.0,Apartment,Semi-Furnished,Middle,30,63764
Pune,2,1087.0,3.0,Apartment,Semi-Furnished,High,29,47253
Chennai,3,1810.0,,Apartment,Unfurnished,Ground,12,61340
Mumbai,1,350.0,1.0,Independent House,Semi-Furnished,Ground,25,38378
Kolkata,2,884.0,3.0,Villa,Unfurnished,Middle,19,46668
Kolkata,2,1345.0,2.0,Apartment,Unfurnished,High,4,54336
Kolkata,4,2146.0,3.0,Studio,Unfurnished,High,14,84189
Mumbai,2,601.0,2.0,Apartment,Fully Furnished,High,25,58462
Mumbai,2,1204.0,2.0,Apartment,Semi-Furnished,Low,30,69779
Mumbai,3,1375.0,4.0,Studio,Fully Furnished,Middle,17,76458
Mumbai,3,2245.0,2.0,Apartment,Fully Furnished,High,12,99861
Kolkata,2,1051.0,2.0,Apartment,Semi-Furnished,High,10,37861
Kolkata,2,1104.0,2.0,Villa,Semi-Furnished,Middle,10,58526
Delhi,2,637.0,3.0,Independent House,Fully Furnished,High,29,55272
Chennai,5,2499.0,5.0,Villa,Semi-Furnished,Ground,11,113595
Pune,1,413.0,1.0,Apartment,Fully Furnished,High,18,34112
Ahmedabad,2,1424.0,2.0,Villa,Unfurnished,High,11,78014
Ahmedabad,1,694.0,2.0,Apartment,Semi-Furnished,Ground,22,25874
Bangalore,2,933.0,3.0,Independent House,Unfurnished,Middle,20,58022
Kolkata,3,2128.0,2.0,Apartment,Semi-Furnished,High,23,71014
Bangalore,2,359.0,2.0,Apartment,Semi-Furnished,Middle,18,36570
Chennai,1,388.0,2.0,Apartment,Semi-Furnished,Ground,18,39540
Chennai,2,1403.0,2.0,Apartment,Semi-Furnished,High,0,60057
Bangalore,1,759.0,1.0,Apartment,Semi-Furnished,Low,13,38634
Kolkata,1,819.0,1.0,Apartment,Unfurnished,Middle,16,39149
Bangalore,3,1289.0,3.0,Independent House,Fully Furnished,Middle,1,86171
Ahmedabad,3,1710.0,2.0,Independent House,Semi-Furnished,High,6,77742
Delhi,4,3033.0,3.0,Apartment,Fully Furnished,High,24,118831
Ahmedabad,4,2439.0,4.0,Apartment,Semi-Furnished,Middle,5,99395
Hyderabad,3,1767.0,2.0,Apartment,Semi-Furnished,High,20,65531
Kolkata,1,350.0,1.0,Independent House,Semi-Furnished,Low,19,27898
Kolkata,3,1436.0,3.0,Villa,Semi-Furnished,High,19,61975
Pune,4,1607.0,4.0,Apartment,Unfurnished,Low,22,70172
Mumbai,3,1231.0,3.0,Studio,Unfurnished,High,29,56893
Hyderabad,2,741.0,2.0,Apartment,Unfurnished,Low,0,32997
Chennai,2,892.0,2.0,Apartment,Unfurnished,Middle,5,49674
Kolkata,4,2047.0,5.0,Apartment,Unfurnished,High,14,80163
Bangalore,3,1436.0,3.0,Apartment,Semi-Furnished,Low,16,68092
Hyderabad,5,2555.0,5.0,Apartment,Semi-Furnished,Ground,3,94604
Pune,1,629.0,1.0,Apartment,Fully Furnished,Low,25,40249
Chennai,2,891.0,1.0,Apartment,Unfurnished,Ground,21,33306
Mumbai,2,817.0,2.0,Apartment,Fully Furnished,Middle,29,66906
Mumbai,3,919.0,4.0,Apartment,Unfurnished,Middle,26,54353
Pune,2,899.0,2.0,Studio,Fully Furnished,Low,1,52892
Pune,1,752.0,1.0,Independent House,Fully Furnished,Middle,15,51091
Bangalore,5,2562.0,5.0,Independent House,Semi-Furnished,Ground,20,101834
Kolkata,1,835.0,1.0,Apartment,Semi-Furnished,Ground,12,31284
Mumbai,3,1946.0,2.0,Apartment,Fully Furnished,Middle,10,103832
Chennai,2,1458.0,3.0,Studio,Semi-Furnished,Middle,10,57906
Hyderabad,4,2597.0,3.0,Studio,Unfurnished,Ground,15,86175
Chennai,2,1204.0,2.0,Studio,Semi-Furnished,Middle,9,58319
Delhi,4,1978.0,3.0,Apartment,Unfurnished,High,3,81974
Delhi,4,1301.0,3.0,Apartment,Semi-Furnished,Middle,18,67217
Pune,1,396.0,2.0,Apartment,Semi-Furnished,Middle,25,29610
Bangalore,1,569.0,2.0,Apartment,Semi-Furnished,Low,21,50466
Delhi,2,510.0,1.0,Villa,Unfurnished,Middle,6,51420
Mumbai,3,1448.0,2.0,Apartment,Unfurnished,High,17,65145
Chennai,4,1384.0,4.0,Apartment,Fully Furnished,Middle,11,71048
Chennai,2,1255.0,2.0,Apartment,Semi-Furnished,High,21,50344
Pune,3,1790.0,3.0,Apartment,Semi-Furnished,Middle,29,65373
Kolkata,2,1000.0,3.0,Apartment,Fully Furnished,Low,9,47959
Kolkata,3,817.0,3.0,Independent House,Fully Furnished,Ground,28,57182
Hyderabad,5,2173.0,5.0,Apartment,Semi-Furnished,High,14,92178
Pune,2,1234.0,1.0,Apartment,Unfurnished,Middle,11,53737
Ahmedabad,2,1240.0,1.0,Apartment,Semi-Furnished,Middle,0,56500
Hyderabad,1,400.0,1.0,Apartment,Fully Furnished,Middle,9,28222
Ahmedabad,2,1198.0,2.0,Apartment,Fully Furnished,Ground,10,49158
Kolkata,2,982.0,2.0,Apartment,Fully Furnished,Middle,26,37173
Pune,1,570.0,1.0,Apartment,Unfurnished,Middle,19,32019
Ahmedabad,2,1251.0,2.0,Studio,Semi-Furnished,High,26,55951
Pune,2,1063.0,2.0,Apartment,Unfurnished,High,21,46618
Pune,2,1194.0,3.0,Apartment,Semi-Furnished,Low,18,51635
Kolkata,3,2026.0,2.0,Studio,Unfurnished,Ground,14,57251
Hyderabad,1,575.0,2.0,Villa,Semi-Furnished,Middle,24,44499
Hyderabad,3,1646.0,3.0,Independent House,Semi-Furnished,Ground,2,65130
Pune,3,1805.0,3.0,Apartment,Semi-Furnished,Low,15,80656
Delhi,2,1280.0,2.0,Villa,Unfurnished,Low,27,70308
Bangalore,1,350.0,1.0,Apartment,Unfurnished,Low,19,27722
Kolkata,3,1333.0,2.0,Apartment,Semi-Furnished,Ground,20,59985
Bangalore,4,2103.0,3.0,Studio,Semi-Furnished,Low,15,98704
Bangalore,2,860.0,2.0,Apartment,Semi-Furnished,Low,9,45925
Hyderabad,2,1144.0,2.0,Studio,Fully Furnished,High,14,51151
Hyderabad,2,1328.0,3.0,Apartment,Semi-Furnished,Ground,7,55611
Delhi,3,1387.0,3.0,Apartment,Unfurnished,High,25,70991
Bangalore,1,840.0,1.0,Apartment,Semi-Furnished,Middle,1,59536
Bangalore,2,843.0,2.0,Studio,Fully Furnished,Low,3,67230
Pune,3,1579.0,3.0,Apartment,Semi-Furnished,High,26,74256
Hyderabad,3,1268.0,4.0,Apartment,Semi-Furnished,Middle,13,57315
Bangalore,2,969.0,2.0,Apartment,Fully Furnished,Ground,17,62390
Chennai,2,1000.0,2.0,Independent House,Fully Furnished,Low,2,59454
Delhi,3,1694.0,3.0,Independent House,Semi-Furnished,Middle,2,97089
Ahmedabad,1,542.0,1.0,Apartment,Unfurnished,High,22,25469
Chennai,1,738.0,1.0,Apartment,Semi-Furnished,Low,4,35082
Chennai,4,2268.0,3.0,Apartment,Fully Furnished,Middle,1,88655
Ahmedabad,1,486.0,1.0,Studio,Fully Furnished,Middle,27,29581
Kolkata,3,1180.0,3.0,Independent House,Unfurnished,Low,5,62246
Kolkata,4,2139.0,5.0,Independent House,Unfurnished,Middle,3,89188
Delhi,2,979.0,1.0,Apartment,Semi-Furnished,Middle,28,56485
Chennai,2,703.0,2.0,Villa,Unfurnished,Ground,1,45651
Bangalore,3,1426.0,4.0,Apartment,Fully Furnished,Middle,18,78929
Hyderabad,4,1630.0,4.0,Apartment,Unfurnished,High,14,69815
Delhi,4,1721.0,4.0,Independent House,Unfurnished,Middle,1,89416
Pune,3,2075.0,2.0,Apartment,Unfurnished,Middle,3,84909
Ahmedabad,1,680.0,1.0,Apartment,Unfurnished,Middle,27,23038
Chennai,3,1490.0,2.0,Apartment,Unfurnished,Middle,13,66618
Delhi,2,1020.0,2.0,Apartment,Semi-Furnished,High,11,52508
Mumbai,2,989.0,3.0,Apartment,Semi-Furnished,Ground,29,61610
Mumbai,1,382.0,2.0,Apartment,Unfurnished,Middle,2,46047
Kolkata,2,1023.0,1.0,Apartment,Unfurnished,Middle,7,49446
Ahmedabad,3,1567.0,4.0,Independent House,Unfurnished,Middle,29,65455
Hyderabad,2,691.0,1.0,Apartment,Fully Furnished,High,19,46254
Bangalore,2,1069.0,3.0,Villa,Unfurnished,Middle,9,65461
Hyderabad,2,1006.0,1.0,Apartment,Unfurnished,High,18,40377
Hyderabad,4,2102.0,5.0,Apartment,Semi-Furnished,High,14,91926
Hyderabad,3,1673.0,3.0,Apartment,Fully Furnished,Low,30,81118
Ahmedabad,2,1358.0,1.0,Apartment,Unfurnished,Low,13,52320
Hyderabad,1,350.0,1.0,Apartment,Unfurnished,High,25,21533
Pune,2,1015.0,2.0,Independent House,Semi-Furnished,Low,24,45118
Ahmedabad,4,2508.0,3.0,Apartment,Semi-Furnished,Middle,24,104192
Pune,3,1842.0,4.0,Apartment,Semi-Furnished,Middle,18,69992
Ahmedabad,2,1187.0,2.0,Apartment,Semi-Furnished,Low,27,58824
Kolkata,3,1290.0,3.0,Apartment,Unfurnished,Middle,19,45327
Delhi,2,1009.0,3.0,Apartment,Unfurnished,Low,22,56777
Mumbai,3,1677.0,3.0,Apartment,Fully Furnished,Middle,18,76296
Hyderabad,2,1136.0,1.0,Apartment,Unfurnished,Middle,25,47315
Kolkata,1,782.0,1.0,Independent House,Semi-Furnished,High,24,46928
Delhi,1,648.0,2.0,Apartment,Fully Furnished,High,22,43034
Mumbai,2,833.0,2.0,Apartment,Semi-Furnished,Middle,13,57396
Chennai,4,1536.0,4.0,Apartment,Semi-Furnished,Low,21,62546
Bangalore,2,,3.0,Apartment,Unfurnished,Middle,29,50351
Pune,4,1110.0,4.0,Studio,Fully Furnished,Middle,27,47430
Chennai,3,1934.0,3.0,Independent House,Unfurnished,Low,29,61998
Ahmedabad,2,1548.0,2.0,Apartment,Semi-Furnished,High,27,53172
Mumbai,1,350.0,1.0,Apartment,Unfurnished,Ground,5,38719
Chennai,1,839.0,1.0,Studio,Semi-Furnished,High,7,38623
Bangalore,3,1483.0,3.0,Apartment,Fully Furnished,Middle,24,66388
Kolkata,2,1220.0,3.0,Apartment,Semi-Furnished,High,29,48749
Mumbai,2,1094.0,1.0,Independent House,Unfurnished,Middle,18,52624
Chennai,2,1996.0,3.0,Apartment,Fully Furnished,Middle,2,91762
Pune,3,1946.0,3.0,Villa,Fully Furnished,Middle,23,94552
Pune,1,468.0,2.0,Villa,Fully Furnished,Middle,2,53444
Delhi,2,951.0,2.0,Apartment,Fully Furnished,Ground,3,53365
Chennai,2,1124.0,2.0,Apartment,Fully Furnished,Middle,22,53762
Hyderabad,2,1098.0,2.0,Apartment,Semi-Furnished,High,6,65128
Chennai,3,1863.0,4.0,Independent House,Semi-Furnished,High,1,90486
Kolkata,1,978.0,2.0,Independent House,Unfurnished,High,12,54092
Mumbai,3,1236.0,3.0,Apartment,Semi-Furnished,Middle,10,69098
Mumbai,3,1564.0,4.0,Independent House,Unfurnished,Middle,12,90256
Kolkata,2,778.0,3.0,Apartment,Semi-Furnished,High,1,46853
Chennai,3,1616.0,2.0,Apartment,Fully Furnished,Low,3,72027
Kolkata,2,927.0,1.0,Apartment,Semi-Furnished,High,20,46523
Bangalore,1,573.0,1.0,Apartment,Fully Furnished,Middle,29,34614
Ahmedabad,3,1775.0,3.0,Apartment,Unfurnished,Low,15,48606
Kolkata,2,921.0,3.0,Apartment,Fully Furnished,Middle,21,45578
Pune,3,1296.0,4.0,Apartment,Fully Furnished,Low,14,72441
Kolkata,2,1009.0,2.0,Apartment,Fully Furnished,Middle,22,49877
Mumbai,4,2536.0,5.0,Apartment,Semi-Furnished,Middle,14,108508
Pune,3,1505.0,3.0,Apartment,Fully Furnished,Middle,2,83998
Mumbai,1,530.0,1.0,Apartment,Fully Furnished,Middle,12,56686
Delhi,2,1108.0,2.0,Apartment,Fully Furnished,High,16,54659
Hyderabad,3,1700.0,3.0,Independent House,Semi-Furnished,High,17,63463
Mumbai,3,1952.0,3.0,Apartment,Fully Furnished,Middle,15,92113
Pune,2,1335.0,2.0,Apartment,Semi-Furnished,Middle,0,52823
Delhi,4,2342.0,3.0,Apartment,Semi-Furnished,Ground,13,94588
Mumbai,2,1349.0,1.0,Apartment,Semi-Furnished,High,1,74639
Bangalore,2,953.0,3.0,Apartment,Unfurnished,Middle,5,54112
Kolkata,4,1313.0,5.0,Apartment,Semi-Furnished,Ground,25,62159
Hyderabad,4,2371.0,4.0,Apartment,Semi-Furnished,Middle,22,88078
Mumbai,3,1058.0,3.0,Apartment,Fully Furnished,Ground,11,75412
Delhi,4,2330.0,3.0,Apartment,Semi-Furnished,Middle,7,90284
Bangalore,1,517.0,2.0,Apartment,Fully Furnished,Low,23,47644
Chennai,4,1858.0,3.0,Apartment,Semi-Furnished,Low,25,67706
Delhi,2,1012.0,2.0,Apartment,Semi-Furnished,Ground,6,59560
Kolkata,1,785.0,1.0,Apartment,Semi-Furnished,High,17,46068
Delhi,2,1407.0,1.0,Independent House,Fully Furnished,High,10,62300
Bangalore,2,1053.0,2.0,Apartment,Semi-Furnished,Low,30,38958
Delhi,2,1514.0,3.0,Independent House,Semi-Furnished,High,24,75773
Bangalore,2,1304.0,2.0,Apartment,Fully Furnished,Low,20,60698
Mumbai,1,525.0,1.0,Apartment,Semi-Furnished,Ground,19,40327
Ahmedabad,2,1331.0,1.0,Apartment,Unfurnished,Ground,1,45849
Bangalore,3,2026.0,3.0,Apartment,Unfurnished,Ground,10,96209
Bangalore,2,1139.0,2.0,Independent House,Fully Furnished,Low,7,77772
Hyderabad,2,957.0,3.0,Apartment,Semi-Furnished,High,25,35600
Bangalore,3,1504.0,4.0,Independent House,Unfurnished,High,19,73409
Bangalore,4,1776.0,5.0,Apartment,Unfurnished,Low,16,85150
Chennai,3,1342.0,2.0,Apartment,Semi-Furnished,High,21,67706
Ahmedabad,2,1083.0,1.0,Villa,Fully Furnished,High,12,55313
Mumbai,3,1559.0,2.0,Villa,Unfurnished,Low,26,75029
Kolkata,1,753.0,1.0,Apartment,Semi-Furnished,Low,19,35131
Hyderabad,1,409.0,1.0,Apartment,Fully Furnished,Middle,11,45857
Chennai,2,512.0,3.0,Apartment,Semi-Furnished,Low,22,34978
Pune,3,1938.0,4.0,Studio,Semi-Furnished,High,30,75590
Ahmedabad,2,1130.0,2.0,Apartment,Fully Furnished,Low,22,49466
Mumbai,1,519.0,1.0,Villa,Fully Furnished,High,25,63814
Mumbai,1,563.0,1.0,Apartment,Fully Furnished,High,10,57528
Pune,4,1973.0,3.0,Apartment,Fully Furnished,Middle,20,77843
Kolkata,3,1742.0,3.0,Studio,Unfurnished,Low,29,60616
Bangalore,2,1074.0,1.0,Studio,Semi-Furnished,Ground,27,49708
Chennai,2,1362.0,2.0,Apartment,Fully Furnished,High,12,74199
Delhi,2,1351.0,2.0,Apartment,Semi-Furnished,Low,8,56075
Hyderabad,3,1749.0,4.0,Apartment,Semi-Furnished,Low,6,62398
Delhi,2,1321.0,2.0,Apartment,Fully Furnished,Ground,9,67071
Pune,4,1627.0,4.0,Apartment,Semi-Furnished,Low,20,78240
Mumbai,2,1441.0,2.0,Independent House,Semi-Furnished,Low,11,75063
Kolkata,3,1466.0,3.0,Apartment,Unfurnished,Middle,7,59110
Mumbai,1,771.0,1.0,Apartment,Semi-Furnished,Low,30,47918
Hyderabad,2,743.0,1.0,Apartment,Semi-Furnished,Low,11,51336
Mumbai,2,1122.0,2.0,Apartment,Fully Furnished,Low,27,69715
Mumbai,2,1042.0,3.0,Apartment,Semi-Furnished,Low,11,61452
Hyderabad,1,419.0,1.0,Apartment,Unfurnished,Middle,26,28130
Chennai,3,1898.0,3.0,Apartment,Semi-Furnished,Low,13,66141
Chennai,2,1103.0,3.0,Apartment,Semi-Furnished,Ground,25,56660
Hyderabad,3,2291.0,3.0,Apartment,Fully Furnished,Middle,10,100742
Kolkata,3,1713.0,3.0,Studio,Unfurnished,Low,13,66886
Pune,3,1600.0,3.0,Villa,Semi-Furnished,High,13,72325
Ahmedabad,3,1245.0,4.0,Studio,Semi-Furnished,High,10,56821
Mumbai,3,1657.0,4.0,Apartment,Semi-Furnished,Ground,1,88458
Kolkata,2,898.0,2.0,Apartment,Fully Furnished,Middle,21,44764
Mumbai,3,1439.0,4.0,Villa,Semi-Furnished,Middle,7,90263
Ahmedabad,2,1275.0,3.0,Apartment,Unfurnished,High,6,46817
Pune,3,1432.0,2.0,Studio,Semi-Furnished,Low,14,59420
Chennai,3,1532.0,3.0,Apartment,Semi-Furnished,Middle,3,60175
Kolkata,2,1282.0,2.0,Apartment,Fully Furnished,Middle,0,69312
Bangalore,2,930.0,1.0,Independent House,Unfurnished,High,2,48033
Bangalore,2,914.0,2.0,Apartment,Unfurnished,Low,20,50859
Ahmedabad,3,1682.0,3.0,Villa,Unfurnished,Middle,5,78750
Bangalore,4,2761.0,4.0,Apartment,Semi-Furnished,Low,18,104793
Chennai,2,1397.0,1.0,Apartment,Unfurnished,Ground,1,58658
Ahmedabad,3,1508.0,4.0,Apartment,Unfurnished,Ground,14,52911
Chennai,4,2260.0,3.0,Independent House,Semi-Furnished,Middle,18,110451
Pune,1,350.0,1.0,Apartment,Fully Furnished,High,30,41810
Mumbai,2,1218.0,3.0,Villa,Unfurnished,Middle,20,64939
Pune,3,1157.0,3.0,Apartment,Semi-Furnished,Ground,18,54759
Pune,3,1760.0,4.0,Apartment,Semi-Furnished,Middle,23,61190
Chennai,4,1044.0,4.0,Apartment,Fully Furnished,Ground,22,62044
Ahmedabad,2,1081.0,1.0,Apartment,Semi-Furnished,High,8,42178
Ahmedabad,1,350.0,1.0,Apartment,Semi-Furnished,Low,18,18014
Bangalore,2,971.0,2.0,Studio,Unfurnished,Middle,12,60203
Delhi,2,864.0,2.0,Apartment,Semi-Furnished,Low,29,40452
Mumbai,2,1130.0,1.0,Apartment,Unfurnished,Middle,27,66528
Chennai,3,1142.0,3.0,Apartment,Fully Furnished,High,7,59897
Bangalore,1,434.0,1.0,Independent House,Semi-Furnished,Low,24,30776
Kolkata,3,2196.0,4.0,Apartment,Unfurnished,Middle,29,75449
Delhi,2,,1.0,Studio,Semi-Furnished,High,27,67103
Delhi,3,1691.0,4.0,Apartment,Semi-Furnished,Low,26,67717
Chennai,1,884.0,1.0,Independent House,Unfurnished,Middle,23,47809
Hyderabad,2,631.0,2.0,Independent House,Unfurnished,Middle,20,45486
Mumbai,1,599.0,1.0,Studio,Unfurnished,Low,5,36091
Delhi,5,1883.0,6.0,Apartment,Unfurnished,Middle,9,75363
Chennai,3,1348.0,3.0,Apartment,Semi-Furnished,Middle,8,71075
Chennai,2,596.0,1.0,Studio,Fully Furnished,High,14,41001
Bangalore,2,912.0,2.0,Independent House,Fully Furnished,Low,29,59784
Kolkata,4,2271.0,4.0,Apartment,Fully Furnished,High,28,89499
Hyderabad,2,1060.0,2.0,Apartment,Semi-Furnished,High,13,57489
Mumbai,1,350.0,1.0,Apartment,Semi-Furnished,Middle,1,49338
Ahmedabad,3,1315.0,4.0,Apartment,Unfurnished,High,24,54445
Pune,4,1349.0,3.0,Apartment,Fully Furnished,Middle,0,85121
Kolkata,1,414.0,1.0,Apartment,Semi-Furnished,Middle,10,23007
Kolkata,2,882.0,2.0,Villa,Unfurnished,Low,14,43602
Bangalore,4,1823.0,4.0,Apartment,Fully Furnished,High,25,84453
Ahmedabad,1,480.0,2.0,Apartment,Semi-Furnished,High,14,35185
Delhi,1,404.0,1.0,Apartment,Semi-Furnished,High,5,47818
Delhi,3,1243.0,2.0,Apartment,Unfurnished,Ground,0,63610
Bangalore,4,1603.0,4.0,Apartment,Unfurnished,High,16,68313
Chennai,2,843.0,2.0,Apartment,Unfurnished,High,2,47347
Delhi,5,2044.0,6.0,Apartment,Fully Furnished,Middle,13,107169
Hyderabad,3,1451.0,3.0,Apartment,Fully Furnished,High,26,66577
Mumbai,1,350.0,1.0,Studio,Unfurnished,Ground,19,33887
Kolkata,5,2651.0,5.0,Apartment,Semi-Furnished,Ground,11,103160
Kolkata,2,996.0,2.0,Studio,Fully Furnished,Low,19,39544
Hyderabad,2,1258.0,3.0,Apartment,Semi-Furnished,Ground,11,57126
Ahmedabad,2,1078.0,3.0,Independent House,Semi-Furnished,Middle,25,43472
Delhi,2,579.0,1.0,Apartment,Fully Furnished,High,25,52663
Kolkata,1,478.0,1.0,Apartment,Unfurnished,Low,28,21442
Pune,1,895.0,1.0,Independent House,Fully Furnished,Middle,4,52106
Ahmedabad,2,715.0,2.0,Apartment,Semi-Furnished,Middle,5,47526
Mumbai,3,829.0,2.0,Apartment,Unfurnished,Low,19,54319
Mumbai,3,1932.0,2.0,Apartment,Fully Furnished,High,22,81731
Kolkata,5,3044.0,5.0,Apartment,Unfurnished,High,14,97796
Bangalore,2,1259.0,3.0,Apartment,Semi-Furnished,Low,30,65623
Ahmedabad,2,968.0,3.0,Apartment,Unfurnished,High,27,48333
Kolkata,1,551.0,1.0,Villa,Fully Furnished,Low,1,48459
Bangalore,1,378.0,1.0,Apartment,Semi-Furnished,Middle,7,36442
Kolkata,2,939.0,2.0,Apartment,Semi-Furnished,Low,19,55463
Pune,3,1294.0,4.0,Apartment,Semi-Furnished,Low,5,75596
Ahmedabad,4,2395.0,4.0,Apartment,Unfurnished,Middle,27,70854
Chennai,5,1786.0,5.0,Apartment,Semi-Furnished,High,25,80571
Mumbai,2,1461.0,2.0,Apartment,Fully Furnished,High,16,71393
Kolkata,4,2112.0,5.0,Villa,Fully Furnished,Middle,17,87180
Pune,2,1113.0,1.0,Apartment,Semi-Furnished,Ground,30,50046
Bangalore,1,800.0,1.0,Apartment,Fully Furnished,Ground,13,48721
Bangalore,4,2312.0,4.0,Apartment,Semi-Furnished,Middle,19,92127
Mumbai,3,1966.0,2.0,Apartment,Unfurnished,Middle,9,85779
Hyderabad,1,494.0,2.0,Apartment,Semi-Furnished,Middle,12,37670
Kolkata,2,733.0,2.0,Apartment,Semi-Furnished,Low,24,33256
Ahmedabad,2,878.0,2.0,Villa,Semi-Furnished,Ground,16,54319
Delhi,3,2202.0,3.0,Independent House,Unfurnished,Ground,0,96326
Bangalore,2,1320.0,2.0,Apartment,Semi-Furnished,High,22,72631
Ahmedabad,5,3341.0,5.0,Villa,Semi-Furnished,Low,29,109255
Ahmedabad,1,767.0,1.0,Studio,Semi-Furnished,High,25,27211
Chennai,2,1034.0,2.0,Apartment,Unfurnished,Low,7,36462
Ahmedabad,2,1400.0,2.0,Apartment,Unfurnished,Middle,15,54012
Ahmedabad,2,903.0,2.0,Apartment,Semi-Furnished,Low,12,40564
Chennai,2,1015.0,2.0,Apartment,Fully Furnished,Middle,6,49444
Bangalore,3,1491.0,3.0,Independent House,Unfurnished,High,18,72417
Ahmedabad,4,1596.0,3.0,Apartment,Semi-Furnished,High,7,83280
Hyderabad,4,1557.0,5.0,Apartment,Unfurnished,High,28,52881
Hyderabad,3,1231.0,4.0,Apartment,Fully Furnished,High,23,61488
Pune,4,2823.0,5.0,Independent House,Unfurnished,High,20,122489
Chennai,2,961.0,2.0,Apartment,Unfurnished,Low,11,40787
Pune,3,1812.0,4.0,Apartment,Semi-Furnished,Middle,23,82982
Chennai,2,1143.0,3.0,Apartment,Unfurnished,Middle,15,49947
Kolkata,2,469.0,2.0,Apartment,Semi-Furnished,Low,12,39959
Kolkata,2,1120.0,2.0,Apartment,Semi-Furnished,Ground,17,33037
Ahmedabad,2,1213.0,2.0,Apartment,Fully Furnished,Low,24,55162
Delhi,2,1163.0,2.0,Apartment,Semi-Furnished,Middle,29,56263
Kolkata,5,2572.0,6.0,Villa,Semi-Furnished,Middle,12,129708
Delhi,2,1267.0,2.0,Apartment,Semi-Furnished,Ground,20,57840
Kolkata,1,350.0,1.0,Apartment,Unfurnished,Middle,18,31453
Mumbai,2,1346.0,2.0,Apartment,Unfurnished,Low,26,60318
Kolkata,1,509.0,1.0,Apartment,Unfurnished,Ground,5,25167
Pune,1,681.0,1.0,Apartment,Fully Furnished,High,11,47390
Bangalore,2,987.0,2.0,Apartment,Semi-Furnished,Low,5,60543
Ahmedabad,2,817.0,3.0,Apartment,Semi-Furnished,Middle,18,39535
Pune,2,976.0,2.0,Apartment,Semi-Furnished,Middle,22,44314
Bangalore,3,1040.0,3.0,Apartment,Semi-Furnished,Middle,15,64412
Hyderabad,3,1995.0,3.0,Apartment,Fully Furnished,Low,13,93788
Pune,2,1018.0,2.0,Independent House,Fully Furnished,Middle,23,59750
Hyderabad,2,734.0,1.0,Independent House,Semi-Furnished,Low,30,46421
Delhi,2,1085.0,2.0,Apartment,Semi-Furnished,Middle,11,63804
Delhi,3,1454.0,4.0,Apartment,Unfurnished,Ground,17,65877
Mumbai,1,490.0,1.0,Villa,Semi-Furnished,Low,15,50538
Kolkata,1,599.0,1.0,Apartment,Fully Furnished,Low,16,35562
Pune,3,1367.0,3.0,Independent House,Unfurnished,Middle,15,59510
Hyderabad,2,1037.0,3.0,Apartment,Semi-Furnished,Middle,10,55306
Bangalore,1,698.0,1.0,Apartment,Unfurnished,High,25,43643
Delhi,2,821.0,2.0,Villa,Fully Furnished,Low,15,67626
Kolkata,4,1668.0,5.0,Apartment,Unfurnished,Low,8,72211
Delhi,4,2535.0,4.0,Apartment,Semi-Furnished,Middle,14,101917
Bangalore,3,1565.0,3.0,Apartment,Unfurnished,High,25,71785
Kolkata,2,1011.0,2.0,Apartment,Semi-Furnished,Low,17,28588
Kolkata,2,590.0,2.0,Villa,Semi-Furnished,Low,7,41765
Hyderabad,5,2206.0,4.0,Villa,Semi-Furnished,Low,17,111041
Hyderabad,5,2779.0,5.0,Independent House,Semi-Furnished,Low,25,95629
Pune,2,1268.0,2.0,Apartment,Semi-Furnished,Ground,2,63446
Pune,3,2232.0,3.0,Studio,Semi-Furnished,Low,4,82196
Chennai,2,1384.0,2.0,Villa,Unfurnished,Middle,1,68960
Ahmedabad,2,774.0,2.0,Villa,Unfurnished,Low,29,37490
Chennai,3,1693.0,4.0,Villa,Unfurnished,High,30,82292
Mumbai,2,947.0,2.0,Apartment,Semi-Furnished,Middle,24,55224
Delhi,4,2730.0,3.0,Apartment,Fully Furnished,Middle,10,103940
Pune,1,649.0,1.0,Apartment,Semi-Furnished,Middle,30,44285
Hyderabad,2,1209.0,2.0,Independent House,Unfurnished,Low,18,56634
Bangalore,4,2070.0,4.0,Apartment,Fully Furnished,Low,22,105248
Hyderabad,4,2569.0,5.0,Apartment,Semi-Furnished,High,1,87972
Delhi,1,529.0,1.0,Apartment,Fully Furnished,High,17,44192
Chennai,2,1530.0,2.0,Apartment,Unfurnished,Middle,6,53726
Hyderabad,3,921.0,3.0,Apartment,Semi-Furnished,Low,15,47214
Ahmedabad,1,350.0,1.0,Apartment,,Low,0,27212
Mumbai,5,2085.0,6.0,Apartment,Semi-Furnished,Low,12,97785
Delhi,4,2778.0,3.0,Villa,Semi-Furnished,Low,2,98798
Chennai,1,522.0,1.0,Studio,Semi-Furnished,High,17,30387
Ahmedabad,1,643.0,2.0,Apartment,Fully Furnished,Low,3,48090
Bangalore,1,419.0,2.0,Apartment,Fully Furnished,Low,19,38105
Chennai,4,2625.0,4.0,Villa,Unfurnished,Ground,25,89401
Kolkata,2,814.0,3.0,Studio,Unfurnished,Middle,27,28004
Ahmedabad,2,1563.0,1.0,Apartment,Semi-Furnished,High,16,54358
Ahmedabad,2,1151.0,1.0,Apartment,Unfurnished,Middle,4,43519
Mumbai,3,1563.0,3.0,Apartment,Unfurnished,High,6,88093
Delhi,1,402.0,1.0,Apartment,Fully Furnished,High,27,45290
Bangalore,2,842.0,2.0,Villa,Semi-Furnished,High,8,64962
Mumbai,4,2153.0,4.0,Apartment,Semi-Furnished,Low,3,101781
Chennai,4,2284.0,4.0,Apartment,Unfurnished,Low,21,93184
Mumbai,3,1522.0,4.0,Apartment,Semi-Furnished,Middle,8,96462
Ahmedabad,1,640.0,1.0,Apartment,Unfurnished,Low,16,15179
Delhi,2,1074.0,3.0,Apartment,Semi-Furnished,Middle,9,60798
Pune,3,1104.0,3.0,Apartment,Semi-Furnished,Low,26,53092
Mumbai,2,1086.0,2.0,Apartment,Fully Furnished,Low,16,78378
Kolkata,4,2217.0,3.0,Apartment,Semi-Furnished,Middle,23,89145
Mumbai,3,2343.0,3.0,Studio,Semi-Furnished,Ground,11,89704
Chennai,1,902.0,1.0,Apartment,Fully Furnished,High,9,55062
Chennai,4,2604.0,5.0,Apartment,Semi-Furnished,Middle,10,102595
Bangalore,4,1777.0,4.0,Apartment,Semi-Furnished,Middle,12,91144
Chennai,1,808.0,2.0,Apartment,Semi-Furnished,Middle,24,44917
Hyderabad,2,1190.0,1.0,Apartment,Semi-Furnished,High,30,50511
Delhi,2,1110.0,2.0,Apartment,Unfurnished,Middle,16,49847
Delhi,2,1531.0,2.0,Villa,Unfurnished,Middle,26,54180
Pune,1,443.0,1.0,Apartment,Unfurnished,High,25,29419
Pune,3,1535.0,3.0,Villa,Unfurnished,Low,22,76276
Delhi,4,2106.0,4.0,Apartment,Semi-Furnished,Low,14,82355
Kolkata,2,941.0,2.0,Apartment,Unfurnished,Low,4,39881
Pune,1,778.0,1.0,Apartment,Fully Furnished,Middle,10,42621
Bangalore,3,1285.0,4.0,Villa,Unfurnished,High,23,73492
Chennai,2,1227.0,1.0,Apartment,Fully Furnished,High,12,61512
Delhi,4,2161.0,4.0,Villa,Unfurnished,Middle,26,98805
Ahmedabad,2,642.0,2.0,Apartment,Fully Furnished,Ground,5,49637
Pune,2,847.0,2.0,Studio,Unfurnished,High,9,40594
Delhi,2,1187.0,2.0,Apartment,Fully Furnished,High,19,62577
Hyderabad,3,1821.0,3.0,Studio,Semi-Furnished,Low,2,58066
Mumbai,2,1121.0,3.0,Apartment,Unfurnished,High,27,55345
Chennai,3,990.0,3.0,Apartment,Unfurnished,Middle,2,52335
Delhi,2,1008.0,2.0,Apartment,Fully Furnished,Ground,0,51268
Mumbai,2,695.0,1.0,Apartment,Unfurnished,High,1,54390
Pune,2,1196.0,2.0,Apartment,Semi-Furnished,Ground,24,41502
Mumbai,4,1870.0,4.0,Independent House,Unfurnished,Ground,4,81057
Chennai,4,1752.0,5.0,Apartment,Unfurnished,High,27,75501
Delhi,2,1033.0,1.0,Apartment,Unfurnished,Low,28,42767
Hyderabad,2,922.0,2.0,Apartment,Semi-Furnished,Middle,13,51055
Kolkata,1,350.0,1.0,Apartment,Semi-Furnished,High,6,30657
Pune,2,667.0,2.0,Apartment,Unfurnished,High,11,40906
Delhi,2,1422.0,1.0,Apartment,Fully Furnished,Low,3,82935
Chennai,4,2119.0,5.0,Studio,Semi-Furnished,Middle,17,66965
Pune,4,2169.0,5.0,Apartment,Unfurnished,Ground,20,78434
Bangalore,2,655.0,2.0,Villa,Unfurnished,Ground,24,49917
Mumbai,2,1402.0,2.0,Apartment,Fully Furnished,High,8,78091
Kolkata,4,1869.0,4.0,Apartment,Semi-Furnished,Middle,27,76953
Chennai,3,1510.0,3.0,Villa,Fully Furnished,Low,11,79827
Bangalore,1,740.0,1.0,Apartment,Unfurnished,Middle,11,45955
Ahmedabad,2,1152.0,3.0,Studio,Semi-Furnished,Low,23,43004
Delhi,2,1236.0,2.0,Apartment,Unfurnished,High,4,63155
Hyderabad,2,1014.0,3.0,Apartment,Semi-Furnished,Middle,30,54460
Pune,2,1128.0,2.0,Studio,Unfurnished,Low,28,33506
Mumbai,1,479.0,1.0,Apartment,Semi-Furnished,Low,26,46986
Pune,3,1691.0,3.0,Villa,Fully Furnished,High,6,95949
Kolkata,2,1013.0,1.0,Apartment,Semi-Furnished,High,16,53048
Delhi,1,394.0,1.0,Independent House,Unfurnished,High,19,36658
Pune,2,1348.0,3.0,Apartment,Unfurnished,Middle,28,45433
Mumbai,3,1216.0,4.0,Apartment,Semi-Furnished,High,22,66096
Delhi,4,2639.0,4.0,Apartment,Semi-Furnished,Middle,18,102649
Pune,2,1113.0,3.0,Apartment,Semi-Furnished,Middle,3,53823
Hyderabad,2,809.0,2.0,Apartment,,Middle,0,53264
Chennai,5,3037.0,5.0,Apartment,Fully Furnished,Middle,7,104096
Delhi,2,731.0,2.0,Independent House,Semi-Furnished,Middle,29,49041
Chennai,2,778.0,2.0,Independent House,Unfurnished,Low,28,37584
Ahmedabad,2,726.0,2.0,Apartment,Fully Furnished,Ground,27,35479
Delhi,1,350.0,1.0,Apartment,Semi-Furnished,High,1,42387
Hyderabad,2,843.0,2.0,Apartment,Unfurnished,Middle,30,31671
Chennai,4,1911.0,4.0,Independent House,Unfurnished,High,25,97262
Bangalore,3,1238.0,3.0,Independent House,Fully Furnished,Middle,0,83819
Mumbai,2,935.0,1.0,Independent House,Unfurnished,Ground,2,59383
Bangalore,4,1328.0,4.0,Apartment,Semi-Furnished,Low,18,63826
Pune,1,850.0,1.0,Apartment,Unfurnished,High,22,32681
Hyderabad,2,1580.0,2.0,Apartment,Unfurnished,Low,13,71021
Bangalore,3,1921.0,3.0,Villa,Semi-Furnished,Ground,17,87135
Delhi,3,1661.0,2.0,Apartment,Semi-Furnished,Ground,22,77937
Pune,1,350.0,1.0,Apartment,Fully Furnished,Middle,13,34182
Pune,2,1029.0,2.0,Apartment,Semi-Furnished,Low,16,57530
Bangalore,3,1737.0,3.0,Apartment,Unfurnished,Ground,9,83442
Ahmedabad,3,1378.0,3.0,Apartment,Semi-Furnished,Middle,30,59548
Bangalore,3,1229.0,3.0,Apartment,Fully Furnished,High,19,66684
Ahmedabad,2,,3.0,Independent House,Unfurnished,High,23,56557
Hyderabad,1,525.0,1.0,Apartment,Unfurnished,High,28,20885
Mumbai,2,1157.0,2.0,Studio,Semi-Furnished,Ground,6,59667
Bangalore,1,453.0,1.0,Apartment,Semi-Furnished,Low,10,38969
Kolkata,4,2534.0,5.0,Independent House,Semi-Furnished,Low,20,95282
Ahmedabad,2,1089.0,2.0,Independent House,Semi-Furnished,Middle,22,49432
Bangalore,2,873.0,2.0,Apartment,Unfurnished,High,8,61826
Chennai,3,1537.0,2.0,Independent House,Fully Furnished,Middle,29,61492
Delhi,2,841.0,1.0,Apartment,Fully Furnished,Low,0,54185
Kolkata,2,866.0,2.0,Apartment,Unfurnished,High,17,43932
Kolkata,3,1274.0,3.0,Independent House,Semi-Furnished,Middle,16,62629
Ahmedabad,4,1213.0,5.0,Studio,Semi-Furnished,Low,20,48559
Chennai,3,1072.0,3.0,Apartment,Semi-Furnished,Middle,18,53465
Chennai,1,350.0,1.0,Studio,Semi-Furnished,Ground,9,25847
Pune,3,1604.0,3.0,Apartment,Fully Furnished,Ground,0,68374
Ahmedabad,3,1047.0,4.0,Apartment,Semi-Furnished,Middle,27,48714
Mumbai,1,556.0,2.0,Apartment,Unfurnished,Middle,0,55066
Delhi,2,1197.0,2.0,Apartment,Semi-Furnished,Low,6,70159
Hyderabad,4,1885.0,5.0,Apartment,Semi-Furnished,Middle,26,69684
Kolkata,1,653.0,1.0,Independent House,Unfurnished,High,17,37148
Hyderabad,3,1369.0,3.0,Apartment,Unfurnished,High,10,71927
Bangalore,2,1024.0,3.0,Apartment,Unfurnished,Middle,12,63635
Bangalore,2,896.0,3.0,Apartment,Fully Furnished,Low,28,63902
Hyderabad,1,603.0,1.0,Apartment,Semi-Furnished,Ground,8,28490
Bangalore,3,2144.0,2.0,Apartment,Fully Furnished,High,27,96165
Mumbai,2,977.0,3.0,Apartment,Fully Furnished,Ground,27,72032
Chennai,2,981.0,1.0,Apartment,Unfurnished,High,22,29596
Bangalore,3,1693.0,3.0,Independent House,Unfurnished,Middle,25,88568
Pune,3,1227.0,2.0,Apartment,Unfurnished,Middle,16,55992
Bangalore,4,2157.0,5.0,Apartment,Semi-Furnished,Middle,10,104241
Delhi,2,438.0,2.0,Apartment,Semi-Furnished,Low,0,42424
Mumbai,2,1137.0,2.0,Apartment,Semi-Furnished,Middle,19,64187
Delhi,4,2347.0,5.0,Apartment,Fully Furnished,Low,15,72885
Delhi,3,1497.0,3.0,Apartment,Fully Furnished,Middle,18,60493
Pune,2,703.0,3.0,Independent House,Unfurnished,Ground,21,40491
Mumbai,1,571.0,2.0,Independent House,Fully Furnished,Low,10,60047
Mumbai,4,2222.0,4.0,Apartment,Fully Furnished,Ground,13,100170
Ahmedabad,2,920.0,2.0,Independent House,Semi-Furnished,Low,11,47084
Mumbai,3,1271.0,3.0,Apartment,Semi-Furnished,Low,7,75241
Mumbai,2,1202.0,2.0,Apartment,Unfurnished,Ground,29,60332
Mumbai,2,1067.0,2.0,Independent House,Unfurnished,High,14,60357
Pune,3,1865.0,3.0,Independent House,Semi-Furnished,Low,25,69554
Bangalore,1,368.0,1.0,Villa,Semi-Furnished,High,22,38370
Ahmedabad,2,570.0,3.0,Apartment,Semi-Furnished,High,0,41736
Delhi,2,1025.0,2.0,Apartment,Semi-Furnished,Middle,5,61132
Mumbai,2,452.0,1.0,Villa,Semi-Furnished,Middle,11,67200
Kolkata,3,2222.0,4.0,Apartment,Unfurnished,Middle,24,77996
Bangalore,3,1389.0,2.0,Studio,Unfurnished,Middle,8,52508
Bangalore,3,1854.0,3.0,Apartment,Fully Furnished,Middle,17,90093
Delhi,1,531.0,1.0,Apartment,Unfurnished,Middle,7,35305
Pune,2,797.0,3.0,Apartment,Unfurnished,Middle,26,44261
Hyderabad,2,1041.0,1.0,Apartment,Unfurnished,High,30,45680
Hyderabad,4,2251.0,3.0,Apartment,Semi-Furnished,Middle,19,77785
Bangalore,3,1807.0,3.0,Apartment,Semi-Furnished,Low,18,85546
Chennai,4,2462.0,4.0,Apartment,Semi-Furnished,Low,22,88593
Chennai,2,886.0,3.0,Apartment,Semi-Furnished,Middle,4,43951
Delhi,2,1186.0,1.0,Apartment,Unfurnished,Ground,30,55235
Hyderabad,2,763.0,2.0,Apartment,Semi-Furnished,High,21,46502
Bangalore,1,350.0,2.0,Apartment,Semi-Furnished,Middle,19,44341
Pune,1,855.0,1.0,Independent House,Semi-Furnished,High,24,60236
Hyderabad,4,1866.0,4.0,Apartment,Unfurnished,Low,11,72675
Bangalore,2,1195.0,1.0,Independent House,Semi-Furnished,Middle,18,65639
Bangalore,2,1089.0,2.0,Apartment,Unfurnished,Low,4,53115
Mumbai,1,441.0,1.0,Apartment,Semi-Furnished,High,1,51565
Pune,4,2286.0,4.0,Studio,Semi-Furnished,High,3,98633
Mumbai,3,2253.0,3.0,Apartment,Semi-Furnished,Middle,29,99912
Delhi,3,1344.0,3.0,Apartment,Semi-Furnished,Ground,22,60236
Mumbai,4,2261.0,5.0,Apartment,Semi-Furnished,Middle,25,91436
Kolkata,2,1562.0,2.0,Apartment,Fully Furnished,Ground,20,73302
Mumbai,3,1965.0,3.0,Villa,Semi-Furnished,Middle,21,86481
Kolkata,1,822.0,1.0,Villa,Fully Furnished,Middle,26,51559
Hyderabad,2,1078.0,3.0,Studio,Semi-Furnished,Middle,4,47129
Chennai,3,1947.0,4.0,Apartment,Semi-Furnished,Low,6,81842
Ahmedabad,3,1236.0,2.0,Studio,Unfurnished,Middle,11,53474
Ahmedabad,2,1170.0,2.0,Apartment,Fully Furnished,Low,8,52726
Bangalore,2,1147.0,2.0,Apartment,Fully Furnished,Ground,10,65180
Ahmedabad,2,1019.0,1.0,Apartment,Fully Furnished,High,13,61817
Kolkata,1,765.0,1.0,Apartment,Semi-Furnished,High,13,50041
Pune,2,865.0,3.0,Independent House,Unfurnished,Middle,30,51997
Mumbai,2,1476.0,2.0,Apartment,Unfurnished,High,27,67291
Kolkata,2,1372.0,2.0,Apartment,Fully Furnished,Middle,6,52788
Pune,3,1618.0,4.0,Studio,Unfurnished,Ground,2,79019
Chennai,2,1104.0,3.0,Independent House,Semi-Furnished,Low,22,58013
Ahmedabad,2,945.0,2.0,Apartment,Semi-Furnished,Middle,2,51008
Chennai,2,1215.0,2.0,Apartment,Unfurnished,High,3,60512
Ahmedabad,4,2268.0,4.0,Apartment,Unfurnished,Low,21,71454
Mumbai,2,1322.0,1.0,Apartment,Fully Furnished,Ground,6,80133
Delhi,1,350.0,2.0,Apartment,Fully Furnished,Middle,23,35396
Mumbai,2,1259.0,1.0,Apartment,Unfurnished,Ground,8,71095
Hyderabad,3,1465.0,2.0,Apartment,Unfurnished,Middle,0,71380
Kolkata,2,876.0,3.0,Apartment,Fully Furnished,Ground,29,52529
Bangalore,3,1807.0,3.0,Apartment,Unfurnished,Ground,3,90450
Delhi,4,2218.0,5.0,Apartment,Unfurnished,High,2,84830
Mumbai,3,2152.0,2.0,Independent House,Fully Furnished,Middle,5,101025
Pune,3,948.0,3.0,Independent House,Fully Furnished,Ground,5,61147
Delhi,2,972.0,3.0,Apartment,Unfurnished,Middle,23,47081
Kolkata,1,737.0,1.0,Apartment,Unfurnished,Low,10,33879
Ahmedabad,5,2436.0,5.0,Apartment,Unfurnished,High,3,95645
Delhi,2,1070.0,2.0,Studio,Semi-Furnished,High,3,61130
Ahmedabad,1,860.0,1.0,Apartment,Semi-Furnished,Middle,12,41671
Kolkata,3,1298.0,3.0,Apartment,Unfurnished,Middle,16,47388
Mumbai,2,1202.0,3.0,Apartment,Fully Furnished,Low,26,65048
Kolkata,3,1474.0,3.0,Apartment,Semi-Furnished,Ground,10,62960
Delhi,3,1583.0,3.0,Apartment,Fully Furnished,Middle,2,74614
Pune,2,1052.0,2.0,Independent House,Unfurnished,Middle,2,56641
Chennai,3,2138.0,4.0,Apartment,Fully Furnished,Low,11,91402
Delhi,2,864.0,3.0,Studio,Fully Furnished,Middle,14,61402
Kolkata,2,1124.0,2.0,Apartment,Unfurnished,Middle,15,47768
Chennai,2,1105.0,2.0,Apartment,Unfurnished,Low,23,46621
Kolkata,3,2075.0,3.0,Independent House,Unfurnished,Middle,7,71166
Pune,3,1826.0,3.0,Apartment,Semi-Furnished,Low,23,73842
Kolkata,2,913.0,2.0,Apartment,Unfurnished,Middle,24,36142
Mumbai,3,1571.0,3.0,Apartment,Unfurnished,Middle,13,81435
Bangalore,1,576.0,1.0,Independent House,Unfurnished,High,23,33646
Ahmedabad,4,1865.0,4.0,Apartment,Fully Furnished,Middle,5,67309
Ahmedabad,2,1410.0,3.0,Studio,Semi-Furnished,Low,4,46397
Delhi,3,2009.0,3.0,Apartment,Unfurnished,Ground,30,79527
Bangalore,1,683.0,1.0,Independent House,Unfurnished,Low,19,44298
Kolkata,2,773.0,3.0,Studio,Semi-Furnished,High,18,40010
Pune,2,1359.0,3.0,Apartment,Unfurnished,High,29,51161
Delhi,4,1356.0,4.0,Independent House,Semi-Furnished,Middle,6,77720
Kolkata,2,1035.0,2.0,Apartment,Fully Furnished,High,29,54206
Chennai,4,2159.0,4.0,Apartment,Unfurnished,Middle,24,77908
Hyderabad,2,748.0,2.0,Studio,Semi-Furnished,Middle,0,33750
Kolkata,2,684.0,2.0,Villa,Unfurnished,High,1,38974
Bangalore,1,785.0,2.0,Apartment,Fully Furnished,Low,7,50339
Delhi,3,1588.0,3.0,Apartment,Semi-Furnished,Ground,3,78807
Bangalore,2,1214.0,3.0,Villa,Fully Furnished,High,23,71724
Delhi,4,2451.0,5.0,Apartment,Unfurnished,Middle,14,86692
Kolkata,4,1380.0,3.0,Villa,Fully Furnished,Middle,13,81721
Mumbai,4,2390.0,5.0,Independent House,Semi-Furnished,Middle,5,104601
Chennai,2,1117.0,3.0,Apartment,Unfurnished,Middle,16,55154
Kolkata,3,1293.0,4.0,Independent House,Semi-Furnished,Middle,5,53608
Ahmedabad,3,1188.0,2.0,Villa,Semi-Furnished,Middle,11,68399
Bangalore,1,636.0,1.0,Apartment,Unfurnished,Ground,16,45322
Hyderabad,3,1809.0,2.0,Apartment,Fully Furnished,Low,7,67300
Hyderabad,1,692.0,1.0,Villa,Fully Furnished,Middle,0,64225
Pune,2,944.0,2.0,Apartment,Unfurnished,Middle,4,55212
Delhi,1,515.0,1.0,Apartment,Fully Furnished,Low,9,40876
Bangalore,2,1115.0,2.0,Apartment,Semi-Furnished,High,21,63884
Pune,2,1268.0,2.0,Apartment,Semi-Furnished,Ground,23,55128
Bangalore,2,738.0,2.0,Apartment,Fully Furnished,High,3,60446
Ahmedabad,3,1466.0,3.0,Apartment,Semi-Furnished,Middle,2,48740
Delhi,1,350.0,2.0,Apartment,Semi-Furnished,Ground,14,39348
Kolkata,2,929.0,2.0,Apartment,Semi-Furnished,Ground,4,35962
Kolkata,2,1128.0,1.0,Apartment,Unfurnished,High,26,31826
Hyderabad,3,1700.0,4.0,Studio,Semi-Furnished,Low,23,69592
Kolkata,3,1259.0,3.0,Villa,Fully Furnished,Low,15,70802
Kolkata,2,1006.0,2.0,Apartment,Semi-Furnished,High,14,48988
Ahmedabad,3,989.0,2.0,Apartment,Fully Furnished,Low,23,57217
Mumbai,2,776.0,2.0,Apartment,Semi-Furnished,Middle,20,53820
Hyderabad,3,1146.0,3.0,Apartment,Unfurnished,Ground,15,43157
Pune,2,1138.0,3.0,Apartment,Fully Furnished,Middle,8,51753
Chennai,2,1211.0,3.0,Independent House,Semi-Furnished,Middle,15,61614
Mumbai,3,1109.0,2.0,Apartment,Semi-Furnished,Middle,17,68530
Pune,1,350.0,1.0,Apartment,Unfurnished,High,15,31164
Delhi,3,1927.0,4.0,Independent House,Semi-Furnished,High,3,90140
Mumbai,3,1106.0,3.0,Apartment,Fully Furnished,Middle,16,78716
Ahmedabad,2,931.0,2.0,Apartment,Unfurnished,Middle,10,39096
Pune,1,350.0,2.0,Independent House,Semi-Furnished,Low,23,31669
Delhi,1,350.0,1.0,Apartment,Unfurnished,Low,14,28505
Hyderabad,4,1784.0,5.0,Apartment,Unfurnished,Middle,30,69105
Chennai,3,1518.0,3.0,Apartment,Unfurnished,Middle,17,63303
Delhi,1,586.0,1.0,Apartment,Semi-Furnished,Ground,23,36398
Kolkata,2,1420.0,2.0,Apartment,Unfurnished,High,23,46086
Bangalore,3,1736.0,2.0,Studio,Semi-Furnished,Middle,23,68292
Delhi,3,1586.0,4.0,Apartment,Unfurnished,Low,26,60872
Delhi,1,555.0,1.0,Apartment,Fully Furnished,Low,21,37188
Chennai,2,1432.0,1.0,Apartment,Semi-Furnished,Middle,23,54732
Bangalore,4,1772.0,4.0,Apartment,Semi-Furnished,Middle,3,92613
Kolkata,1,350.0,2.0,Villa,Unfurnished,High,14,34975
Pune,2,468.0,2.0,Apartment,Semi-Furnished,Low,21,37828
Pune,4,2697.0,4.0,Apartment,Semi-Furnished,Middle,26,82886
Delhi,3,1536.0,3.0,Apartment,Semi-Furnished,High,1,76745
Ahmedabad,2,1130.0,1.0,Apartment,Unfurnished,High,6,49830
Ahmedabad,1,386.0,2.0,Villa,Semi-Furnished,Middle,11,41326
Bangalore,1,532.0,1.0,Apartment,Semi-Furnished,Middle,16,44489
Bangalore,2,941.0,2.0,Apartment,Semi-Furnished,High,8,57303
Kolkata,4,2068.0,4.0,Apartment,Semi-Furnished,Ground,9,78914
Chennai,2,822.0,2.0,Apartment,Semi-Furnished,High,1,45556
Hyderabad,3,1025.0,3.0,Apartment,Unfurnished,High,6,56733
Pune,4,1596.0,5.0,Apartment,Unfurnished,High,21,68348
Chennai,2,1192.0,2.0,Independent House,Semi-Furnished,High,17,60851
Mumbai,2,796.0,2.0,Apartment,Fully Furnished,Low,5,61503
Pune,2,901.0,1.0,Independent House,Fully Furnished,Ground,18,46551
Chennai,4,1944.0,4.0,Apartment,Fully Furnished,Low,30,82467
Pune,3,803.0,3.0,Studio,Unfurnished,Low,16,41490
Hyderabad,1,392.0,1.0,Studio,Semi-Furnished,Low,24,16768
Mumbai,3,1735.0,3.0,Apartment,Unfurnished,Middle,22,84008
Ahmedabad,3,1358.0,3.0,Apartment,Semi-Furnished,High,24,62687
Ahmedabad,4,3438.0,4.0,Villa,Semi-Furnished,Low,27,93743
Hyderabad,1,563.0,1.0,Apartment,Semi-Furnished,Middle,12,39116
Kolkata,2,1674.0,2.0,Apartment,Semi-Furnished,Low,25,62600
Mumbai,4,2304.0,4.0,Apartment,Fully Furnished,High,3,83525
Delhi,2,590.0,2.0,Apartment,Semi-Furnished,Low,28,39494
Chennai,2,1120.0,2.0,Villa,Semi-Furnished,Ground,14,63574
Mumbai,1,741.0,1.0,Villa,Semi-Furnished,Low,22,59860
Kolkata,2,975.0,2.0,Studio,Unfurnished,Low,1,44521
Kolkata,2,1286.0,2.0,Apartment,Semi-Furnished,High,28,43963
Hyderabad,4,2227.0,4.0,Apartment,Unfurnished,Middle,0,76613
Pune,2,904.0,2.0,Apartment,Semi-Furnished,Middle,15,52061
Mumbai,2,979.0,1.0,Villa,Semi-Furnished,Middle,7,70042
Chennai,3,2104.0,3.0,Apartment,Semi-Furnished,Middle,6,89580
Mumbai,1,720.0,1.0,Studio,Semi-Furnished,Middle,4,62490
Bangalore,2,966.0,2.0,Villa,Fully Furnished,High,25,58791
Pune,3,1656.0,2.0,Apartment,Fully Furnished,High,19,68589
Chennai,4,2069.0,4.0,Apartment,Semi-Furnished,Middle,1,98394
Ahmedabad,3,1543.0,3.0,Apartment,Semi-Furnished,High,28,48543
Chennai,3,1516.0,3.0,Apartment,Semi-Furnished,High,21,73487
Delhi,1,607.0,1.0,Studio,Semi-Furnished,High,4,47775
Hyderabad,4,2286.0,3.0,Apartment,Fully Furnished,Ground,9,99051
Delhi,1,688.0,2.0,Villa,Semi-Furnished,Middle,24,46761
Chennai,3,1144.0,3.0,Apartment,Unfurnished,Low,30,51276
Pune,2,811.0,2.0,Apartment,Unfurnished,High,25,37802
Mumbai,4,2099.0,4.0,Independent House,Fully Furnished,Low,13,115102
Ahmedabad,3,1632.0,3.0,Apartment,Unfurnished,High,1,65395
Mumbai,3,1717.0,3.0,Apartment,Semi-Furnished,Middle,20,85375
Pune,2,1024.0,2.0,Independent House,Unfurnished,Middle,18,52414
Chennai,2,1038.0,3.0,Independent House,Semi-Furnished,High,4,64671
Kolkata,3,1680.0,4.0,Apartment,Fully Furnished,High,20,81940
Mumbai,3,1812.0,2.0,Apartment,Fully Furnished,Low,4,84567
Kolkata,1,748.0,2.0,Apartment,Fully Furnished,Ground,23,48509
Mumbai,5,2781.0,5.0,Apartment,Semi-Furnished,Middle,29,121398
Mumbai,4,2120.0,5.0,Apartment,Unfurnished,Ground,4,84329
Ahmedabad,2,1393.0,2.0,Apartment,Unfurnished,Middle,5,59946
Hyderabad,3,1291.0,3.0,Apartment,Semi-Furnished,Low,16,58029
Hyderabad,2,927.0,1.0,Apartment,Fully Furnished,Low,13,61146
Bangalore,2,992.0,1.0,Independent House,Unfurnished,Low,3,55802
Delhi,2,872.0,3.0,Independent House,Semi-Furnished,Middle,30,66524
Pune,3,1214.0,3.0,Apartment,Fully Furnished,Middle,17,61055
Pune,3,1696.0,4.0,Apartment,Semi-Furnished,High,17,67266
Pune,2,1147.0,2.0,Apartment,Semi-Furnished,Low,10,52161
Bangalore,3,1435.0,4.0,Apartment,Semi-Furnished,Low,16,60843
Hyderabad,3,1255.0,3.0,Villa,Fully Furnished,Low,13,64109
Chennai,3,1545.0,3.0,Apartment,Semi-Furnished,Middle,5,67630
Kolkata,1,509.0,1.0,Apartment,Semi-Furnished,Ground,29,29943
Ahmedabad,4,2495.0,3.0,Apartment,Semi-Furnished,High,18,106754
Kolkata,2,859.0,2.0,Apartment,Semi-Furnished,High,17,39081
Chennai,2,1042.0,2.0,Apartment,Semi-Furnished,Middle,29,44324
Ahmedabad,2,1361.0,1.0,Independent House,Fully Furnished,Low,26,57163
Bangalore,2,1235.0,2.0,Apartment,Fully Furnished,Low,7,55109
Chennai,4,1979.0,4.0,Apartment,Unfurnished,Ground,4,81641
Pune,2,1111.0,2.0,Apartment,Semi-Furnished,Low,30,52192
Delhi,3,1686.0,4.0,Apartment,Fully Furnished,Low,15,74774
Mumbai,1,379.0,1.0,Apartment,Semi-Furnished,Middle,12,43483
Kolkata,2,874.0,2.0,Apartment,Semi-Furnished,Middle,14,48613
Hyderabad,5,3863.0,6.0,Apartment,Fully Furnished,High,25,124337
Hyderabad,3,2114.0,2.0,Apartment,Fully Furnished,Middle,26,97443
Bangalore,2,1319.0,2.0,Apartment,Unfurnished,High,28,62910
Ahmedabad,2,830.0,2.0,Apartment,Unfurnished,Ground,0,42675
Hyderabad,2,1230.0,1.0,Apartment,Fully Furnished,Low,0,64908
Pune,2,896.0,3.0,Apartment,Semi-Furnished,Low,1,42887
Kolkata,3,1463.0,3.0,Independent House,Semi-Furnished,High,27,66622
Chennai,3,2235.0,3.0,Independent House,Fully Furnished,Low,27,86581
Pune,2,903.0,2.0,Apartment,Fully Furnished,Low,18,46039
Bangalore,4,2830.0,4.0,Apartment,Fully Furnished,Ground,1,115799
Pune,3,1270.0,4.0,Apartment,Unfurnished,High,15,61243
Chennai,2,696.0,3.0,Independent House,Fully Furnished,Low,1,52341
Delhi,2,1035.0,2.0,Independent House,Unfurnished,Middle,20,69597
Bangalore,3,1766.0,4.0,Apartment,Unfurnished,High,28,66767
Delhi,2,1146.0,2.0,Independent House,Semi-Furnished,Low,6,55183
Mumbai,2,1149.0,2.0,Apartment,Fully Furnished,High,0,78505
Delhi,2,1002.0,2.0,Villa,Fully Furnished,Low,0,71786
Mumbai,1,457.0,2.0,Apartment,Fully Furnished,Low,17,53187
Mumbai,3,1596.0,3.0,Apartment,Unfurnished,Low,30,79027
Delhi,2,753.0,1.0,Apartment,Semi-Furnished,Middle,28,42067
Bangalore,1,680.0,1.0,Apartment,Unfurnished,High,28,41941
Ahmedabad,3,1950.0,3.0,Villa,Fully Furnished,Middle,17,89723
Chennai,4,1253.0,4.0,Apartment,Semi-Furnished,Middle,15,47723
Pune,4,2968.0,4.0,Apartment,Fully Furnished,Ground,0,114082
Pune,2,1009.0,2.0,Apartment,Unfurnished,Low,28,39301
Chennai,1,350.0,1.0,Apartment,Fully Furnished,Low,11,37988
Kolkata,2,1372.0,1.0,Independent House,Unfurnished,Ground,10,66168
Kolkata,1,743.0,2.0,Studio,Unfurnished,Middle,29,21336
Mumbai,4,2163.0,4.0,Apartment,Unfurnished,Low,29,86205
Mumbai,2,1036.0,2.0,Independent House,Semi-Furnished,Middle,8,62095
Bangalore,2,1286.0,2.0,Apartment,Semi-Furnished,Middle,29,62319
Hyderabad,2,350.0,2.0,Studio,Semi-Furnished,Low,27,22703
Delhi,2,961.0,2.0,Apartment,Semi-Furnished,High,25,53946
Mumbai,3,1342.0,3.0,Studio,,High,22,69367
Pune,2,1047.0,1.0,Apartment,Semi-Furnished,Low,9,49993
Bangalore,1,534.0,1.0,Independent House,Semi-Furnished,Ground,10,49363
Delhi,2,1194.0,1.0,Apartment,Fully Furnished,Low,22,57843
Bangalore,2,922.0,1.0,Apartment,Unfurnished,Middle,12,44640
Delhi,1,608.0,2.0,Independent House,Unfurnished,Middle,11,45424
Delhi,3,1552.0,3.0,Apartment,Unfurnished,Middle,5,71237
Chennai,3,1857.0,3.0,Villa,Semi-Furnished,Middle,28,68742
Mumbai,3,1315.0,3.0,Apartment,Unfurnished,Low,21,60529
Ahmedabad,4,2256.0,5.0,Studio,Unfurnished,High,13,78078
Bangalore,4,1762.0,3.0,Apartment,Fully Furnished,High,5,88081
Ahmedabad,4,1619.0,4.0,Apartment,Semi-Furnished,Middle,11,68079
Bangalore,2,1119.0,2.0,Apartment,Semi-Furnished,Low,30,56351
Chennai,1,350.0,1.0,Independent House,Semi-Furnished,Middle,17,30019
Pune,2,797.0,1.0,Villa,Semi-Furnished,High,25,57594
Ahmedabad,4,2445.0,4.0,Independent House,Semi-Furnished,High,22,98571
Pune,5,2196.0,5.0,Independent House,Semi-Furnished,Middle,28,75857
Kolkata,4,1788.0,5.0,Studio,Unfurnished,High,28,63023
Mumbai,1,527.0,1.0,Villa,Semi-Furnished,High,19,56925
Mumbai,4,2143.0,4.0,Studio,Fully Furnished,Middle,10,98957
Hyderabad,2,1044.0,2.0,Independent House,Fully Furnished,Middle,1,60344
Chennai,1,645.0,1.0,Independent House,Semi-Furnished,Low,11,40906
Pune,2,916.0,3.0,Apartment,Fully Furnished,Middle,24,60348
Delhi,1,762.0,1.0,Apartment,Fully Furnished,Middle,14,44642
Bangalore,2,911.0,2.0,Apartment,Unfurnished,Low,22,46236
Mumbai,2,1701.0,2.0,Apartment,Unfurnished,Middle,5,82191
Ahmedabad,2,698.0,2.0,Apartment,Fully Furnished,High,4,44975
Bangalore,3,1501.0,3.0,Independent House,Semi-Furnished,Low,14,73380
Bangalore,4,2025.0,5.0,Apartment,Unfurnished,Low,25,90191
Hyderabad,3,1635.0,2.0,Apartment,Unfurnished,Middle,10,70125
Pune,2,1027.0,2.0,Apartment,Semi-Furnished,Ground,14,55083
Mumbai,3,2041.0,4.0,Apartment,Fully Furnished,High,18,94550
Bangalore,4,1346.0,4.0,Apartment,Unfurnished,Middle,0,70364
Mumbai,1,350.0,1.0,Apartment,Semi-Furnished,Ground,4,52336
Delhi,2,1086.0,2.0,Apartment,Fully Furnished,High,28,67434
Hyderabad,2,953.0,3.0,Apartment,Semi-Furnished,Middle,3,47452
Delhi,1,788.0,1.0,Apartment,Unfurnished,Middle,8,38792
Mumbai,3,1031.0,3.0,Apartment,Fully Furnished,Low,5,80453
Kolkata,4,1977.0,3.0,Apartment,Unfurnished,Low,22,70609
Ahmedabad,1,628.0,2.0,Apartment,Fully Furnished,Middle,10,35217
Mumbai,3,1499.0,3.0,Apartment,Semi-Furnished,Ground,2,91448
Pune,4,1884.0,5.0,Apartment,Fully Furnished,High,22,72718
Bangalore,4,2193.0,4.0,Apartment,Semi-Furnished,High,24,99132
Bangalore,2,1195.0,2.0,Independent House,Semi-Furnished,Middle,8,71056
Delhi,4,2593.0,4.0,Studio,Fully Furnished,Middle,10,115383
Ahmedabad,2,836.0,1.0,Independent House,Fully Furnished,Low,8,55059
Hyderabad,2,1062.0,1.0,Independent House,Unfurnished,Middle,0,59456
Kolkata,1,350.0,1.0,Apartment,Fully Furnished,Low,12,38484
Chennai,1,507.0,1.0,Apartment,Semi-Furnished,Low,0,40943
Ahmedabad,3,1519.0,3.0,Apartment,Unfurnished,Ground,26,52790
Bangalore,2,959.0,3.0,Independent House,Fully Furnished,High,17,78960
Pune,2,1274.0,3.0,Apartment,Semi-Furnished,High,10,61032
Ahmedabad,2,667.0,2.0,Apartment,Semi-Furnished,Middle,29,27817
Delhi,3,1498.0,3.0,Apartment,Semi-Furnished,Middle,14,78524
Delhi,1,772.0,2.0,Apartment,Unfurnished,High,29,38902
Chennai,3,1157.0,3.0,Apartment,Fully Furnished,Middle,28,60300
Pune,1,482.0,2.0,Independent House,Unfurnished,Middle,15,34446
Hyderabad,2,597.0,1.0,Independent House,Semi-Furnished,Low,23,35742
Ahmedabad,2,700.0,2.0,Apartment,Unfurnished,Low,23,25317
Pune,2,819.0,2.0,Apartment,Fully Furnished,Ground,0,45771
Hyderabad,2,995.0,2.0,Apartment,Unfurnished,Ground,10,37237
Pune,2,1237.0,2.0,Apartment,Semi-Furnished,High,5,57882
Pune,5,3277.0,4.0,Independent House,Unfurnished,High,11,138789
Mumbai,3,1540.0,4.0,Apartment,Semi-Furnished,Low,25,85361
Delhi,1,350.0,1.0,Apartment,Unfurnished,Ground,18,29099
Ahmedabad,2,608.0,1.0,Apartment,Semi-Furnished,Low,0,32057
Pune,4,1679.0,4.0,Apartment,Semi-Furnished,High,20,75105
Ahmedabad,2,1004.0,2.0,Villa,Unfurnished,Low,1,57829
Chennai,1,586.0,2.0,Independent House,Semi-Furnished,High,21,44404
Pune,3,1396.0,4.0,Apartment,Semi-Furnished,High,29,68617
Bangalore,3,2281.0,3.0,Independent House,Semi-Furnished,High,19,113196
Delhi,3,1987.0,2.0,Apartment,Semi-Furnished,Middle,11,64975
Bangalore,1,704.0,2.0,Studio,Fully Furnished,High,23,48970
Ahmedabad,1,548.0,1.0,Villa,Fully Furnished,Middle,0,44794
Ahmedabad,3,1160.0,3.0,Studio,Fully Furnished,High,27,58558
Delhi,2,960.0,2.0,Independent House,Unfurnished,Middle,6,47491
Ahmedabad,2,918.0,2.0,Independent House,Unfurnished,Middle,9,50718
Bangalore,2,1036.0,3.0,Apartment,Fully Furnished,High,21,56973
Pune,2,949.0,2.0,Apartment,Unfurnished,High,15,55834
Pune,4,1449.0,5.0,Independent House,Semi-Furnished,Middle,27,78938
Mumbai,4,2263.0,4.0,Apartment,Semi-Furnished,Middle,14,96042
Chennai,3,1706.0,3.0,Apartment,Fully Furnished,Ground,8,81510
Ahmedabad,1,621.0,1.0,Studio,Unfurnished,High,13,33702
Bangalore,1,601.0,2.0,Apartment,Fully Furnished,Middle,3,54965
Ahmedabad,2,1011.0,1.0,Apartment,Semi-Furnished,Low,28,46704
Ahmedabad,1,350.0,1.0,Apartment,Semi-Furnished,Low,5,33363
Hyderabad,5,2260.0,5.0,Apartment,Semi-Furnished,Middle,14,89863
Mumbai,1,439.0,1.0,Apartment,Unfurnished,High,22,33318
Bangalore,2,897.0,2.0,Apartment,Semi-Furnished,Low,7,54488
Bangalore,2,1669.0,1.0,Apartment,Semi-Furnished,High,9,90169
Ahmedabad,3,1446.0,3.0,Independent House,Semi-Furnished,Low,6,60880
Mumbai,1,426.0,1.0,Independent House,Semi-Furnished,High,22,55525
Pune,2,478.0,1.0,Studio,Fully Furnished,Middle,21,38432
Bangalore,2,1364.0,2.0,Apartment,Semi-Furnished,Low,21,46807
Pune,4,1470.0,4.0,Apartment,Semi-Furnished,High,16,61061
Mumbai,1,726.0,1.0,Villa,Fully Furnished,Middle,24,77193
Pune,4,2514.0,4.0,Apartment,Semi-Furnished,High,12,104948
Delhi,3,1897.0,3.0,Villa,Semi-Furnished,Middle,7,83511
Hyderabad,2,872.0,2.0,Studio,Unfurnished,Ground,24,37673
Kolkata,3,1871.0,4.0,Villa,Semi-Furnished,High,10,98287
Bangalore,1,603.0,1.0,Studio,Unfurnished,Low,0,41575
Chennai,5,2905.0,4.0,Apartment,Semi-Furnished,High,5,110038
Hyderabad,2,1041.0,2.0,Apartment,Unfurnished,High,5,57554
Kolkata,2,725.0,1.0,Apartment,Semi-Furnished,Ground,27,35028
Pune,2,1079.0,1.0,Independent House,Fully Furnished,Ground,8,67406
Bangalore,1,500.0,1.0,Apartment,Unfurnished,Middle,1,37841
Pune,5,2485.0,5.0,Independent House,Fully Furnished,Ground,16,102940
Delhi,1,728.0,1.0,Apartment,Semi-Furnished,Middle,1,53821
Mumbai,3,1758.0,3.0,Independent House,Unfurnished,Middle,21,82696
Bangalore,2,902.0,2.0,Apartment,Fully Furnished,Low,6,56204
Kolkata,4,1492.0,4.0,Apartment,Fully Furnished,High,22,55695
Kolkata,2,756.0,2.0,Studio,Semi-Furnished,Middle,28,18270
Delhi,2,1366.0,2.0,Apartment,Semi-Furnished,Middle,18,57876
Delhi,2,1311.0,2.0,Apartment,Unfurnished,Low,19,50610
Ahmedabad,3,1508.0,3.0,Villa,Unfurnished,High,2,82832
Bangalore,1,500.0,1.0,Apartment,Fully Furnished,Ground,10,46266
Pune,2,1244.0,2.0,Apartment,Unfurnished,Ground,12,54832
Chennai,2,1470.0,2.0,Independent House,Fully Furnished,High,15,68542
Kolkata,3,1482.0,3.0,Independent House,Semi-Furnished,Ground,8,67985
Kolkata,2,1091.0,1.0,Apartment,Fully Furnished,Low,29,45885
Delhi,3,1444.0,2.0,Independent House,Unfurnished,High,18,63814
Hyderabad,2,1545.0,2.0,Apartment,Semi-Furnished,Middle,11,41872
Delhi,4,2341.0,4.0,Apartment,Unfurnished,Middle,25,76334
Chennai,4,2428.0,5.0,Apartment,Fully Furnished,Middle,15,83812
Pune,2,1154.0,3.0,Apartment,Semi-Furnished,Low,21,53834
Pune,2,1263.0,2.0,Apartment,Semi-Furnished,Low,5,66142
Hyderabad,2,880.0,2.0,Studio,Fully Furnished,Middle,4,42122
Kolkata,1,616.0,2.0,Apartment,Unfurnished,Middle,4,37153
Delhi,2,1509.0,3.0,Villa,Unfurnished,Middle,10,58926
Ahmedabad,3,1097.0,3.0,Apartment,Semi-Furnished,Ground,13,56686
Pune,2,1041.0,3.0,Apartment,Semi-Furnished,Middle,23,43209
Chennai,4,2193.0,3.0,Apartment,Semi-Furnished,Middle,13,77561
Bangalore,2,1215.0,2.0,Apartment,Semi-Furnished,High,8,65083
Mumbai,3,1552.0,3.0,Independent House,Unfurnished,High,7,95186
Mumbai,2,1316.0,1.0,Independent House,Semi-Furnished,Middle,23,73848
Mumbai,2,538.0,2.0,Independent House,Unfurnished,Middle,10,53584
Ahmedabad,2,1488.0,3.0,Apartment,Unfurnished,Ground,9,53867
Kolkata,2,1057.0,2.0,Apartment,Unfurnished,High,30,50242
Delhi,2,1431.0,1.0,Apartment,Fully Furnished,Middle,18,71948
Hyderabad,3,1107.0,3.0,Apartment,Fully Furnished,Middle,21,48619
Ahmedabad,4,1796.0,5.0,Studio,Semi-Furnished,High,24,62920
Ahmedabad,2,1606.0,2.0,Apartment,Fully Furnished,Middle,20,68672
Pune,1,898.0,2.0,Apartment,Semi-Furnished,Middle,19,39666
Bangalore,2,457.0,2.0,Apartment,Unfurnished,Middle,28,28553
Ahmedabad,2,1129.0,2.0,Apartment,Semi-Furnished,High,30,49944
Chennai,1,509.0,1.0,Villa,Fully Furnished,High,24,48366
Bangalore,3,2179.0,3.0,Villa,Unfurnished,Middle,15,95719
Chennai,5,2689.0,4.0,Apartment,,Middle,4,107025
Kolkata,4,2115.0,4.0,Studio,Semi-Furnished,Low,5,68480
Delhi,2,1147.0,1.0,Apartment,Semi-Furnished,High,10,53602
Mumbai,4,2089.0,3.0,Apartment,Semi-Furnished,Middle,26,75656
Ahmedabad,3,1846.0,4.0,Studio,Unfurnished,High,10,63911
Delhi,2,1029.0,2.0,Apartment,Fully Furnished,Low,15,67802
Kolkata,2,646.0,2.0,Apartment,Fully Furnished,Low,22,37551
Hyderabad,4,1664.0,4.0,Apartment,Fully Furnished,High,7,66658
Hyderabad,2,1477.0,2.0,Apartment,Unfurnished,Low,18,53945
Kolkata,2,1362.0,,Apartment,Semi-Furnished,Low,0,66723
Chennai,2,767.0,2.0,Independent House,Semi-Furnished,High,25,50616
Pune,3,1974.0,2.0,Independent House,Fully Furnished,Middle,26,76035
Pune,2,770.0,2.0,Independent House,Semi-Furnished,Low,20,49695
Chennai,4,1735.0,5.0,Apartment,Fully Furnished,Middle,8,74416
Hyderabad,3,1624.0,3.0,Apartment,Unfurnished,Middle,13,74350
Hyderabad,3,1291.0,2.0,Apartment,Semi-Furnished,Low,24,52345
Ahmedabad,1,350.0,1.0,Villa,Semi-Furnished,High,19,38758
Hyderabad,3,1369.0,3.0,Independent House,Semi-Furnished,Middle,2,73812
Delhi,1,350.0,1.0,Apartment,Unfurnished,High,4,23138
Hyderabad,1,420.0,1.0,Independent House,Semi-Furnished,Middle,30,35177
Bangalore,2,562.0,2.0,Apartment,Semi-Furnished,Middle,1,44237
Ahmedabad,2,999.0,2.0,Apartment,Semi-Furnished,Middle,17,37466
Mumbai,3,1803.0,3.0,Apartment,Unfurnished,Ground,21,78419
Hyderabad,1,562.0,2.0,Villa,Fully Furnished,Middle,20,45391
Chennai,2,936.0,2.0,Apartment,Fully Furnished,High,24,49520
Mumbai,1,555.0,1.0,Studio,Fully Furnished,Middle,12,54528
Delhi,5,2183.0,4.0,Apartment,Semi-Furnished,High,3,99411
Chennai,3,1673.0,3.0,Apartment,Fully Furnished,Middle,16,72353
Mumbai,3,1369.0,3.0,Apartment,Semi-Furnished,Low,13,60043
Chennai,2,1201.0,1.0,Apartment,Fully Furnished,Low,11,63215
Delhi,1,751.0,2.0,Apartment,Semi-Furnished,High,9,58328
Ahmedabad,5,2214.0,4.0,Apartment,Unfurnished,Middle,21,79737
Bangalore,2,1154.0,3.0,Apartment,Semi-Furnished,Middle,23,56273
Delhi,2,911.0,2.0,Apartment,Unfurnished,High,14,44042
Delhi,3,1677.0,3.0,Apartment,Semi-Furnished,Middle,6,76474
Chennai,1,350.0,1.0,Apartment,Semi-Furnished,High,2,44762
Ahmedabad,3,1769.0,3.0,Apartment,Semi-Furnished,High,19,65864
Kolkata,2,1360.0,2.0,Studio,Semi-Furnished,Middle,28,60790
Pune,2,841.0,1.0,Independent House,Fully Furnished,High,10,67271
Hyderabad,1,410.0,1.0,Apartment,Semi-Furnished,Middle,25,34636
Hyderabad,1,587.0,2.0,Studio,Semi-Furnished,High,12,38660
Bangalore,4,2371.0,5.0,Independent House,Unfurnished,High,27,102095
Bangalore,3,1285.0,2.0,Apartment,Unfurnished,Ground,20,66732
Hyderabad,2,1447.0,1.0,Apartment,Unfurnished,High,2,61529
Pune,1,488.0,1.0,Studio,Unfurnished,Middle,12,30628
Hyderabad,3,1211.0,2.0,Apartment,Semi-Furnished,Low,27,52695
Kolkata,3,1475.0,2.0,Apartment,Unfurnished,High,7,64404
Pune,2,929.0,1.0,Apartment,Semi-Furnished,Low,8,33287
Bangalore,2,983.0,2.0,Apartment,Unfurnished,Ground,6,56007
Mumbai,2,1171.0,2.0,Apartment,Semi-Furnished,Low,7,66623
Chennai,3,1257.0,2.0,Independent House,Unfurnished,Middle,13,59947
Kolkata,5,2635.0,4.0,Apartment,Unfurnished,High,17,103386
Kolkata,1,444.0,2.0,Apartment,Semi-Furnished,Low,9,28504
Ahmedabad,3,1868.0,3.0,Apartment,Semi-Furnished,High,2,81458
Bangalore,2,1141.0,1.0,Independent House,Unfurnished,Low,28,60554
Bangalore,2,773.0,2.0,Studio,Unfurnished,High,15,42993
Delhi,2,868.0,2.0,Apartment,Unfurnished,High,14,41350
Kolkata,3,1917.0,3.0,Independent House,Fully Furnished,Middle,12,78674
Delhi,2,736.0,2.0,Apartment,Semi-Furnished,High,3,49810
Delhi,2,1102.0,3.0,Villa,Semi-Furnished,Ground,15,64057
Chennai,2,998.0,2.0,Apartment,Semi-Furnished,High,25,51063
Delhi,2,1034.0,2.0,Studio,Semi-Furnished,Ground,17,34360
Pune,1,474.0,2.0,Independent House,Semi-Furnished,High,18,41304
Hyderabad,3,1395.0,2.0,Independent House,Fully Furnished,Low,23,67003
Mumbai,2,1055.0,3.0,Apartment,Fully Furnished,Ground,15,63199
Bangalore,3,1557.0,4.0,Independent House,Semi-Furnished,Low,25,87058
Pune,2,1389.0,2.0,Apartment,Semi-Furnished,Low,27,55114
Mumbai,2,1112.0,2.0,Apartment,Unfurnished,Middle,11,63109
Kolkata,2,1362.0,2.0,Independent House,Semi-Furnished,Middle,22,43867
Kolkata,2,1192.0,2.0,Villa,Unfurnished,Low,21,52629
Kolkata,1,350.0,1.0,Apartment,Semi-Furnished,High,21,27425
Pune,2,1242.0,2.0,Apartment,Semi-Furnished,Low,1,57127
Pune,3,2071.0,4.0,Villa,Semi-Furnished,Low,7,101505
Bangalore,3,1399.0,3.0,Independent House,Semi-Furnished,Middle,10,76008
Hyderabad,2,1189.0,1.0,Apartment,Semi-Furnished,Low,11,54748
Ahmedabad,2,1579.0,1.0,Villa,Unfurnished,Low,5,77231
Delhi,2,1332.0,2.0,Studio,Fully Furnished,Middle,15,67113
Kolkata,2,1259.0,2.0,Apartment,Fully Furnished,Ground,30,50632
Chennai,1,350.0,2.0,Apartment,Fully Furnished,Middle,26,31618
Hyderabad,4,2248.0,4.0,Studio,Fully Furnished,High,4,98394
Chennai,2,1238.0,3.0,Apartment,Fully Furnished,Low,9,61846
Bangalore,2,934.0,3.0,Apartment,Unfurnished,High,28,45331
Bangalore,2,1197.0,1.0,Apartment,Fully Furnished,Low,4,53312
Bangalore,1,393.0,1.0,Studio,Unfurnished,Low,30,31468
Mumbai,3,1432.0,3.0,Studio,Unfurnished,Middle,17,80250
Chennai,1,621.0,1.0,Independent House,Semi-Furnished,Ground,28,37528
Hyderabad,1,651.0,1.0,Apartment,Semi-Furnished,Ground,1,36314
Ahmedabad,3,1362.0,3.0,Independent House,Semi-Furnished,Middle,13,69361
Hyderabad,2,988.0,1.0,Apartment,Semi-Furnished,Ground,22,49586
Pune,3,1756.0,2.0,Apartment,Semi-Furnished,Middle,26,58926
Pune,2,1235.0,3.0,Independent House,Unfurnished,Middle,20,58856
Kolkata,2,450.0,2.0,Apartment,Semi-Furnished,Low,28,31400
Ahmedabad,3,2124.0,3.0,Apartment,Unfurnished,High,6,74367
Pune,1,569.0,2.0,Apartment,Semi-Furnished,Low,7,42010
Bangalore,2,995.0,3.0,Independent House,Unfurnished,Low,3,63638
Hyderabad,2,837.0,,Apartment,Semi-Furnished,High,4,46493
Chennai,2,922.0,2.0,Independent House,Unfurnished,Middle,16,46929
Bangalore,3,1527.0,3.0,Apartment,Semi-Furnished,Middle,5,74271
Mumbai,4,1501.0,4.0,Apartment,Fully Furnished,Low,28,88492
Pune,5,2962.0,4.0,Apartment,Unfurnished,High,28,98138
Bangalore,3,1694.0,3.0,Apartment,Semi-Furnished,Middle,27,71419
Bangalore,2,795.0,2.0,Independent House,Unfurnished,Low,0,43844
Mumbai,2,711.0,2.0,Apartment,Semi-Furnished,High,2,51316
Delhi,2,483.0,2.0,Apartment,Semi-Furnished,High,9,43930
Hyderabad,2,1538.0,2.0,Studio,Semi-Furnished,High,12,61277
Chennai,2,731.0,2.0,Apartment,Unfurnished,High,18,41172
Kolkata,4,2089.0,4.0,Apartment,Semi-Furnished,Ground,13,89580
Delhi,2,1135.0,2.0,Apartment,Semi-Furnished,Low,22,48902
Pune,2,728.0,3.0,Apartment,Semi-Furnished,Low,10,46202
Bangalore,2,1041.0,2.0,Apartment,Semi-Furnished,Low,25,59865
Ahmedabad,3,1430.0,3.0,Apartment,Fully Furnished,High,17,61460
Mumbai,3,1362.0,3.0,Apartment,Semi-Furnished,High,10,74182
Mumbai,3,1334.0,3.0,Apartment,Semi-Furnished,High,14,71589
Ahmedabad,2,1229.0,2.0,Independent House,Unfurnished,Middle,24,46800
Hyderabad,3,1566.0,3.0,Apartment,Semi-Furnished,Middle,3,77148
Delhi,1,390.0,1.0,Independent House,Semi-Furnished,Middle,10,46121
Kolkata,4,2767.0,4.0,Apartment,Fully Furnished,High,5,98603
Hyderabad,2,1394.0,3.0,Apartment,Unfurnished,Ground,21,44264
Ahmedabad,2,917.0,2.0,Villa,Semi-Furnished,Middle,17,48089
Bangalore,2,904.0,2.0,Independent House,Semi-Furnished,Middle,11,56008
Ahmedabad,3,2052.0,3.0,Studio,Fully Furnished,High,25,83013
Hyderabad,1,445.0,1.0,Apartment,Semi-Furnished,Low,30,31100
Chennai,4,2051.0,4.0,Apartment,Unfurnished,Middle,26,82180
Mumbai,2,778.0,2.0,Apartment,Unfurnished,High,15,61898
Mumbai,2,1116.0,2.0,Studio,Fully Furnished,High,19,61625
Pune,1,433.0,2.0,Apartment,Semi-Furnished,Ground,15,33433
Pune,2,863.0,2.0,Villa,Unfurnished,Middle,17,56967
Ahmedabad,2,805.0,2.0,Apartment,Semi-Furnished,Low,25,38721
Kolkata,2,1010.0,1.0,Studio,Semi-Furnished,Middle,13,52346
Bangalore,3,1488.0,4.0,Apartment,Fully Furnished,Middle,16,79584
Chennai,2,1111.0,3.0,Apartment,Fully Furnished,High,14,62555
Delhi,5,2777.0,4.0,Apartment,Unfurnished,Low,9,91281
Hyderabad,3,1872.0,4.0,Apartment,Fully Furnished,Ground,6,81130
Kolkata,3,1570.0,4.0,Studio,Fully Furnished,Middle,4,54339
Bangalore,1,514.0,2.0,Apartment,Unfurnished,Low,10,39492
Pune,2,1026.0,2.0,Apartment,Unfurnished,High,20,45406
Ahmedabad,2,1318.0,2.0,Apartment,Semi-Furnished,High,2,52762
Hyderabad,3,2106.0,3.0,Apartment,Unfurnished,Middle,16,76981
Pune,4,1483.0,4.0,Independent House,Semi-Furnished,Low,18,69166
Ahmedabad,1,608.0,1.0,Apartment,Semi-Furnished,Middle,8,26748
Hyderabad,1,796.0,2.0,Apartment,Fully Furnished,Low,29,38486
Delhi,4,1787.0,4.0,Apartment,Fully Furnished,High,29,75611
Bangalore,2,631.0,1.0,Apartment,Fully Furnished,Middle,3,50319
Hyderabad,3,1316.0,,Studio,Unfurnished,High,14,61774
Chennai,2,627.0,3.0,Apartment,Semi-Furnished,High,20,44674
Kolkata,3,825.0,3.0,Apartment,Fully Furnished,High,21,54918
Mumbai,1,686.0,1.0,Villa,Semi-Furnished,Low,30,59594
Chennai,1,435.0,2.0,Apartment,Semi-Furnished,High,28,33332
Chennai,2,1615.0,2.0,Apartment,Fully Furnished,High,8,84283
Kolkata,4,2067.0,4.0,Villa,Semi-Furnished,Middle,28,79274
Mumbai,2,835.0,2.0,Apartment,Semi-Furnished,High,20,60926
Chennai,2,925.0,3.0,Apartment,Fully Furnished,Ground,15,51717
Hyderabad,3,1228.0,4.0,Apartment,Semi-Furnished,High,22,44401
Hyderabad,4,2638.0,3.0,Apartment,Unfurnished,Low,24,83892
Hyderabad,3,1585.0,2.0,Independent House,Unfurnished,Low,16,68156
Mumbai,5,2422.0,4.0,Apartment,Unfurnished,Middle,17,102404
Chennai,1,350.0,1.0,Apartment,Semi-Furnished,Low,4,33234
Ahmedabad,1,350.0,2.0,Independent House,Semi-Furnished,Low,4,32058
Mumbai,3,1865.0,4.0,Apartment,Unfurnished,Low,27,81161
Hyderabad,3,1931.0,3.0,Apartment,Unfurnished,Middle,28,66138
Kolkata,2,1049.0,2.0,Apartment,Unfurnished,Ground,8,46870
Chennai,2,1145.0,1.0,Apartment,Semi-Furnished,High,26,66790
Chennai,3,1190.0,4.0,Studio,Unfurnished,Middle,30,52281
Pune,1,575.0,1.0,Independent House,Semi-Furnished,Middle,22,41866
Pune,2,741.0,2.0,Apartment,Fully Furnished,Ground,9,42888
Delhi,2,746.0,2.0,Apartment,Unfurnished,Low,24,48041
Ahmedabad,3,1730.0,2.0,Independent House,Unfurnished,Ground,26,74098
Ahmedabad,3,1095.0,3.0,Studio,Unfurnished,Ground,22,51465
Bangalore,2,1226.0,3.0,Independent House,Unfurnished,Middle,21,62325
Ahmedabad,3,2075.0,3.0,Independent House,Unfurnished,Middle,21,72086
Pune,3,1448.0,3.0,Apartment,Unfurnished,Low,12,59496
Mumbai,2,1172.0,2.0,Apartment,Semi-Furnished,Low,16,71015
Ahmedabad,3,1537.0,3.0,Apartment,Semi-Furnished,Middle,12,69064
Pune,2,1788.0,2.0,Independent House,Semi-Furnished,Middle,6,71552
Delhi,1,435.0,2.0,Apartment,Fully Furnished,Low,19,43236
Chennai,1,433.0,1.0,Apartment,Semi-Furnished,Middle,27,31206
Ahmedabad,2,713.0,2.0,Studio,Fully Furnished,Ground,25,28409
Delhi,2,1078.0,3.0,Apartment,Semi-Furnished,High,2,59824
Chennai,4,2096.0,3.0,Apartment,Semi-Furnished,Middle,0,69383
Kolkata,3,1552.0,3.0,Apartment,Semi-Furnished,Ground,22,61712
Kolkata,3,1014.0,3.0,Apartment,Semi-Furnished,Low,9,38852
Chennai,2,940.0,2.0,Villa,Semi-Furnished,High,14,69445
Ahmedabad,2,1020.0,2.0,Apartment,Semi-Furnished,Ground,12,48979
Bangalore,2,1408.0,3.0,Apartment,Semi-Furnished,Low,24,67176
Pune,2,641.0,1.0,Apartment,Fully Furnished,Middle,16,48476
Mumbai,1,599.0,1.0,Villa,Semi-Furnished,Low,28,52692
Mumbai,3,1651.0,3.0,Apartment,Unfurnished,High,17,81762
Hyderabad,5,2105.0,4.0,Studio,Unfurnished,Middle,9,81481
Chennai,1,491.0,2.0,Villa,Fully Furnished,High,19,51850
Mumbai,1,507.0,1.0,Apartment,Fully Furnished,Low,8,57999
Ahmedabad,3,2093.0,4.0,Apartment,Unfurnished,Low,25,68191
Bangalore,2,1397.0,2.0,Apartment,Unfurnished,Low,23,50775
Chennai,3,1410.0,4.0,Independent House,Fully Furnished,Middle,0,75090
Bangalore,3,1868.0,3.0,Apartment,Semi-Furnished,Middle,11,87499
Ahmedabad,4,1889.0,5.0,Apartment,Unfurnished,Middle,10,89867
Mumbai,2,1228.0,1.0,Independent House,Unfurnished,Low,10,68764
Mumbai,3,1350.0,3.0,Independent House,Semi-Furnished,Low,14,91155
Hyderabad,2,1471.0,2.0,Apartment,Unfurnished,Low,19,64409
Mumbai,3,1753.0,3.0,Apartment,Semi-Furnished,High,13,90601
Chennai,2,1119.0,2.0,Independent House,Semi-Furnished,High,8,64472
Ahmedabad,2,1218.0,2.0,Independent House,Semi-Furnished,Low,30,56624
Kolkata,2,684.0,2.0,Apartment,Unfurnished,Low,1,43041
Ahmedabad,2,1439.0,3.0,Apartment,Fully Furnished,Ground,1,67479
Chennai,3,1695.0,2.0,Studio,Unfurnished,Ground,21,68999
Chennai,3,1264.0,2.0,Independent House,Semi-Furnished,High,15,57486
Hyderabad,3,1605.0,3.0,Apartment,Semi-Furnished,High,5,71122
Hyderabad,1,682.0,1.0,Apartment,Unfurnished,Ground,12,27604
Mumbai,3,1423.0,4.0,Apartment,Semi-Furnished,Ground,5,82868
Delhi,2,847.0,2.0,Villa,Unfurnished,Middle,25,53831
Ahmedabad,4,2522.0,4.0,Apartment,Semi-Furnished,Low,0,78382
Ahmedabad,4,2006.0,5.0,Studio,Unfurnished,Ground,24,57873
Delhi,1,378.0,1.0,Apartment,Semi-Furnished,Middle,30,32430
Hyderabad,3,1717.0,2.0,Apartment,Unfurnished,Ground,27,52040
Mumbai,1,350.0,2.0,Apartment,Fully Furnished,Middle,12,49382
Delhi,2,,1.0,Apartment,Semi-Furnished,Low,1,65113
Mumbai,2,935.0,1.0,Apartment,Fully Furnished,Low,22,63414
Mumbai,1,420.0,2.0,Independent House,Semi-Furnished,Low,0,54889
Mumbai,3,1641.0,3.0,Apartment,Semi-Furnished,Low,0,77130
Pune,1,361.0,1.0,Studio,Unfurnished,Ground,10,22611
Chennai,1,674.0,2.0,Independent House,Fully Furnished,Middle,15,53076
Mumbai,3,2087.0,2.0,Apartment,Semi-Furnished,Middle,8,82114
Pune,3,1886.0,3.0,Apartment,Fully Furnished,Middle,6,69083
Hyderabad,4,2117.0,5.0,Independent House,Semi-Furnished,Low,13,104298
Delhi,3,1778.0,3.0,Apartment,Unfurnished,High,4,84933
Chennai,3,1799.0,4.0,Apartment,Semi-Furnished,Low,25,72443
Kolkata,2,1030.0,3.0,Apartment,Semi-Furnished,High,18,55819
Delhi,1,442.0,1.0,Apartment,Unfurnished,Low,23,33788
Chennai,1,635.0,1.0,Studio,Semi-Furnished,Middle,16,36022
Kolkata,2,1264.0,3.0,Apartment,Semi-Furnished,Low,7,49303
Delhi,3,1524.0,2.0,Apartment,Unfurnished,Low,28,50474
Chennai,2,749.0,1.0,Apartment,Unfurnished,Middle,3,44825
Delhi,3,1027.0,3.0,Apartment,Semi-Furnished,Low,1,62884
Delhi,2,928.0,1.0,Apartment,Semi-Furnished,Middle,22,40731
Kolkata,1,350.0,2.0,Studio,Fully Furnished,Low,19,34601
Delhi,2,548.0,2.0,Apartment,Unfurnished,High,12,34336
Delhi,3,1710.0,3.0,Studio,Fully Furnished,Low,19,86163
Kolkata,3,1720.0,3.0,Apartment,Fully Furnished,High,5,82882
Hyderabad,4,1769.0,4.0,Apartment,Fully Furnished,Middle,17,78521
Mumbai,1,719.0,1.0,Independent House,Unfurnished,Ground,4,56371
Ahmedabad,5,2286.0,5.0,Apartment,Unfurnished,Low,24,68735
Bangalore,2,1107.0,2.0,Apartment,Unfurnished,High,11,59418
Pune,1,607.0,1.0,Independent House,Fully Furnished,High,18,47399
Bangalore,5,1958.0,6.0,Apartment,Fully Furnished,Low,19,104252
Bangalore,2,1402.0,3.0,Apartment,Unfurnished,Ground,28,64162
Chennai,3,1118.0,3.0,Independent House,Unfurnished,Low,18,58962
Mumbai,1,539.0,1.0,Studio,Semi-Furnished,Middle,30,40869
Chennai,3,977.0,3.0,Apartment,Unfurnished,Middle,14,51976
Mumbai,4,2423.0,5.0,Apartment,Semi-Furnished,Low,6,109008
Kolkata,2,841.0,2.0,Independent House,Fully Furnished,Low,28,53455
Kolkata,3,1153.0,4.0,Independent House,Semi-Furnished,Low,28,46451
Ahmedabad,2,1474.0,3.0,Apartment,Semi-Furnished,Middle,18,53833
Mumbai,3,1717.0,3.0,Apartment,Unfurnished,Ground,22,89849
Delhi,2,1143.0,2.0,Apartment,Unfurnished,Ground,20,59039
Hyderabad,2,1549.0,2.0,Apartment,Semi-Furnished,High,2,65601
Ahmedabad,2,1020.0,2.0,Independent House,Fully Furnished,Middle,0,60960
Ahmedabad,1,484.0,2.0,Apartment,Semi-Furnished,High,20,34932
Delhi,4,1980.0,4.0,Apartment,Unfurnished,Ground,24,88012
Hyderabad,2,833.0,3.0,Apartment,Unfurnished,High,9,49819
Chennai,2,1145.0,2.0,Apartment,Semi-Furnished,High,3,67206
Hyderabad,2,920.0,2.0,Studio,Unfurnished,Middle,15,36865
Chennai,2,1182.0,1.0,Apartment,Unfurnished,Ground,24,40592
Kolkata,3,1817.0,3.0,Apartment,Unfurnished,Low,11,67050
Bangalore,5,2281.0,6.0,Villa,Semi-Furnished,Low,26,100256
Kolkata,2,1023.0,2.0,Independent House,Semi-Furnished,Low,9,59493
Kolkata,4,1850.0,3.0,Apartment,Unfurnished,High,2,84139
Bangalore,3,1293.0,3.0,Apartment,Unfurnished,High,7,67325
Hyderabad,1,745.0,,Apartment,Semi-Furnished,Low,4,39727
Ahmedabad,3,2029.0,2.0,Villa,Semi-Furnished,High,21,82761
Hyderabad,2,1229.0,1.0,Apartment,Semi-Furnished,High,15,59781
Chennai,3,1494.0,3.0,Apartment,Unfurnished,Low,3,67419
Delhi,4,2187.0,4.0,Apartment,Fully Furnished,Ground,15,99331
Chennai,2,993.0,1.0,Villa,Semi-Furnished,Ground,21,61473
Delhi,4,1790.0,4.0,Studio,Semi-Furnished,Low,2,80259
Kolkata,3,934.0,3.0,Independent House,Fully Furnished,Ground,22,60921
Bangalore,2,1021.0,2.0,Independent House,Fully Furnished,Low,3,70104
Kolkata,3,1762.0,3.0,Apartment,Fully Furnished,Low,15,64438
Mumbai,2,1032.0,1.0,Studio,Semi-Furnished,Low,4,55524
Hyderabad,5,2135.0,5.0,Independent House,Semi-Furnished,Low,21,82828
Delhi,3,1408.0,2.0,Apartment,Unfurnished,Low,20,58516
Chennai,1,532.0,1.0,Apartment,Fully Furnished,Middle,29,36102
Bangalore,2,1102.0,3.0,Studio,Unfurnished,Middle,27,56063
Delhi,3,1556.0,4.0,Studio,Fully Furnished,Middle,17,76871
Chennai,1,694.0,1.0,Apartment,Semi-Furnished,High,27,31893
Hyderabad,1,451.0,1.0,Apartment,Unfurnished,Ground,27,25737
Kolkata,2,1305.0,2.0,Apartment,Semi-Furnished,High,26,55182
Hyderabad,2,1301.0,3.0,Independent House,Semi-Furnished,Low,19,58601
Pune,2,847.0,2.0,Apartment,Fully Furnished,Low,7,56781
Mumbai,2,1011.0,2.0,Independent House,Unfurnished,Middle,7,77497
Pune,1,526.0,1.0,Apartment,Fully Furnished,Low,6,37877
Bangalore,3,1440.0,4.0,Apartment,Fully Furnished,Ground,9,79165
Delhi,2,850.0,2.0,Apartment,Semi-Furnished,Middle,1,55232
Bangalore,2,1280.0,2.0,Independent House,Unfurnished,Low,29,60733
Kolkata,2,639.0,3.0,Apartment,Fully Furnished,High,19,47576
Chennai,3,1812.0,3.0,Apartment,Semi-Furnished,High,24,72169
Hyderabad,1,792.0,1.0,Apartment,Semi-Furnished,Low,5,47527
Pune,1,350.0,1.0,Independent House,Fully Furnished,High,14,44426
Ahmedabad,1,424.0,1.0,Independent House,Semi-Furnished,High,13,32713
Pune,3,1573.0,4.0,Apartment,Unfurnished,High,27,51147
Kolkata,3,1406.0,4.0,Apartment,Unfurnished,Middle,26,52046
Pune,3,1203.0,4.0,Independent House,Fully Furnished,Low,7,62755
Kolkata,3,1218.0,3.0,Apartment,Unfurnished,Ground,8,47028
Ahmedabad,3,1581.0,3.0,Studio,Unfurnished,High,4,66386
Bangalore,2,1225.0,3.0,Apartment,Semi-Furnished,Ground,4,75605
Hyderabad,3,1417.0,3.0,Villa,Semi-Furnished,Middle,8,74194
Delhi,1,562.0,1.0,Apartment,Fully Furnished,Low,21,39388
Chennai,3,2001.0,4.0,Independent House,Unfurnished,Low,6,76709
Delhi,3,1400.0,3.0,Apartment,Fully Furnished,Ground,7,74257
Bangalore,2,642.0,1.0,Apartment,Semi-Furnished,Ground,27,50422
Chennai,2,1428.0,2.0,Studio,Fully Furnished,Low,23,58368
Pune,2,798.0,1.0,Studio,Fully Furnished,High,14,49596
Ahmedabad,3,1058.0,4.0,Studio,Semi-Furnished,Middle,28,53141
Ahmedabad,3,1410.0,3.0,Apartment,Semi-Furnished,Middle,2,50858
Mumbai,4,2008.0,4.0,Apartment,Fully Furnished,Middle,20,98841
Bangalore,2,764.0,3.0,Apartment,Semi-Furnished,Middle,26,54643
Bangalore,3,1483.0,3.0,Apartment,Semi-Furnished,Low,16,66504
Hyderabad,3,2403.0,3.0,Apartment,Semi-Furnished,High,18,94809
Delhi,4,2100.0,4.0,Apartment,Unfurnished,Middle,17,96638
Bangalore,2,1296.0,2.0,Apartment,Fully Furnished,High,9,72566
Bangalore,2,1261.0,2.0,Apartment,Semi-Furnished,High,1,66838
Pune,3,1595.0,3.0,Apartment,Unfurnished,Ground,1,69547
Pune,3,1888.0,3.0,Apartment,Unfurnished,Middle,16,66048
Chennai,5,2787.0,5.0,Apartment,Fully Furnished,Middle,14,108096
Kolkata,1,1034.0,1.0,Independent House,Fully Furnished,Middle,26,62987
Kolkata,1,731.0,2.0,Apartment,Semi-Furnished,High,15,45656
Mumbai,4,2046.0,3.0,Apartment,Fully Furnished,High,5,94826
Kolkata,2,738.0,3.0,Apartment,Semi-Furnished,Low,19,43044
Hyderabad,3,1548.0,3.0,Apartment,Fully Furnished,Low,25,61403
Mumbai,2,862.0,1.0,Apartment,Unfurnished,Low,1,66293
Chennai,1,641.0,1.0,Apartment,Semi-Furnished,Middle,14,26559
Pune,3,1273.0,2.0,Apartment,Semi-Furnished,Low,20,57393
Kolkata,3,1357.0,3.0,Independent House,Unfurnished,Low,17,62832
Delhi,2,674.0,1.0,Villa,Unfurnished,Middle,7,52670
Pune,2,1089.0,2.0,Apartment,Unfurnished,Middle,3,44762
Ahmedabad,3,1649.0,3.0,Apartment,Semi-Furnished,Middle,27,62084
Hyderabad,1,954.0,1.0,Apartment,Fully Furnished,Ground,29,33076
Pune,4,1635.0,5.0,Apartment,Fully Furnished,Middle,30,79598
Hyderabad,2,1527.0,2.0,Apartment,Unfurnished,Ground,4,63208
Hyderabad,3,1507.0,4.0,Apartment,Unfurnished,Middle,7,71754
Hyderabad,4,2023.0,4.0,Apartment,Unfurnished,Middle,21,70986
Chennai,3,1300.0,3.0,Apartment,Fully Furnished,Low,16,66311
Hyderabad,2,1143.0,3.0,Independent House,Unfurnished,Low,5,62408
Hyderabad,3,1669.0,2.0,Apartment,Fully Furnished,High,14,77942
Ahmedabad,2,1018.0,1.0,Apartment,Unfurnished,High,0,53136
Delhi,2,1317.0,2.0,Apartment,Semi-Furnished,High,10,73546
Mumbai,5,2700.0,5.0,Apartment,Semi-Furnished,Middle,5,130871
Bangalore,3,1717.0,2.0,Apartment,Semi-Furnished,Low,22,73838
Ahmedabad,3,1894.0,3.0,Apartment,Semi-Furnished,Low,5,63355
Mumbai,2,1257.0,2.0,Apartment,Semi-Furnished,Low,19,70179
Hyderabad,1,518.0,1.0,Apartment,Semi-Furnished,Low,19,20623
Delhi,1,666.0,1.0,Independent House,Unfurnished,Low,29,38190
Pune,2,1228.0,2.0,Independent House,Semi-Furnished,High,17,56509
Delhi,3,1609.0,3.0,Independent House,Semi-Furnished,Low,17,79288
Ahmedabad,2,1097.0,3.0,Independent House,Semi-Furnished,Middle,6,57345
Hyderabad,4,1419.0,4.0,Villa,Fully Furnished,Ground,25,81445
Delhi,1,526.0,2.0,Apartment,Unfurnished,Low,23,34461
Kolkata,2,930.0,3.0,Apartment,Fully Furnished,Low,15,49561
Delhi,2,422.0,2.0,Apartment,Semi-Furnished,High,21,32729
Hyderabad,2,523.0,2.0,Apartment,Semi-Furnished,Low,21,34519
Chennai,1,713.0,1.0,Apartment,Unfurnished,High,22,33490
Kolkata,4,2450.0,4.0,Apartment,Unfurnished,Low,18,70345
Delhi,2,936.0,1.0,Apartment,Semi-Furnished,Low,11,62085
Bangalore,4,2186.0,4.0,Independent House,Fully Furnished,Ground,25,103561
Bangalore,2,1184.0,2.0,Independent House,Fully Furnished,Low,29,58386
Delhi,5,1980.0,5.0,Apartment,Fully Furnished,Ground,17,96739
Chennai,2,1124.0,2.0,Apartment,Unfurnished,Low,3,54386
Pune,4,2112.0,4.0,Studio,Unfurnished,Ground,1,94342
Hyderabad,1,445.0,1.0,Apartment,Semi-Furnished,Ground,22,31958
Bangalore,3,1464.0,2.0,Apartment,Fully Furnished,Low,28,61475
Pune,4,1984.0,5.0,Independent House,Unfurnished,Middle,28,75665
Delhi,1,430.0,1.0,Apartment,Semi-Furnished,Low,30,32568
Ahmedabad,1,833.0,2.0,Studio,Fully Furnished,Ground,8,44087
Pune,2,1186.0,1.0,Apartment,Semi-Furnished,Low,6,52470
Kolkata,4,2029.0,4.0,Apartment,Fully Furnished,High,11,70571
Mumbai,2,822.0,2.0,Apartment,Unfurnished,Middle,4,59061
Bangalore,2,731.0,1.0,Apartment,Fully Furnished,High,11,48548
Delhi,1,701.0,1.0,Apartment,Semi-Furnished,Ground,15,46236
Ahmedabad,1,652.0,1.0,Apartment,Semi-Furnished,Ground,18,33168
Hyderabad,3,1515.0,2.0,Apartment,Unfurnished,High,11,52668
Ahmedabad,1,725.0,1.0,Studio,Semi-Furnished,Low,0,30042
Chennai,3,1058.0,4.0,Independent House,Semi-Furnished,Low,0,50818
Kolkata,4,2900.0,5.0,Apartment,Semi-Furnished,Low,18,86844
Delhi,2,,2.0,Studio,Fully Furnished,Low,19,61598
Hyderabad,3,1264.0,4.0,Independent House,Unfurnished,High,29,59565
Chennai,1,476.0,2.0,Villa,Semi-Furnished,Ground,11,38662
Chennai,3,1541.0,3.0,Apartment,Fully Furnished,Middle,4,70401
Delhi,1,451.0,1.0,Apartment,Fully Furnished,Low,28,36071
Kolkata,3,1064.0,3.0,Apartment,Semi-Furnished,Low,8,46670
Pune,2,709.0,2.0,Apartment,Fully Furnished,High,11,54513
Pune,2,1214.0,2.0,Villa,Unfurnished,High,1,62376
Chennai,3,1480.0,2.0,Apartment,Semi-Furnished,Low,12,55736
Pune,1,519.0,1.0,Apartment,Fully Furnished,Ground,3,45733
Mumbai,3,1247.0,2.0,Apartment,Fully Furnished,Low,18,63984
Chennai,2,1046.0,2.0,Apartment,Semi-Furnished,Middle,7,48956
Chennai,3,1562.0,3.0,Apartment,Unfurnished,Ground,12,62587
Hyderabad,1,594.0,1.0,Apartment,Unfurnished,Middle,0,39577
Pune,3,1612.0,,Apartment,Fully Furnished,High,16,76861
Kolkata,1,763.0,1.0,Apartment,Fully Furnished,Low,24,28177
Chennai,2,962.0,3.0,Villa,Unfurnished,High,16,54117
Ahmedabad,2,1174.0,2.0,Independent House,Fully Furnished,High,3,66806
Kolkata,3,624.0,3.0,Apartment,Unfurnished,Middle,7,42499
Mumbai,2,1431.0,2.0,Apartment,Unfurnished,Middle,29,60301
Hyderabad,4,2059.0,5.0,Apartment,Semi-Furnished,Low,19,84742
Delhi,4,1770.0,4.0,Villa,Unfurnished,Low,4,91658
Kolkata,2,960.0,2.0,Independent House,Fully Furnished,Ground,15,56718
Chennai,3,1859.0,4.0,Apartment,Unfurnished,Ground,1,71449
Mumbai,1,498.0,1.0,Studio,Unfurnished,Middle,24,45296
Bangalore,2,728.0,1.0,Independent House,Semi-Furnished,High,25,61257
Mumbai,3,1552.0,3.0,Apartment,Fully Furnished,High,8,78345
Mumbai,3,1170.0,2.0,Apartment,Unfurnished,Middle,12,73139
Hyderabad,3,1392.0,3.0,Apartment,Semi-Furnished,Low,18,50414
Delhi,2,943.0,2.0,Apartment,Unfurnished,Ground,23,46459
Bangalore,2,1027.0,2.0,Apartment,Unfurnished,High,8,42649
Pune,1,350.0,1.0,Apartment,Unfurnished,High,2,33439
Pune,3,1071.0,4.0,Independent House,Semi-Furnished,Middle,29,67364
Kolkata,2,1256.0,2.0,Studio,Semi-Furnished,Low,0,56541
Mumbai,3,2162.0,4.0,Apartment,Unfurnished,Middle,30,80419
Ahmedabad,2,871.0,3.0,Apartment,Semi-Furnished,High,17,38721
Hyderabad,2,899.0,2.0,Villa,Semi-Furnished,Middle,29,53983
Ahmedabad,2,1217.0,1.0,Independent House,Semi-Furnished,High,14,56300
Hyderabad,1,797.0,1.0,Apartment,Unfurnished,Ground,23,33237
Pune,2,1187.0,2.0,Apartment,Fully Furnished,High,0,68800
Kolkata,3,1875.0,3.0,Independent House,Semi-Furnished,Middle,14,83101
Kolkata,4,1295.0,4.0,Apartment,Unfurnished,Middle,22,53079
Kolkata,2,1353.0,3.0,Apartment,Unfurnished,Low,17,36406
Bangalore,2,1252.0,2.0,Studio,Fully Furnished,Ground,18,68808
Delhi,1,447.0,1.0,Studio,Fully Furnished,High,19,33948
Bangalore,4,1805.0,4.0,Apartment,Semi-Furnished,Low,29,75542
Chennai,1,922.0,1.0,Independent House,Fully Furnished,Low,30,49584
Chennai,4,2606.0,3.0,Apartment,Semi-Furnished,Middle,18,87089
Ahmedabad,2,433.0,1.0,Apartment,Unfurnished,Ground,19,28539
Delhi,2,1358.0,2.0,Apartment,Semi-Furnished,Ground,12,63550
Pune,4,2259.0,4.0,Studio,Semi-Furnished,Ground,4,69264
Delhi,1,501.0,1.0,Apartment,Unfurnished,Middle,28,33871
Hyderabad,3,1724.0,3.0,Apartment,Fully Furnished,Low,21,71115
Chennai,2,917.0,1.0,Apartment,Semi-Furnished,Middle,4,50199
Mumbai,2,1266.0,1.0,Apartment,Fully Furnished,Low,24,60893
Mumbai,2,1177.0,2.0,Apartment,Semi-Furnished,Low,29,75677
Pune,3,1980.0,3.0,Studio,Fully Furnished,Ground,10,75581
Hyderabad,3,1865.0,2.0,Apartment,Fully Furnished,Low,9,84246
Ahmedabad,1,,1.0,Apartment,Fully Furnished,Low,24,32056
Bangalore,4,2232.0,4.0,Apartment,Semi-Furnished,Middle,5,83926
Hyderabad,1,516.0,1.0,Apartment,Semi-Furnished,High,5,42657
Mumbai,2,928.0,2.0,Independent House,Unfurnished,High,24,61569
Mumbai,2,1546.0,1.0,Villa,Unfurnished,High,22,79778
Ahmedabad,1,558.0,1.0,Apartment,Semi-Furnished,Low,12,24733
Chennai,1,688.0,1.0,Villa,Fully Furnished,Middle,5,49443
Hyderabad,5,2377.0,5.0,Apartment,Semi-Furnished,Ground,24,75262
Hyderabad,2,1247.0,3.0,Studio,Semi-Furnished,Low,6,47694
Mumbai,1,350.0,1.0,Studio,Semi-Furnished,Low,7,43600
Bangalore,1,584.0,1.0,Apartment,Fully Furnished,Ground,9,38033
Pune,3,1713.0,4.0,Apartment,Semi-Furnished,High,10,75716
Kolkata,4,1934.0,3.0,Villa,Semi-Furnished,High,28,87075
Pune,2,1049.0,2.0,Apartment,Fully Furnished,Middle,4,67886
Hyderabad,1,350.0,1.0,Apartment,Fully Furnished,Low,7,34306
Pune,2,1168.0,3.0,Apartment,Semi-Furnished,Middle,25,54157
Mumbai,1,350.0,1.0,Apartment,Fully Furnished,Low,0,46859
Mumbai,1,350.0,1.0,Independent House,Fully Furnished,High,6,62103
Ahmedabad,2,931.0,2.0,Apartment,Semi-Furnished,Low,17,47853
Hyderabad,2,1271.0,2.0,Villa,Semi-Furnished,Ground,11,55091
Ahmedabad,2,1143.0,3.0,Apartment,Fully Furnished,Middle,18,49622
Hyderabad,2,654.0,1.0,Apartment,Semi-Furnished,Middle,7,50201
Kolkata,4,1784.0,4.0,Independent House,Fully Furnished,High,2,101607
Kolkata,4,1808.0,4.0,Apartment,Semi-Furnished,Middle,9,83960
Chennai,3,1905.0,2.0,Apartment,Unfurnished,Low,22,71234
Hyderabad,2,1078.0,1.0,Apartment,Semi-Furnished,Low,21,50925
Bangalore,2,654.0,1.0,Apartment,Unfurnished,Low,13,45100
Pune,2,1416.0,2.0,Independent House,Unfurnished,Ground,18,53872
Hyderabad,3,1345.0,3.0,Apartment,Fully Furnished,Low,18,60227
Delhi,2,1235.0,2.0,Villa,Unfurnished,High,29,71523
Chennai,4,1707.0,4.0,Villa,Unfurnished,Middle,8,81420
Delhi,4,1068.0,5.0,Apartment,Semi-Furnished,High,4,70073
Mumbai,2,863.0,2.0,Apartment,Fully Furnished,Middle,6,68214
Kolkata,3,437.0,3.0,Apartment,Semi-Furnished,Middle,12,45266
Pune,1,510.0,2.0,Independent House,Semi-Furnished,Low,28,35334
Hyderabad,2,1058.0,2.0,Independent House,Unfurnished,Ground,17,58391
Delhi,2,997.0,2.0,Apartment,Semi-Furnished,High,25,46031
Pune,2,1278.0,1.0,Apartment,Fully Furnished,Middle,12,74741
Mumbai,4,2438.0,4.0,Apartment,Fully Furnished,Ground,6,125871
Kolkata,1,508.0,1.0,Apartment,Semi-Furnished,Ground,7,34350
Bangalore,2,1235.0,2.0,Apartment,Fully Furnished,Middle,27,68024
Chennai,3,1296.0,3.0,Independent House,Semi-Furnished,Middle,3,71240
Pune,3,1097.0,3.0,Apartment,Unfurnished,Low,16,34494
Pune,2,1230.0,2.0,Apartment,Unfurnished,Low,9,48108
Bangalore,4,2229.0,4.0,Villa,Semi-Furnished,Low,28,102677
Pune,3,1809.0,4.0,Studio,Semi-Furnished,High,3,83374
Mumbai,2,1169.0,3.0,Apartment,Fully Furnished,Low,4,78503
Mumbai,1,568.0,1.0,Independent House,Semi-Furnished,Middle,26,50676
Bangalore,2,697.0,2.0,Apartment,Fully Furnished,Low,27,44407
Chennai,3,1525.0,4.0,Studio,Fully Furnished,High,4,62344
Hyderabad,3,1475.0,3.0,Villa,Fully Furnished,High,17,90277
Delhi,3,1572.0,3.0,Villa,Semi-Furnished,Middle,23,82697
Hyderabad,2,797.0,2.0,Apartment,Fully Furnished,Middle,1,59384
Pune,1,350.0,2.0,Apartment,Semi-Furnished,Low,10,34495
Delhi,1,1011.0,1.0,Apartment,Unfurnished,High,26,41647
Ahmedabad,2,856.0,2.0,Apartment,Unfurnished,Middle,0,38667
Bangalore,3,1354.0,3.0,Apartment,Unfurnished,Middle,20,63458
Bangalore,3,1840.0,2.0,Apartment,Semi-Furnished,Low,6,65965
Chennai,2,891.0,1.0,Apartment,Semi-Furnished,Low,11,46952
Delhi,2,805.0,2.0,Independent House,Fully Furnished,Low,7,63083
Mumbai,2,1108.0,1.0,Independent House,Semi-Furnished,Middle,11,68797
Delhi,2,1280.0,2.0,Apartment,Semi-Furnished,Low,14,59748
Pune,2,1104.0,2.0,Independent House,Semi-Furnished,Low,13,50204
Mumbai,1,649.0,1.0,Apartment,Unfurnished,Low,29,38717
Kolkata,2,1361.0,1.0,Apartment,Fully Furnished,Middle,19,51567
Kolkata,1,587.0,1.0,Apartment,Semi-Furnished,Middle,0,44063
Ahmedabad,2,944.0,2.0,Apartment,Fully Furnished,Low,20,57265
Kolkata,1,350.0,1.0,Apartment,Fully Furnished,Low,2,40854
Bangalore,3,1488.0,3.0,Apartment,Unfurnished,High,0,72500
Delhi,2,1020.0,2.0,Apartment,Unfurnished,Ground,10,40403
Kolkata,5,2626.0,6.0,Studio,Semi-Furnished,Ground,22,79914
Hyderabad,2,506.0,1.0,Apartment,Unfurnished,High,8,39631
Chennai,2,1303.0,2.0,Apartment,Unfurnished,Low,24,57967
Hyderabad,2,880.0,2.0,Apartment,Fully Furnished,Low,3,60873
Kolkata,1,363.0,1.0,Independent House,Unfurnished,Low,7,26449
Ahmedabad,3,1798.0,2.0,Apartment,Semi-Furnished,Ground,16,59667
Chennai,1,366.0,2.0,Apartment,Semi-Furnished,High,27,30528
Pune,4,2694.0,5.0,Apartment,Unfurnished,Low,13,89041
Hyderabad,4,1425.0,4.0,Apartment,Fully Furnished,Middle,19,71072
Ahmedabad,2,1084.0,1.0,Apartment,Fully Furnished,Low,15,45263
Delhi,2,870.0,3.0,Apartment,Unfurnished,Middle,19,56611
Delhi,3,1760.0,4.0,Apartment,Fully Furnished,High,1,87129
Hyderabad,2,1335.0,2.0,Apartment,Unfurnished,Middle,23,51957
Kolkata,3,1234.0,3.0,Apartment,Unfurnished,Low,29,43389
Ahmedabad,1,598.0,1.0,Independent House,Unfurnished,Low,7,32812
Delhi,1,350.0,1.0,Apartment,Semi-Furnished,Low,22,25228
Pune,2,1214.0,3.0,Apartment,Semi-Furnished,Low,14,48338
Mumbai,2,1397.0,2.0,Apartment,Unfurnished,High,3,73302
Kolkata,4,2099.0,5.0,Apartment,Unfurnished,Low,29,73866
Ahmedabad,1,350.0,2.0,Apartment,Semi-Furnished,Middle,20,18804
Pune,3,1205.0,2.0,Villa,Semi-Furnished,Low,14,71044
Ahmedabad,2,1552.0,2.0,Studio,Unfurnished,Low,20,48944
Chennai,2,1377.0,2.0,Apartment,Semi-Furnished,High,0,71054
Pune,2,706.0,2.0,Apartment,Semi-Furnished,Middle,26,35480
Kolkata,2,350.0,2.0,Apartment,Unfurnished,Low,30,22702
Chennai,1,388.0,2.0,Apartment,Fully Furnished,Low,12,46875
Kolkata,2,655.0,1.0,Apartment,Semi-Furnished,High,21,29846
Delhi,3,1465.0,3.0,Villa,Fully Furnished,Middle,6,88415
Mumbai,2,1576.0,3.0,Independent House,Unfurnished,High,15,75279
Kolkata,2,910.0,3.0,Independent House,Semi-Furnished,Low,26,47762
Kolkata,4,2403.0,4.0,Independent House,Unfurnished,High,3,99291
Delhi,3,1916.0,4.0,Apartment,Semi-Furnished,Middle,2,99630
Bangalore,2,851.0,3.0,Apartment,Fully Furnished,Low,11,60440
Delhi,2,952.0,1.0,Apartment,,Middle,23,61642
Chennai,4,2883.0,3.0,Independent House,Fully Furnished,Middle,17,111014
Delhi,3,1453.0,2.0,Apartment,Unfurnished,High,13,75701
Delhi,2,1058.0,2.0,Apartment,Semi-Furnished,Low,0,59573
Mumbai,2,1149.0,2.0,Apartment,Semi-Furnished,Middle,6,69602
Delhi,3,1871.0,2.0,Apartment,Unfurnished,Middle,18,69464
Ahmedabad,1,350.0,2.0,Apartment,Unfurnished,Low,2,20934
Kolkata,5,2458.0,5.0,Independent House,Semi-Furnished,Middle,21,95804
Ahmedabad,1,350.0,1.0,Apartment,Semi-Furnished,Low,14,21466
Mumbai,3,1947.0,2.0,Apartment,Unfurnished,Low,18,91891
Hyderabad,2,1190.0,1.0,Villa,Fully Furnished,Middle,8,71970
Bangalore,2,857.0,2.0,Apartment,Semi-Furnished,Ground,17,54548
Ahmedabad,4,2024.0,3.0,Studio,Semi-Furnished,Middle,0,87464
Mumbai,2,922.0,2.0,Apartment,Semi-Furnished,Low,6,64305
Chennai,2,699.0,2.0,Studio,Semi-Furnished,Middle,28,37378
Hyderabad,1,627.0,2.0,Villa,Fully Furnished,High,14,50786
Mumbai,1,540.0,1.0,Independent House,Unfurnished,Middle,6,51872
Mumbai,2,993.0,2.0,Apartment,Fully Furnished,High,8,64737
Bangalore,3,1651.0,2.0,Apartment,Semi-Furnished,Low,20,68759
Kolkata,1,659.0,2.0,Apartment,Semi-Furnished,Middle,15,27365
Ahmedabad,1,606.0,1.0,Independent House,Fully Furnished,Middle,18,43519
Chennai,2,966.0,2.0,Apartment,Unfurnished,Middle,25,43070
Pune,3,1643.0,3.0,Apartment,Semi-Furnished,Middle,11,76522
Ahmedabad,3,729.0,3.0,Independent House,Fully Furnished,Low,17,43418
Pune,1,459.0,1.0,Apartment,Fully Furnished,High,23,25275
Mumbai,1,350.0,1.0,Villa,Semi-Furnished,Middle,15,56600
Delhi,4,2673.0,4.0,Apartment,Fully Furnished,Middle,4,110665
Chennai,2,851.0,3.0,Apartment,Fully Furnished,Middle,1,56049
Hyderabad,4,2113.0,5.0,Apartment,Fully Furnished,Middle,15,86765
Delhi,4,1548.0,4.0,Villa,Fully Furnished,Middle,5,105985
Delhi,3,2005.0,3.0,Apartment,Semi-Furnished,Low,7,95583
Ahmedabad,1,773.0,1.0,Apartment,Semi-Furnished,Ground,18,42239
Chennai,3,1836.0,2.0,Studio,Unfurnished,Low,0,51425
Kolkata,3,1404.0,4.0,Apartment,Semi-Furnished,Middle,28,50334
Mumbai,3,1162.0,3.0,Apartment,Fully Furnished,Low,20,80825
Mumbai,2,888.0,2.0,Apartment,Fully Furnished,Middle,23,67496
Mumbai,2,763.0,2.0,Villa,Unfurnished,Middle,4,69932
Mumbai,1,694.0,2.0,Apartment,Semi-Furnished,High,18,53982
Ahmedabad,2,664.0,2.0,Apartment,Semi-Furnished,Low,6,35374
Pune,3,1585.0,3.0,Independent House,Semi-Furnished,Middle,9,72046
Mumbai,2,1544.0,1.0,Apartment,Unfurnished,High,15,68003
Pune,2,988.0,2.0,Apartment,Unfurnished,Low,12,46895
Pune,2,1076.0,2.0,Studio,Fully Furnished,Middle,6,61149
Kolkata,3,2094.0,3.0,Apartment,Unfurnished,High,30,71096
Mumbai,4,1180.0,3.0,Apartment,Unfurnished,Middle,27,57726
Bangalore,1,350.0,1.0,Apartment,Semi-Furnished,Ground,4,42284
Hyderabad,2,1181.0,2.0,Studio,Semi-Furnished,Low,17,50152
Delhi,1,607.0,1.0,Apartment,Semi-Furnished,Low,9,41678
Pune,3,1799.0,3.0,Independent House,Unfurnished,High,23,73713
Chennai,3,1182.0,3.0,Apartment,Fully Furnished,High,22,62895
Chennai,4,2561.0,5.0,Apartment,Unfurnished,Middle,22,89681
Hyderabad,2,786.0,1.0,Apartment,Unfurnished,High,23,43335
Chennai,4,2598.0,3.0,Apartment,Semi-Furnished,Low,7,75397
Bangalore,1,514.0,1.0,Apartment,Fully Furnished,Ground,3,43466
Chennai,3,1452.0,4.0,Apartment,Unfurnished,Middle,0,73360
Delhi,1,533.0,2.0,Villa,Unfurnished,High,12,58263
Delhi,4,2494.0,4.0,Apartment,Unfurnished,Middle,9,108771
Pune,2,939.0,2.0,Apartment,Fully Furnished,High,11,58360
Mumbai,3,1551.0,3.0,Apartment,Unfurnished,Middle,19,75062
Kolkata,3,1708.0,4.0,Apartment,Unfurnished,Low,26,65571
Bangalore,1,592.0,2.0,Apartment,Fully Furnished,High,1,51568
Pune,1,611.0,1.0,Apartment,Semi-Furnished,Ground,5,37049
Bangalore,4,1957.0,4.0,Apartment,Semi-Furnished,Low,23,83165
Mumbai,2,937.0,2.0,Apartment,Fully Furnished,Middle,9,70448
Ahmedabad,1,536.0,1.0,Studio,Semi-Furnished,Ground,9,20501
Chennai,2,1062.0,2.0,Apartment,Unfurnished,Middle,2,49053
Chennai,3,1799.0,4.0,Apartment,Semi-Furnished,Low,5,61983
Kolkata,1,618.0,1.0,Independent House,Fully Furnished,Middle,27,41541
Mumbai,2,887.0,2.0,Apartment,Unfurnished,Middle,14,57813
Pune,1,353.0,1.0,Apartment,Semi-Furnished,Ground,11,25443
Kolkata,2,1104.0,2.0,Apartment,Unfurnished,High,30,43055
Mumbai,4,2144.0,4.0,Apartment,Fully Furnished,Middle,8,110718
Hyderabad,5,3050.0,5.0,Independent House,Fully Furnished,High,3,138655
Delhi,3,1670.0,3.0,Apartment,Semi-Furnished,Low,5,69998
Kolkata,1,395.0,2.0,Apartment,Fully Furnished,Low,17,19971
Kolkata,4,2172.0,5.0,Apartment,Semi-Furnished,High,26,79217
Pune,2,1047.0,2.0,Independent House,Unfurnished,Ground,29,43206
Bangalore,1,437.0,1.0,Apartment,Fully Furnished,Ground,5,39397
Hyderabad,4,1251.0,4.0,Studio,Semi-Furnished,Middle,29,40694
Pune,3,1680.0,3.0,Studio,Semi-Furnished,Middle,0,67841
Mumbai,3,1408.0,3.0,Apartment,Unfurnished,Middle,11,72274
Mumbai,3,1139.0,4.0,Apartment,Semi-Furnished,Middle,22,78768
Mumbai,2,1055.0,2.0,Apartment,Semi-Furnished,Low,2,74154
Ahmedabad,2,1098.0,3.0,Apartment,Semi-Furnished,Middle,28,43196
Mumbai,3,1598.0,2.0,Apartment,Fully Furnished,Ground,11,75874
Bangalore,2,927.0,1.0,Apartment,Semi-Furnished,Middle,2,67282
Hyderabad,2,1103.0,1.0,Apartment,Unfurnished,Middle,9,49533
Chennai,3,1758.0,3.0,Apartment,Semi-Furnished,Ground,5,80185
Delhi,3,1086.0,4.0,Villa,Fully Furnished,Low,29,68871
Bangalore,2,876.0,3.0,Apartment,Unfurnished,Low,20,49745
Bangalore,3,1926.0,3.0,Apartment,Semi-Furnished,High,16,97814
Ahmedabad,3,1985.0,4.0,Apartment,Unfurnished,Middle,0,75952
Chennai,3,1053.0,3.0,Apartment,Semi-Furnished,Middle,1,60099
Chennai,2,672.0,2.0,Apartment,Unfurnished,Ground,18,37272
Delhi,2,814.0,2.0,Independent House,Semi-Furnished,Ground,28,49900
Delhi,2,1094.0,1.0,Apartment,Fully Furnished,Middle,19,59920
Chennai,1,350.0,1.0,Apartment,Fully Furnished,High,25,29496
Mumbai,2,1155.0,2.0,Apartment,Fully Furnished,Ground,29,71144
Bangalore,2,1230.0,2.0,Independent House,Fully Furnished,High,5,66186
Pune,2,936.0,3.0,Independent House,Unfurnished,High,9,57713
Delhi,4,2747.0,4.0,Studio,Unfurnished,High,30,83780
Ahmedabad,1,775.0,1.0,Villa,Fully Furnished,Ground,9,46638
Ahmedabad,3,1498.0,3.0,Apartment,Fully Furnished,Middle,17,85365
Delhi,3,1927.0,4.0,Studio,Unfurnished,High,22,79187
Chennai,1,798.0,1.0,Apartment,Unfurnished,High,7,35424
Hyderabad,4,1777.0,4.0,Apartment,Semi-Furnished,Low,19,64097
Pune,3,1480.0,3.0,Apartment,Semi-Furnished,High,6,69263
Pune,2,895.0,2.0,Apartment,Fully Furnished,Middle,9,67731
Delhi,3,1543.0,3.0,Independent House,Unfurnished,High,24,82306
Mumbai,2,1325.0,1.0,Apartment,Fully Furnished,Low,0,63179
Hyderabad,3,1296.0,3.0,Independent House,Semi-Furnished,Middle,21,60026
Pune,1,453.0,1.0,Independent House,Unfurnished,Middle,14,41046
Delhi,3,1657.0,3.0,Independent House,Fully Furnished,Middle,9,86174
Ahmedabad,2,726.0,2.0,Apartment,Fully Furnished,Low,21,36799
Pune,3,1509.0,2.0,Apartment,Unfurnished,Low,2,65449
Kolkata,2,1465.0,1.0,Independent House,Unfurnished,High,22,45090
Hyderabad,3,1561.0,4.0,Apartment,Fully Furnished,Low,8,72084
Hyderabad,3,1788.0,3.0,Villa,Unfurnished,Middle,12,82943
Kolkata,2,1331.0,3.0,Independent House,Fully Furnished,High,5,76789
Bangalore,3,1924.0,3.0,Apartment,Unfurnished,Middle,18,91114
Ahmedabad,2,716.0,1.0,Apartment,Semi-Furnished,Middle,1,48065
Kolkata,4,1701.0,4.0,Apartment,Unfurnished,Middle,11,55662
Chennai,2,1457.0,2.0,Villa,Unfurnished,Middle,29,69616
Chennai,4,2371.0,5.0,Apartment,Semi-Furnished,Low,10,86004
Delhi,3,2145.0,3.0,Apartment,Semi-Furnished,High,12,81004
Hyderabad,2,1047.0,2.0,Apartment,Unfurnished,Middle,21,44878
Bangalore,2,616.0,1.0,Apartment,Fully Furnished,Ground,2,49853
Bangalore,2,549.0,2.0,Apartment,Fully Furnished,High,16,47746
Pune,3,1561.0,3.0,Apartment,Fully Furnished,Low,8,73453
Pune,2,1083.0,2.0,Apartment,Semi-Furnished,Middle,22,55910
Kolkata,2,1211.0,2.0,Apartment,Semi-Furnished,Low,14,50864
Bangalore,3,1579.0,2.0,Apartment,Fully Furnished,Middle,14,69935
Kolkata,2,1101.0,2.0,Villa,Fully Furnished,Low,3,68167
Ahmedabad,3,1560.0,4.0,Independent House,Unfurnished,Middle,13,67588
Kolkata,2,1057.0,3.0,Villa,Semi-Furnished,Middle,29,53184
Pune,1,690.0,1.0,Apartment,Unfurnished,High,26,25026
Hyderabad,3,1210.0,2.0,Apartment,Unfurnished,Middle,13,48927
Kolkata,1,536.0,2.0,Apartment,Unfurnished,Middle,13,36265
Mumbai,2,681.0,2.0,Villa,Fully Furnished,Middle,27,56611
Hyderabad,4,2022.0,4.0,Apartment,Unfurnished,Middle,26,71459
Bangalore,2,1315.0,1.0,Apartment,Semi-Furnished,High,17,48867
Bangalore,5,2305.0,4.0,Independent House,Semi-Furnished,Ground,2,110506
Kolkata,5,2986.0,5.0,Apartment,Semi-Furnished,High,5,115799
Hyderabad,2,1319.0,1.0,Apartment,Unfurnished,Ground,7,40060
Pune,1,639.0,1.0,Apartment,Semi-Furnished,Low,18,42123
Pune,3,1654.0,2.0,Apartment,Unfurnished,Low,1,69495
Chennai,2,888.0,2.0,Independent House,Fully Furnished,Middle,4,62555
Bangalore,1,588.0,1.0,Villa,Unfurnished,Low,23,48015
Delhi,3,1287.0,2.0,Villa,Unfurnished,Low,8,76755
Chennai,1,567.0,2.0,Apartment,Unfurnished,Low,10,20154
Pune,4,2222.0,4.0,Apartment,Unfurnished,High,15,67049
Hyderabad,1,463.0,1.0,Apartment,Semi-Furnished,High,19,39310
Ahmedabad,1,500.0,1.0,Villa,Semi-Furnished,High,1,34627
Pune,1,350.0,2.0,Apartment,Unfurnished,Middle,6,26191
Hyderabad,5,2486.0,6.0,Villa,Fully Furnished,High,4,101632
Chennai,3,1599.0,3.0,Apartment,Semi-Furnished,Ground,24,63009
Bangalore,3,1832.0,3.0,Apartment,Semi-Furnished,Low,0,96319
Pune,2,1658.0,2.0,Villa,Semi-Furnished,Low,27,67133
Kolkata,2,1505.0,1.0,Studio,Unfurnished,Middle,20,54147
Hyderabad,2,888.0,3.0,Independent House,Unfurnished,Low,3,56891
Bangalore,2,1074.0,2.0,Apartment,Semi-Furnished,Low,8,53550
Ahmedabad,2,1265.0,1.0,Apartment,Fully Furnished,Low,29,45169
Ahmedabad,3,1504.0,3.0,Independent House,Unfurnished,High,14,74382
Delhi,2,852.0,1.0,Apartment,Semi-Furnished,High,26,49565
Hyderabad,4,2982.0,3.0,Villa,Unfurnished,High,17,116106
Chennai,1,350.0,1.0,Apartment,Unfurnished,Ground,9,25731
Delhi,5,2161.0,5.0,Apartment,Fully Furnished,Low,27,94023
Delhi,1,654.0,1.0,Independent House,Fully Furnished,Middle,10,56604
Mumbai,2,1032.0,2.0,Apartment,Unfurnished,Ground,16,53951
Pune,2,819.0,3.0,Apartment,Fully Furnished,Middle,25,47757
Hyderabad,2,1091.0,2.0,Apartment,Unfurnished,High,17,46424
Delhi,3,1806.0,2.0,Apartment,Fully Furnished,Ground,11,85093
Mumbai,2,1204.0,2.0,Apartment,Fully Furnished,Middle,22,77197
Chennai,2,1092.0,2.0,Villa,Unfurnished,Low,12,58760
Bangalore,3,1363.0,3.0,Apartment,Unfurnished,High,17,60916
Kolkata,3,1235.0,3.0,Apartment,Fully Furnished,Low,21,52233
Kolkata,3,1508.0,3.0,Apartment,Unfurnished,Middle,27,45572
Hyderabad,2,715.0,1.0,Studio,Semi-Furnished,Ground,16,35952
Delhi,3,1680.0,4.0,Apartment,,High,9,73328
Kolkata,3,1549.0,2.0,Apartment,Semi-Furnished,Ground,14,71920
Pune,2,804.0,2.0,Villa,Unfurnished,Middle,19,50279
Kolkata,2,950.0,2.0,Independent House,Semi-Furnished,Middle,22,54651
Kolkata,2,900.0,2.0,Apartment,Fully Furnished,Low,23,46760
Kolkata,1,520.0,1.0,Apartment,Fully Furnished,Ground,7,35413
Ahmedabad,2,1418.0,1.0,Studio,Semi-Furnished,High,20,45743
Mumbai,1,350.0,2.0,Apartment,Unfurnished,Low,10,44742
Delhi,3,1605.0,3.0,Apartment,Fully Furnished,Middle,17,77482
Pune,3,984.0,4.0,Studio,Unfurnished,High,3,55833
Delhi,4,3170.0,3.0,Apartment,Fully Furnished,Middle,18,97258
Ahmedabad,3,1565.0,2.0,Independent House,Semi-Furnished,Low,28,49846
Hyderabad,1,662.0,1.0,Apartment,Semi-Furnished,Middle,22,30506
Hyderabad,4,1506.0,4.0,Apartment,Fully Furnished,Ground,21,65071
Hyderabad,4,2551.0,3.0,Apartment,Semi-Furnished,Middle,1,107881
Chennai,2,957.0,2.0,Apartment,Unfurnished,Middle,19,45537
Kolkata,3,1463.0,2.0,Independent House,Fully Furnished,High,2,82369
Chennai,5,2173.0,5.0,Studio,Semi-Furnished,High,15,77144
Mumbai,2,953.0,3.0,Apartment,Semi-Furnished,High,0,71226
Hyderabad,4,950.0,4.0,Apartment,Unfurnished,High,16,50757
Ahmedabad,1,653.0,2.0,Apartment,Semi-Furnished,High,11,40613
Pune,2,963.0,2.0,Independent House,Semi-Furnished,Middle,18,56437
Delhi,2,1021.0,1.0,Independent House,Unfurnished,Middle,24,44711
Kolkata,3,1511.0,3.0,Independent House,Unfurnished,Low,9,68010
Bangalore,3,1706.0,,Independent House,Unfurnished,Middle,19,96094
Pune,5,3082.0,5.0,Apartment,Fully Furnished,Middle,12,100513
Kolkata,2,732.0,2.0,Apartment,Unfurnished,Middle,30,35445
Chennai,1,605.0,1.0,Apartment,Fully Furnished,Low,13,34370
Chennai,3,2208.0,3.0,Apartment,Semi-Furnished,High,15,84716
Pune,3,1310.0,3.0,Apartment,Semi-Furnished,Low,25,56913
Chennai,2,1275.0,1.0,Apartment,Unfurnished,Middle,23,42151
Hyderabad,2,1414.0,2.0,Apartment,Unfurnished,High,27,44048
Mumbai,3,1999.0,3.0,Apartment,Unfurnished,Low,30,89377
Delhi,3,1683.0,3.0,Apartment,Unfurnished,Middle,0,71778
Mumbai,2,1321.0,2.0,Studio,Unfurnished,Low,28,64773
Kolkata,2,970.0,2.0,Independent House,Unfurnished,Middle,23,45086
Delhi,5,2450.0,4.0,Apartment,Semi-Furnished,High,17,111603
Ahmedabad,3,1585.0,4.0,Apartment,Unfurnished,High,29,58256
Delhi,2,1191.0,2.0,Apartment,Semi-Furnished,High,2,69396
Mumbai,2,1163.0,2.0,Studio,Unfurnished,Ground,28,62270
Pune,3,1408.0,3.0,Apartment,Unfurnished,High,13,65106
Delhi,2,888.0,2.0,Apartment,Fully Furnished,Low,16,65498
Ahmedabad,1,562.0,2.0,Apartment,Semi-Furnished,Low,30,28957
Ahmedabad,2,1402.0,3.0,Villa,Unfurnished,High,23,56906
Ahmedabad,2,1026.0,1.0,Apartment,Fully Furnished,Low,13,49211
Mumbai,3,1425.0,3.0,Apartment,Fully Furnished,Low,30,73806
Delhi,1,905.0,1.0,Apartment,Semi-Furnished,Low,20,48011
Bangalore,3,1603.0,3.0,Apartment,Semi-Furnished,High,24,77271
Pune,2,1273.0,2.0,Apartment,Unfurnished,Low,7,54168
Hyderabad,1,470.0,2.0,Villa,Semi-Furnished,High,11,34643
Delhi,1,773.0,1.0,Studio,Semi-Furnished,Low,13,38805
Ahmedabad,4,1676.0,4.0,Apartment,Unfurnished,Middle,1,56902
Bangalore,4,1994.0,3.0,Independent House,Fully Furnished,High,30,99617
Hyderabad,2,836.0,2.0,Apartment,Semi-Furnished,Ground,5,39465
Hyderabad,3,1234.0,3.0,Apartment,Fully Furnished,High,11,74719
Kolkata,3,1191.0,3.0,Villa,Unfurnished,Low,28,59474
Delhi,5,2100.0,5.0,Apartment,Unfurnished,Middle,3,96585
Mumbai,2,1340.0,2.0,Apartment,Unfurnished,Ground,25,51997
Delhi,3,1722.0,2.0,Apartment,Fully Furnished,Middle,28,69566
Bangalore,1,443.0,1.0,Apartment,Semi-Furnished,Middle,3,38188
Hyderabad,2,832.0,2.0,Villa,Unfurnished,High,29,49738
Delhi,5,2557.0,5.0,Independent House,Semi-Furnished,Middle,27,80257
Mumbai,2,745.0,3.0,Apartment,Fully Furnished,High,15,75445
Kolkata,2,937.0,2.0,Apartment,Semi-Furnished,Low,19,35544
Delhi,1,893.0,1.0,Villa,Unfurnished,Ground,15,50011
Pune,3,2408.0,4.0,Apartment,Unfurnished,Low,23,86876
Kolkata,3,1606.0,3.0,Apartment,Unfurnished,Low,7,63495
Mumbai,2,1282.0,1.0,Independent House,Semi-Furnished,Middle,2,74150
Bangalore,4,2144.0,4.0,Villa,Unfurnished,Low,7,104912
Hyderabad,1,352.0,1.0,Apartment,Fully Furnished,Low,23,36941
Delhi,2,1580.0,3.0,Apartment,Semi-Furnished,High,30,73129
Mumbai,4,1770.0,4.0,Apartment,Unfurnished,Middle,12,85988
Kolkata,2,1166.0,2.0,Studio,Semi-Furnished,Low,6,48190
Pune,2,1035.0,1.0,Villa,Semi-Furnished,Ground,1,65760
Mumbai,2,699.0,2.0,Independent House,Unfurnished,Low,4,62848
Chennai,3,1776.0,4.0,Apartment,Semi-Furnished,Middle,13,71003
Ahmedabad,1,365.0,1.0,Villa,Unfurnished,Low,4,31225
Pune,4,2392.0,3.0,Apartment,Unfurnished,High,3,90718
Kolkata,3,1343.0,3.0,Studio,Unfurnished,Middle,16,49617
Bangalore,2,939.0,2.0,Apartment,Semi-Furnished,High,19,51157
Hyderabad,3,1481.0,3.0,Villa,Unfurnished,High,0,77468
Kolkata,2,1429.0,2.0,Apartment,Unfurnished,Low,15,41380
Ahmedabad,2,985.0,1.0,Independent House,Semi-Furnished,Middle,10,47438
Bangalore,3,1774.0,3.0,Apartment,Unfurnished,Middle,22,65670
Delhi,5,3433.0,5.0,Apartment,Unfurnished,Middle,10,136250
Mumbai,1,645.0,2.0,Apartment,Unfurnished,Low,16,55014
Chennai,2,1051.0,2.0,Apartment,Unfurnished,High,3,50288
Pune,2,1357.0,1.0,Apartment,Semi-Furnished,High,15,54955
Pune,2,1223.0,3.0,Apartment,Unfurnished,Low,11,63804
Mumbai,2,1058.0,3.0,Apartment,Semi-Furnished,Low,22,65986
Chennai,1,505.0,1.0,Apartment,Semi-Furnished,Middle,30,31625
Mumbai,3,1448.0,3.0,Apartment,Semi-Furnished,High,28,74557
Delhi,2,1080.0,2.0,Apartment,Fully Furnished,Middle,30,59151
Ahmedabad,2,767.0,1.0,Apartment,Fully Furnished,Ground,4,52990
Bangalore,3,1842.0,3.0,Studio,Semi-Furnished,Low,26,81764
Kolkata,3,2088.0,3.0,Apartment,Unfurnished,Middle,28,80809
Pune,2,993.0,2.0,Apartment,Semi-Furnished,Middle,12,48062
Delhi,2,1015.0,2.0,Apartment,Unfurnished,High,12,60247
Bangalore,3,1552.0,3.0,Villa,Unfurnished,High,2,78183
Delhi,2,1036.0,3.0,Apartment,Semi-Furnished,Ground,28,63135
Chennai,2,974.0,2.0,Villa,Unfurnished,Middle,8,61184
Pune,3,1815.0,4.0,Apartment,Semi-Furnished,Middle,17,70568
Kolkata,1,541.0,1.0,Independent House,Semi-Furnished,Low,17,41675
Mumbai,1,421.0,1.0,Studio,Semi-Furnished,High,28,45065
Mumbai,1,707.0,1.0,Apartment,Semi-Furnished,Low,28,51092
Bangalore,1,350.0,1.0,Apartment,Semi-Furnished,Low,14,44338
Kolkata,1,350.0,1.0,Villa,Unfurnished,Middle,23,32876
Ahmedabad,5,2250.0,4.0,Villa,Unfurnished,Low,30,96898
Hyderabad,2,879.0,2.0,Apartment,Semi-Furnished,Low,20,51341
Chennai,1,892.0,1.0,Studio,Fully Furnished,Middle,14,45464
Bangalore,2,1337.0,3.0,Independent House,Unfurnished,Low,6,60888
Hyderabad,4,2299.0,4.0,Apartment,Unfurnished,Low,8,76069
Delhi,2,1266.0,2.0,Apartment,Fully Furnished,Middle,26,48208
Chennai,2,1140.0,3.0,Apartment,Fully Furnished,Middle,15,58794
Delhi,4,1709.0,4.0,Apartment,Semi-Furnished,High,1,82779
Ahmedabad,2,737.0,2.0,Apartment,Fully Furnished,Low,22,46144
Kolkata,2,1037.0,3.0,Studio,Semi-Furnished,High,22,38159
Pune,2,757.0,2.0,Studio,Semi-Furnished,Ground,19,41003
Chennai,2,1154.0,1.0,Apartment,Unfurnished,Middle,12,38137
Hyderabad,2,894.0,2.0,Apartment,Semi-Furnished,Low,22,52349
Ahmedabad,3,2054.0,3.0,Independent House,Unfurnished,High,3,72998
Pune,2,774.0,2.0,Villa,,Ground,13,53251
Mumbai,3,1671.0,4.0,Apartment,Unfurnished,Middle,8,70897
Hyderabad,1,390.0,1.0,Apartment,Semi-Furnished,Ground,13,45636
Bangalore,2,1111.0,2.0,Studio,Semi-Furnished,Middle,10,54996
Mumbai,2,1176.0,3.0,Apartment,Semi-Furnished,Ground,19,59973
Ahmedabad,4,1995.0,5.0,Apartment,Semi-Furnished,Middle,12,87765
Mumbai,2,1046.0,3.0,Independent House,Unfurnished,High,28,60302
Bangalore,3,1017.0,2.0,Apartment,Semi-Furnished,High,16,66461
Chennai,2,539.0,3.0,Studio,Fully Furnished,Low,21,28305
Mumbai,1,699.0,1.0,Studio,Semi-Furnished,Middle,4,54688
Kolkata,1,622.0,1.0,Apartment,Fully Furnished,Middle,3,38184
Hyderabad,2,741.0,2.0,Apartment,Semi-Furnished,High,26,37298
Pune,1,377.0,1.0,Apartment,Semi-Furnished,High,28,28796
Mumbai,1,350.0,2.0,Apartment,Unfurnished,High,12,40598
Hyderabad,3,1073.0,2.0,Apartment,Unfurnished,High,11,42191
Delhi,1,578.0,1.0,Villa,Fully Furnished,Middle,2,60439
Hyderabad,2,943.0,2.0,Independent House,Unfurnished,Low,3,58092
Pune,2,1039.0,2.0,Apartment,Unfurnished,High,16,44263
Hyderabad,2,695.0,3.0,Studio,Semi-Furnished,Middle,20,48453
Bangalore,3,1218.0,3.0,Villa,Unfurnished,Ground,17,67461
Ahmedabad,2,824.0,2.0,Studio,Semi-Furnished,Middle,14,39914
Pune,2,853.0,2.0,Independent House,Semi-Furnished,Middle,6,50283
Ahmedabad,3,1510.0,3.0,Apartment,Semi-Furnished,Middle,8,71263
Chennai,4,2230.0,4.0,Apartment,Semi-Furnished,Middle,13,90603
Ahmedabad,2,1399.0,1.0,Apartment,Fully Furnished,Middle,21,63055
Delhi,1,701.0,1.0,Independent House,Unfurnished,Low,21,39178
Bangalore,4,2197.0,4.0,Apartment,Semi-Furnished,Low,9,81449
Chennai,2,1073.0,2.0,Studio,Semi-Furnished,High,27,51194
Hyderabad,2,1264.0,2.0,Studio,Unfurnished,Ground,9,63002
Pune,2,860.0,2.0,Apartment,Semi-Furnished,Middle,18,43731
Delhi,1,579.0,1.0,Independent House,Semi-Furnished,Ground,23,39244
Bangalore,3,1543.0,3.0,Villa,Unfurnished,Low,12,82624
Chennai,2,760.0,1.0,Apartment,Unfurnished,Low,2,33188
Chennai,2,749.0,2.0,Apartment,Fully Furnished,Low,15,46225
Delhi,2,,2.0,Apartment,Unfurnished,High,10,40147
Kolkata,3,2220.0,3.0,Studio,Unfurnished,High,3,78006
Hyderabad,3,1301.0,3.0,Studio,Semi-Furnished,Low,2,64922
Delhi,1,717.0,1.0,Apartment,Fully Furnished,High,1,50750
Chennai,2,996.0,2.0,Apartment,Unfurnished,Low,29,34269
Mumbai,3,1522.0,4.0,Apartment,Fully Furnished,Ground,14,83529
Bangalore,3,1385.0,4.0,Apartment,Semi-Furnished,Middle,30,73472
Delhi,3,1432.0,3.0,Apartment,Semi-Furnished,Middle,0,58000
Kolkata,1,383.0,2.0,Apartment,Fully Furnished,Middle,29,32434
Chennai,3,1956.0,4.0,Apartment,Fully Furnished,Ground,0,70811
Hyderabad,3,1694.0,3.0,Apartment,Unfurnished,High,0,77568
Ahmedabad,1,353.0,1.0,Independent House,Unfurnished,High,25,32144
Chennai,2,1245.0,2.0,Apartment,Unfurnished,High,20,52288
Hyderabad,2,900.0,3.0,Independent House,Semi-Furnished,Low,9,57790
Delhi,3,1634.0,3.0,Apartment,Semi-Furnished,Middle,0,81704
Hyderabad,2,1312.0,2.0,Apartment,Semi-Furnished,Middle,15,52679
Pune,3,1954.0,3.0,Villa,Semi-Furnished,High,4,95638
Pune,4,2065.0,4.0,Villa,Fully Furnished,High,19,103877
Pune,3,1438.0,2.0,Apartment,Unfurnished,Middle,17,75355
Kolkata,4,1411.0,3.0,Apartment,Semi-Furnished,Ground,2,61266
Kolkata,5,3082.0,5.0,Apartment,Unfurnished,High,7,104090
Mumbai,1,542.0,1.0,Apartment,Semi-Furnished,Ground,14,48340
Kolkata,3,1632.0,2.0,Villa,Unfurnished,Low,2,69694
Ahmedabad,2,901.0,2.0,Apartment,Fully Furnished,High,18,44554
Delhi,4,2142.0,4.0,Apartment,Fully Furnished,Ground,1,87040
Chennai,2,843.0,2.0,Apartment,Fully Furnished,Low,11,55154
Chennai,5,2743.0,5.0,Villa,Unfurnished,Ground,20,105047
Mumbai,3,935.0,3.0,Apartment,Fully Furnished,Low,17,67962
Kolkata,3,1632.0,2.0,Apartment,Semi-Furnished,Middle,9,65217
Ahmedabad,1,350.0,1.0,Apartment,Semi-Furnished,Low,9,27368
Hyderabad,2,1547.0,1.0,Apartment,Unfurnished,Low,12,52000
Mumbai,3,1248.0,4.0,Apartment,Semi-Furnished,Low,11,71669
Ahmedabad,1,501.0,1.0,Villa,Semi-Furnished,High,6,50163
Hyderabad,3,1154.0,3.0,Apartment,Semi-Furnished,Middle,25,63943
Ahmedabad,1,559.0,1.0,Villa,Unfurnished,Middle,23,33324
Hyderabad,3,1985.0,3.0,Studio,Semi-Furnished,Ground,15,63247
Bangalore,2,1085.0,2.0,Apartment,Semi-Furnished,Middle,21,58410
Ahmedabad,3,1564.0,3.0,Apartment,Unfurnished,Middle,8,51384
Chennai,3,1904.0,2.0,Independent House,Fully Furnished,Middle,4,105101
Pune,2,1071.0,1.0,Apartment,Unfurnished,Middle,21,40852
Kolkata,1,910.0,1.0,Studio,Semi-Furnished,Ground,3,45251
Hyderabad,1,425.0,1.0,Apartment,Unfurnished,High,8,39203
Bangalore,3,1113.0,3.0,Apartment,Semi-Furnished,Low,17,64354
Ahmedabad,2,1356.0,3.0,Apartment,Fully Furnished,Middle,29,63179
Chennai,3,1130.0,2.0,Studio,Semi-Furnished,Low,13,37662
Pune,2,1187.0,2.0,Independent House,Unfurnished,Low,0,55656
Hyderabad,2,960.0,2.0,Independent House,Fully Furnished,Middle,26,61763
Ahmedabad,2,641.0,2.0,Studio,Unfurnished,Middle,21,32065
Ahmedabad,1,580.0,1.0,Studio,Unfurnished,Middle,27,18586
Hyderabad,2,688.0,2.0,Apartment,Semi-Furnished,Low,5,44567
Mumbai,5,2269.0,4.0,Independent House,Fully Furnished,Low,5,107730
Mumbai,4,2733.0,3.0,Independent House,Unfurnished,Low,13,115462
Chennai,2,1088.0,1.0,Apartment,Semi-Furnished,Low,15,53590
Pune,3,2222.0,3.0,Apartment,Semi-Furnished,Ground,5,76067
Hyderabad,4,2135.0,4.0,Studio,Semi-Furnished,Ground,19,83964
Chennai,2,1119.0,3.0,Apartment,Unfurnished,High,10,45417
Chennai,1,350.0,2.0,Apartment,Fully Furnished,Low,13,33828
Delhi,1,623.0,1.0,Apartment,Unfurnished,Middle,8,39726
Ahmedabad,2,779.0,1.0,Apartment,Unfurnished,Middle,6,43755
Kolkata,5,2347.0,6.0,Apartment,Unfurnished,Middle,23,85897
Ahmedabad,3,1519.0,3.0,Apartment,Fully Furnished,Middle,7,64512
Mumbai,1,518.0,1.0,Apartment,Unfurnished,Low,11,45633
Pune,2,1433.0,2.0,Apartment,Unfurnished,Low,9,47251
Ahmedabad,3,1037.0,2.0,Apartment,Unfurnished,Low,10,44268
Hyderabad,4,2151.0,4.0,Independent House,Semi-Furnished,Low,19,92126
Chennai,3,1893.0,2.0,Studio,Fully Furnished,Middle,5,66014
Hyderabad,3,1634.0,3.0,Apartment,Fully Furnished,Middle,11,82990
Delhi,1,751.0,1.0,Independent House,Fully Furnished,High,22,63791
Pune,3,1338.0,3.0,Studio,Fully Furnished,Low,21,49436
Chennai,3,1683.0,4.0,Independent House,Semi-Furnished,Ground,12,69982
Hyderabad,2,1364.0,2.0,Apartment,Fully Furnished,Middle,21,66010
Mumbai,3,1367.0,3.0,Studio,Fully Furnished,Ground,6,75694
Kolkata,2,949.0,2.0,Villa,Unfurnished,Low,8,52610
Delhi,1,833.0,1.0,Apartment,Unfurnished,Middle,23,47240
Pune,2,864.0,2.0,Apartment,Semi-Furnished,High,2,43237
Delhi,1,365.0,2.0,Villa,Fully Furnished,Low,27,45547
Mumbai,2,907.0,2.0,Independent House,Unfurnished,Low,2,66529
Pune,2,1339.0,2.0,Apartment,Fully Furnished,Middle,15,65934
Delhi,2,1590.0,2.0,Independent House,Unfurnished,High,17,67532
Bangalore,2,,3.0,Apartment,Semi-Furnished,Middle,12,67384
Mumbai,2,1174.0,3.0,Apartment,Unfurnished,Low,21,59369
Mumbai,1,734.0,1.0,Apartment,Semi-Furnished,Low,22,54559
Mumbai,3,1901.0,3.0,Apartment,Fully Furnished,Middle,8,100178
Bangalore,2,985.0,3.0,Apartment,Semi-Furnished,Low,5,53364
Bangalore,2,1061.0,2.0,Apartment,Unfurnished,Middle,14,48456
Hyderabad,4,1754.0,3.0,Apartment,Semi-Furnished,Middle,8,81466
Chennai,3,1460.0,3.0,Apartment,Semi-Furnished,Ground,17,68662
Kolkata,4,1703.0,3.0,Apartment,Fully Furnished,Ground,19,56864
Delhi,2,871.0,2.0,Apartment,Semi-Furnished,Low,12,45955
Hyderabad,1,578.0,1.0,Independent House,Semi-Furnished,Middle,0,46625
Delhi,3,1399.0,3.0,Villa,Fully Furnished,High,5,90243
Kolkata,2,1352.0,2.0,Independent House,Fully Furnished,Middle,18,73504
Chennai,2,860.0,1.0,Apartment,Fully Furnished,Low,25,42362
Bangalore,1,699.0,1.0,Independent House,Fully Furnished,Middle,21,47646
Chennai,3,1389.0,3.0,Apartment,Semi-Furnished,Middle,0,60428
Bangalore,1,543.0,1.0,Apartment,Fully Furnished,High,23,39178
Kolkata,4,2316.0,4.0,Apartment,Unfurnished,Middle,21,104156
Chennai,4,1517.0,3.0,Studio,Semi-Furnished,Middle,11,68090
Hyderabad,2,1055.0,2.0,Apartment,Unfurnished,Middle,28,54395
Pune,3,1119.0,3.0,Apartment,Unfurnished,High,22,55581
Hyderabad,3,1700.0,3.0,Independent House,Semi-Furnished,High,24,82056
Delhi,3,1335.0,3.0,Apartment,Unfurnished,Ground,15,57297
Hyderabad,2,791.0,1.0,Apartment,Unfurnished,Middle,3,38498
Kolkata,3,870.0,3.0,Studio,Unfurnished,High,3,45065
Mumbai,2,527.0,3.0,Independent House,Semi-Furnished,High,9,53847
Delhi,4,1010.0,5.0,Independent House,Semi-Furnished,Ground,13,64925
Chennai,2,1403.0,2.0,Apartment,Fully Furnished,Middle,19,60937
Delhi,2,1043.0,1.0,Apartment,Semi-Furnished,Low,17,49870
Pune,3,1523.0,3.0,Apartment,Semi-Furnished,Low,2,60897
Bangalore,3,1184.0,2.0,Apartment,Semi-Furnished,Low,5,58910
Chennai,2,999.0,2.0,Apartment,Fully Furnished,High,17,57878
Ahmedabad,1,589.0,1.0,Apartment,Unfurnished,Middle,8,25626
Delhi,2,615.0,2.0,Apartment,Unfurnished,High,25,55649
Chennai,5,2589.0,5.0,Apartment,Semi-Furnished,High,12,117971
Chennai,3,2177.0,4.0,Independent House,Fully Furnished,High,18,89250
Chennai,3,1221.0,3.0,Villa,Semi-Furnished,Middle,9,60042
Bangalore,1,444.0,1.0,Apartment,Semi-Furnished,Low,15,32876
Ahmedabad,2,1375.0,2.0,Villa,Semi-Furnished,Middle,18,49234
Kolkata,3,1317.0,4.0,Independent House,Fully Furnished,Ground,5,74900
Hyderabad,3,1645.0,4.0,Apartment,Semi-Furnished,Middle,1,63648
Chennai,1,350.0,1.0,Apartment,Unfurnished,High,27,27690
Mumbai,4,2049.0,5.0,Apartment,Unfurnished,High,15,94966
Kolkata,2,1258.0,3.0,Apartment,Fully Furnished,Low,19,61476
Pune,2,987.0,3.0,Villa,Fully Furnished,Low,13,68375
Bangalore,2,813.0,2.0,Apartment,Unfurnished,High,0,55566
Delhi,2,803.0,3.0,Apartment,Unfurnished,Ground,3,43830
Bangalore,2,932.0,1.0,Apartment,Fully Furnished,High,20,53227
Delhi,1,543.0,1.0,Apartment,Fully Furnished,Middle,27,36816
Bangalore,1,463.0,1.0,Villa,Semi-Furnished,High,4,48353
Delhi,3,1716.0,3.0,Apartment,Unfurnished,High,9,72094
Chennai,1,690.0,1.0,Villa,Unfurnished,Middle,29,45314
Hyderabad,2,1214.0,1.0,Apartment,Fully Furnished,Low,17,53007
Delhi,2,1060.0,2.0,Studio,Semi-Furnished,Ground,28,50395
Ahmedabad,2,657.0,2.0,Independent House,Semi-Furnished,Middle,8,47044
Delhi,3,876.0,4.0,Villa,Unfurnished,Low,6,74939
Mumbai,2,1050.0,2.0,Apartment,Unfurnished,High,3,66030
Delhi,3,1898.0,3.0,Independent House,Unfurnished,Ground,20,78619
Mumbai,3,1246.0,2.0,Apartment,Fully Furnished,Middle,27,74350
Pune,1,370.0,1.0,Apartment,Semi-Furnished,Middle,14,23252
Chennai,1,489.0,1.0,Apartment,Fully Furnished,High,26,40937
Mumbai,2,1010.0,2.0,Independent House,Fully Furnished,High,16,70495
Hyderabad,2,1109.0,3.0,Apartment,Semi-Furnished,Middle,25,54222
Kolkata,3,1854.0,3.0,Independent House,Semi-Furnished,High,4,67997
Chennai,3,1763.0,2.0,Apartment,Unfurnished,Middle,10,67160
Mumbai,2,990.0,1.0,Apartment,Semi-Furnished,Middle,5,52882
Chennai,1,383.0,1.0,Apartment,Semi-Furnished,High,4,43705
Ahmedabad,2,1062.0,2.0,Apartment,Semi-Furnished,Middle,21,42183
Chennai,3,1751.0,3.0,Apartment,Fully Furnished,High,22,71999
Chennai,2,990.0,3.0,Apartment,Semi-Furnished,Middle,12,47411
Pune,2,1145.0,2.0,Apartment,Fully Furnished,High,5,59463
Hyderabad,1,415.0,2.0,Independent House,Unfurnished,Middle,14,37438
Bangalore,3,2181.0,3.0,Apartment,Semi-Furnished,High,12,94889
Bangalore,4,2106.0,5.0,Apartment,Unfurnished,Ground,12,97822
Mumbai,2,1251.0,1.0,Apartment,Fully Furnished,Middle,9,60752
Chennai,2,880.0,2.0,Apartment,Semi-Furnished,High,1,59754
Mumbai,5,2907.0,5.0,Studio,Semi-Furnished,Ground,1,135385
Pune,2,947.0,2.0,Villa,Semi-Furnished,High,8,70009
Pune,3,1911.0,3.0,Apartment,Unfurnished,Low,21,62715
Delhi,1,794.0,1.0,Apartment,Semi-Furnished,High,25,47214
Ahmedabad,3,1439.0,3.0,Apartment,Fully Furnished,Low,19,51539
Pune,1,350.0,2.0,Apartment,Unfurnished,High,9,44639
Delhi,4,2049.0,3.0,Apartment,Fully Furnished,Ground,20,80280
Hyderabad,3,1738.0,3.0,Apartment,Semi-Furnished,Low,28,76136
Mumbai,3,1261.0,2.0,Apartment,Unfurnished,Middle,27,59988
Kolkata,3,2067.0,2.0,Studio,Semi-Furnished,Low,10,63446
Hyderabad,3,1643.0,3.0,Studio,Unfurnished,High,20,46090
Pune,2,1206.0,3.0,Apartment,Semi-Furnished,Middle,7,65423
Hyderabad,4,2003.0,4.0,Apartment,Semi-Furnished,High,20,76369
Hyderabad,4,2073.0,4.0,Villa,Unfurnished,Middle,17,89092
Ahmedabad,2,1376.0,1.0,Apartment,Unfurnished,High,1,55593
Ahmedabad,4,2024.0,4.0,Studio,Semi-Furnished,Ground,20,73030
Ahmedabad,3,1366.0,3.0,Apartment,Fully Furnished,Ground,3,57533
Hyderabad,2,691.0,2.0,Apartment,Semi-Furnished,Middle,28,50679
Pune,2,1249.0,2.0,Apartment,Semi-Furnished,High,17,63444
Kolkata,2,982.0,1.0,Villa,Fully Furnished,Low,21,60149
Chennai,1,370.0,1.0,Independent House,Semi-Furnished,Ground,15,34517
Hyderabad,2,1018.0,2.0,Apartment,Unfurnished,Low,23,44593
Delhi,2,1222.0,2.0,Apartment,Semi-Furnished,Middle,1,74993
Pune,2,1105.0,2.0,Apartment,Fully Furnished,High,30,67975
Hyderabad,2,1407.0,3.0,Apartment,Semi-Furnished,High,25,61603
Kolkata,5,2964.0,5.0,Villa,Fully Furnished,Ground,6,134738
Chennai,2,917.0,2.0,Apartment,Semi-Furnished,High,3,48105
Ahmedabad,2,1812.0,2.0,Villa,Semi-Furnished,Ground,4,69076
Pune,1,659.0,1.0,Studio,Unfurnished,High,17,26770
Bangalore,1,672.0,1.0,Apartment,Semi-Furnished,Low,26,49630
Chennai,3,1699.0,3.0,Villa,Semi-Furnished,Middle,29,90461
Delhi,3,1904.0,3.0,Apartment,Semi-Furnished,Middle,9,87269
Hyderabad,3,1725.0,4.0,Apartment,Fully Furnished,Low,8,82013
Kolkata,1,350.0,2.0,Apartment,Unfurnished,Middle,30,18865
Bangalore,3,1485.0,3.0,Independent House,Semi-Furnished,Ground,15,82786
Kolkata,2,878.0,1.0,Apartment,Unfurnished,Middle,18,36464
Bangalore,2,845.0,1.0,Studio,Unfurnished,Ground,25,41496
Pune,1,443.0,1.0,Villa,Semi-Furnished,Middle,16,46045
Bangalore,1,742.0,2.0,Apartment,Fully Furnished,Middle,3,64858
Delhi,2,1155.0,2.0,Apartment,Fully Furnished,High,0,76532
Delhi,1,433.0,1.0,Independent House,Semi-Furnished,High,28,41293
Mumbai,5,2983.0,5.0,Independent House,Fully Furnished,Middle,5,127695
Delhi,2,1029.0,2.0,Apartment,Semi-Furnished,Low,15,49581
Chennai,1,680.0,2.0,Apartment,Semi-Furnished,Middle,12,38867
Bangalore,2,798.0,1.0,Studio,Semi-Furnished,Ground,3,43262
Delhi,3,1908.0,4.0,Apartment,Semi-Furnished,High,27,77328
Pune,1,568.0,1.0,Apartment,Fully Furnished,Ground,19,45425
Kolkata,4,1835.0,5.0,Apartment,Semi-Furnished,High,8,81604
Ahmedabad,5,2009.0,5.0,Villa,Unfurnished,Low,24,65803
Kolkata,2,1445.0,1.0,Apartment,Fully Furnished,Low,22,58484
Mumbai,2,1555.0,3.0,Apartment,Unfurnished,Ground,3,71459
Kolkata,1,350.0,2.0,Apartment,Fully Furnished,Middle,24,36964
Bangalore,3,1729.0,4.0,Independent House,Unfurnished,Low,4,74737
Mumbai,2,1481.0,2.0,Apartment,Fully Furnished,Ground,25,76006
Bangalore,2,1056.0,1.0,Independent House,Semi-Furnished,Low,26,56023
Pune,2,1208.0,1.0,Apartment,Semi-Furnished,High,3,48329
Mumbai,3,1950.0,3.0,Independent House,Fully Furnished,Ground,20,94658
Hyderabad,2,765.0,2.0,Independent House,Semi-Furnished,Middle,24,47694
Chennai,1,464.0,2.0,Studio,Fully Furnished,Middle,10,31038
Chennai,3,1716.0,2.0,Apartment,Fully Furnished,Middle,30,83772
Bangalore,3,1904.0,2.0,Independent House,Unfurnished,Low,27,76207
Kolkata,4,2507.0,5.0,Apartment,Unfurnished,Middle,16,96341
Ahmedabad,1,581.0,1.0,Apartment,,High,6,29724
Ahmedabad,3,674.0,2.0,Apartment,Fully Furnished,Middle,8,49172
Hyderabad,3,1024.0,4.0,Apartment,Unfurnished,Low,26,42662
Mumbai,1,523.0,2.0,Apartment,Unfurnished,Low,16,39668
Hyderabad,3,1580.0,3.0,Independent House,Semi-Furnished,Middle,18,70816
Hyderabad,2,1290.0,2.0,Independent House,Semi-Furnished,Middle,12,64138
Kolkata,4,2123.0,5.0,Apartment,Unfurnished,Low,22,76410
Ahmedabad,1,350.0,1.0,Apartment,,High,30,33711
Mumbai,3,1818.0,3.0,Apartment,,High,3,69712
Pune,2,1155.0,2.0,Studio,Unfurnished,Low,8,47184
Kolkata,4,1411.0,4.0,Apartment,Semi-Furnished,Middle,25,62169
Hyderabad,2,1103.0,3.0,Apartment,Semi-Furnished,Low,10,55777
Hyderabad,5,2487.0,4.0,Apartment,Unfurnished,Middle,12,106620
Pune,4,2892.0,4.0,Apartment,Fully Furnished,Low,29,106055
Hyderabad,2,1497.0,2.0,Apartment,Unfurnished,Low,23,64982
Hyderabad,3,1485.0,3.0,Apartment,Unfurnished,Low,15,66704
Hyderabad,5,2091.0,5.0,Villa,Fully Furnished,Low,9,90035
Chennai,2,1145.0,2.0,Independent House,Unfurnished,Ground,3,56923
Kolkata,2,803.0,2.0,Independent House,Fully Furnished,Middle,28,50847
Delhi,2,1213.0,3.0,Apartment,Unfurnished,High,2,62005
Kolkata,2,618.0,2.0,Apartment,Unfurnished,Middle,20,34181
Pune,1,689.0,1.0,Apartment,Unfurnished,Middle,22,32947
Hyderabad,2,1019.0,2.0,Apartment,Semi-Furnished,Middle,21,58548
Kolkata,2,1105.0,2.0,Apartment,Semi-Furnished,Middle,6,44361
Chennai,2,633.0,2.0,Apartment,Unfurnished,Ground,28,27247
Ahmedabad,1,758.0,1.0,Independent House,Semi-Furnished,High,20,40725
Pune,4,1056.0,4.0,Apartment,Semi-Furnished,Low,11,54662
Bangalore,3,2164.0,3.0,Apartment,Semi-Furnished,High,17,79707
Kolkata,1,350.0,1.0,Apartment,Fully Furnished,Middle,4,28826
Bangalore,3,1625.0,3.0,Apartment,Fully Furnished,Middle,22,78141
Hyderabad,3,1459.0,2.0,Villa,Fully Furnished,Middle,16,83660
Chennai,4,1671.0,4.0,Apartment,Semi-Furnished,Low,28,65857
Chennai,1,543.0,1.0,Apartment,Semi-Furnished,Middle,4,40132
Kolkata,2,1095.0,1.0,Apartment,Unfurnished,High,19,46042
Pune,4,933.0,4.0,Apartment,Unfurnished,High,27,55297
Pune,4,1669.0,4.0,Apartment,Semi-Furnished,Low,30,62294
Chennai,3,1376.0,3.0,Apartment,Fully Furnished,Middle,11,73367
Pune,3,1597.0,3.0,Apartment,Semi-Furnished,Middle,22,64397
Chennai,1,656.0,2.0,Studio,Semi-Furnished,Low,15,31552
Kolkata,2,713.0,2.0,Apartment,Fully Furnished,High,15,52883
Delhi,2,1167.0,2.0,Apartment,Unfurnished,Middle,21,52505
Chennai,2,476.0,2.0,Apartment,Semi-Furnished,Middle,6,42515
Bangalore,3,1903.0,3.0,Studio,Unfurnished,Middle,19,79343
Pune,1,407.0,1.0,Studio,Semi-Furnished,Low,12,29711
Chennai,2,1072.0,1.0,Apartment,Semi-Furnished,Middle,4,48168
Chennai,4,2070.0,5.0,Studio,Unfurnished,Low,23,59157
Kolkata,2,1135.0,1.0,Independent House,Semi-Furnished,Ground,18,37000
Pune,5,2424.0,6.0,Studio,Semi-Furnished,Ground,19,105304
Delhi,5,3947.0,4.0,Independent House,Unfurnished,Middle,26,111261
Kolkata,2,1082.0,2.0,Apartment,Fully Furnished,Low,15,47237
Delhi,1,499.0,1.0,Independent House,Unfurnished,Low,9,40598
Ahmedabad,2,804.0,1.0,Independent House,Semi-Furnished,Low,30,43877
Kolkata,2,806.0,2.0,Apartment,Fully Furnished,Middle,11,42885
Pune,2,1040.0,1.0,Independent House,Unfurnished,High,5,51022
Mumbai,2,728.0,2.0,Apartment,Fully Furnished,Low,29,58092
Pune,5,2763.0,5.0,Studio,Semi-Furnished,Middle,22,112455
Pune,1,731.0,1.0,Apartment,Fully Furnished,High,25,46791
Delhi,3,1457.0,2.0,Apartment,Semi-Furnished,Middle,29,66773
Delhi,1,598.0,1.0,Studio,Semi-Furnished,Ground,24,36023
Pune,3,1399.0,3.0,Apartment,Semi-Furnished,High,28,69058
Pune,4,1416.0,5.0,Apartment,Fully Furnished,High,20,68071
Pune,2,874.0,2.0,Apartment,Semi-Furnished,Ground,18,44213
Delhi,2,803.0,2.0,Independent House,Unfurnished,Ground,20,46521
Pune,3,1748.0,3.0,Apartment,Semi-Furnished,Ground,1,78809
Pune,3,1554.0,3.0,Studio,Fully Furnished,Low,28,68669
Ahmedabad,3,1896.0,2.0,Studio,Unfurnished,Middle,7,60810
Hyderabad,2,1212.0,2.0,Apartment,Semi-Furnished,Ground,19,47872
Mumbai,2,886.0,2.0,Apartment,Semi-Furnished,Low,8,55152
Bangalore,4,2136.0,3.0,Apartment,Fully Furnished,Middle,2,98620
Mumbai,4,2615.0,3.0,Apartment,Semi-Furnished,Middle,6,118612
Hyderabad,2,1293.0,1.0,Apartment,Semi-Furnished,High,2,63728
Bangalore,4,2523.0,4.0,Apartment,Unfurnished,High,10,109116
Kolkata,2,899.0,2.0,Independent House,Fully Furnished,Ground,11,52868
Pune,2,1212.0,2.0,Studio,Unfurnished,High,12,56882
Hyderabad,1,350.0,1.0,Apartment,Semi-Furnished,Low,3,33200
Ahmedabad,2,569.0,1.0,Independent House,Semi-Furnished,Low,1,49355
Kolkata,2,996.0,2.0,Apartment,Semi-Furnished,Ground,5,40555
Pune,1,351.0,2.0,Villa,Unfurnished,High,20,39944
Delhi,2,759.0,2.0,Apartment,Fully Furnished,Middle,11,65642
Chennai,3,1589.0,4.0,Apartment,Fully Furnished,Middle,9,77448
Hyderabad,3,1740.0,3.0,Apartment,Semi-Furnished,Ground,25,64057
Delhi,3,1168.0,2.0,Apartment,Unfurnished,Ground,19,67119
Hyderabad,4,1410.0,5.0,Apartment,Fully Furnished,Middle,3,77798
Ahmedabad,1,386.0,2.0,Apartment,Semi-Furnished,Middle,16,25654
Hyderabad,2,616.0,2.0,Apartment,Semi-Furnished,Middle,11,46235
Delhi,3,971.0,3.0,Apartment,Fully Furnished,Middle,18,59713
Ahmedabad,2,953.0,2.0,Apartment,Fully Furnished,Low,20,56579
Bangalore,2,1035.0,2.0,Apartment,Semi-Furnished,High,14,48944
Mumbai,1,421.0,1.0,Independent House,Fully Furnished,Ground,1,55500
Pune,4,2394.0,4.0,Apartment,Unfurnished,Low,6,91202
Hyderabad,2,575.0,2.0,Apartment,Unfurnished,Middle,18,26930
Pune,4,1959.0,3.0,Apartment,Semi-Furnished,Middle,29,65346
Chennai,3,2026.0,2.0,Apartment,Fully Furnished,Ground,26,67749
Delhi,3,1170.0,2.0,Apartment,Semi-Furnished,High,7,75078
Pune,3,1387.0,2.0,Apartment,Semi-Furnished,High,17,77096
Delhi,3,1011.0,3.0,Apartment,Unfurnished,Middle,13,56150
Pune,2,724.0,2.0,Apartment,Semi-Furnished,Low,7,39314
Mumbai,2,1275.0,1.0,Independent House,Semi-Furnished,Ground,20,67419
Mumbai,3,1528.0,2.0,Apartment,Unfurnished,Low,24,76621
Ahmedabad,2,1074.0,3.0,Apartment,Semi-Furnished,Low,24,41761
Mumbai,2,721.0,2.0,Apartment,Unfurnished,Low,5,58640
Ahmedabad,1,594.0,2.0,Apartment,Unfurnished,Middle,26,33336
Mumbai,4,2666.0,4.0,Apartment,Semi-Furnished,Ground,2,103071
Mumbai,1,730.0,1.0,Apartment,Unfurnished,Middle,11,48684
Mumbai,3,1912.0,2.0,Apartment,Fully Furnished,Low,0,105926
Delhi,2,684.0,1.0,Apartment,Unfurnished,High,16,43837
Hyderabad,2,1005.0,3.0,Independent House,Unfurnished,Low,4,57031
Ahmedabad,3,1858.0,3.0,Studio,Unfurnished,Middle,11,67764
Pune,1,479.0,1.0,Apartment,Fully Furnished,Ground,25,30340
Mumbai,3,1135.0,4.0,Apartment,Unfurnished,High,17,62790
Delhi,3,1910.0,2.0,Independent House,Semi-Furnished,Middle,12,91859
Delhi,3,1627.0,3.0,Independent House,Semi-Furnished,High,25,75008
Delhi,1,467.0,2.0,Apartment,Unfurnished,Middle,8,39866
Ahmedabad,4,2361.0,4.0,Apartment,Fully Furnished,High,2,97887
Hyderabad,3,1337.0,2.0,Studio,Semi-Furnished,Ground,3,63638
Ahmedabad,4,2283.0,4.0,Independent House,Unfurnished,Middle,9,78890
Pune,2,1319.0,1.0,Apartment,Semi-Furnished,Low,9,57141
Hyderabad,2,1193.0,1.0,Apartment,Semi-Furnished,Middle,1,64317
Bangalore,4,2798.0,4.0,Apartment,Fully Furnished,High,17,120622
Kolkata,4,1694.0,4.0,Apartment,Semi-Furnished,Low,2,63886
Delhi,2,1178.0,2.0,Independent House,Unfurnished,Low,10,65560
Ahmedabad,2,467.0,1.0,Studio,Semi-Furnished,Low,21,21129
Bangalore,2,1337.0,2.0,Apartment,Semi-Furnished,Middle,22,52702
Chennai,2,1132.0,3.0,Apartment,Semi-Furnished,Middle,4,64040
Ahmedabad,2,1025.0,1.0,Apartment,Semi-Furnished,Low,14,41936
Mumbai,2,767.0,1.0,Independent House,Semi-Furnished,Ground,23,53840
Kolkata,4,2313.0,3.0,Independent House,Fully Furnished,Low,16,103327
Mumbai,1,492.0,1.0,Apartment,Semi-Furnished,Low,1,50300
Hyderabad,3,1170.0,3.0,Independent House,Semi-Furnished,Low,4,60076
Kolkata,1,608.0,1.0,Apartment,Unfurnished,Middle,16,33101
Ahmedabad,2,891.0,1.0,Independent House,Semi-Furnished,Middle,10,33823
Pune,1,845.0,1.0,Apartment,Semi-Furnished,Ground,9,47413
Bangalore,2,1031.0,2.0,Apartment,Fully Furnished,High,22,56314
Pune,3,1761.0,3.0,Apartment,Fully Furnished,Middle,18,74109
Ahmedabad,4,2215.0,4.0,Apartment,Semi-Furnished,Low,5,87368
Hyderabad,2,1049.0,2.0,Apartment,Semi-Furnished,High,9,65380
Mumbai,2,1257.0,3.0,Villa,Unfurnished,High,10,80163
Kolkata,2,1269.0,2.0,Apartment,Semi-Furnished,Low,6,59261
Pune,4,1736.0,4.0,Apartment,Unfurnished,Low,15,62159
Ahmedabad,3,1694.0,4.0,Apartment,Fully Furnished,Ground,20,61683
Pune,2,711.0,2.0,Apartment,Semi-Furnished,Middle,12,41992
Ahmedabad,3,2178.0,3.0,Apartment,Semi-Furnished,High,22,77477
Mumbai,4,1926.0,3.0,Apartment,Unfurnished,High,10,74871
Kolkata,1,478.0,1.0,Independent House,Fully Furnished,Middle,2,40297
Bangalore,2,1211.0,1.0,Studio,Semi-Furnished,Low,7,65721
Mumbai,4,1668.0,4.0,Apartment,Unfurnished,Middle,22,79499
Pune,3,1620.0,2.0,Apartment,Unfurnished,Ground,3,70081
Bangalore,2,938.0,2.0,Independent House,Semi-Furnished,High,6,67297
Ahmedabad,2,1693.0,1.0,Apartment,Semi-Furnished,Middle,9,59057
Bangalore,2,700.0,2.0,Villa,Unfurnished,High,11,58963
Ahmedabad,2,763.0,2.0,Villa,Unfurnished,Middle,30,38776
Mumbai,3,1091.0,2.0,Apartment,Unfurnished,Middle,10,66194
Pune,2,1279.0,2.0,Apartment,Semi-Furnished,Low,4,55660
Hyderabad,3,1449.0,4.0,Apartment,Semi-Furnished,Low,25,51894
Pune,4,1996.0,4.0,Apartment,Fully Furnished,High,4,100439
Ahmedabad,1,764.0,2.0,Apartment,Fully Furnished,Middle,18,53891
Delhi,2,894.0,1.0,Apartment,Semi-Furnished,High,14,58702
Kolkata,2,1182.0,3.0,Villa,Semi-Furnished,High,6,69913
Chennai,3,1449.0,3.0,Studio,Semi-Furnished,High,3,75416
Hyderabad,2,983.0,2.0,Apartment,Semi-Furnished,High,6,51929
Bangalore,3,1207.0,4.0,Apartment,Semi-Furnished,High,6,78702
Hyderabad,4,1885.0,4.0,Apartment,Unfurnished,Low,9,68192
Kolkata,2,1181.0,2.0,Villa,Fully Furnished,Middle,29,65508
Bangalore,4,2591.0,4.0,Villa,Unfurnished,Ground,3,114226
Kolkata,5,2102.0,6.0,Apartment,Fully Furnished,Middle,17,80505
Bangalore,1,791.0,2.0,Apartment,Semi-Furnished,Middle,21,44464
Hyderabad,2,1247.0,1.0,Independent House,Semi-Furnished,Middle,5,53420
Bangalore,4,1977.0,4.0,Apartment,Fully Furnished,Middle,20,87064
Bangalore,4,2682.0,3.0,Apartment,Semi-Furnished,Low,0,117024
Delhi,1,458.0,1.0,Apartment,Semi-Furnished,Middle,1,32952
Pune,1,552.0,1.0,Apartment,Unfurnished,Ground,22,27401
Pune,1,716.0,1.0,Apartment,Fully Furnished,Ground,2,40458
Chennai,5,2479.0,6.0,Apartment,Fully Furnished,Middle,6,110280
Chennai,1,789.0,1.0,Villa,Unfurnished,Middle,1,55994
Ahmedabad,2,927.0,2.0,Apartment,Fully Furnished,Low,13,39846
Ahmedabad,4,2504.0,5.0,Apartment,Unfurnished,Ground,26,81654
Ahmedabad,1,474.0,1.0,Apartment,Unfurnished,Middle,24,21237
Delhi,3,1832.0,2.0,Villa,Fully Furnished,Middle,24,85095
Chennai,2,711.0,2.0,Independent House,Fully Furnished,Low,4,48714
Kolkata,4,2140.0,4.0,Studio,Semi-Furnished,Ground,4,81823
Ahmedabad,2,1079.0,3.0,Apartment,Semi-Furnished,Middle,15,53813
Ahmedabad,3,2050.0,2.0,Independent House,Unfurnished,Ground,14,71727
Hyderabad,3,1441.0,3.0,Apartment,Semi-Furnished,Low,15,66626
Mumbai,2,905.0,1.0,Apartment,Semi-Furnished,Low,23,51696
Kolkata,1,423.0,2.0,Apartment,Unfurnished,Low,8,24238
Ahmedabad,2,1093.0,2.0,Apartment,Semi-Furnished,Middle,7,54696
Ahmedabad,2,1029.0,2.0,Apartment,Unfurnished,Ground,25,34839
Ahmedabad,3,1893.0,3.0,Apartment,Semi-Furnished,Middle,21,71294
Mumbai,3,1660.0,2.0,Apartment,Unfurnished,Middle,1,78334
Mumbai,2,1523.0,3.0,Studio,Unfurnished,Low,28,60217
Delhi,3,1686.0,4.0,Apartment,Unfurnished,Middle,9,63335
Kolkata,3,1799.0,3.0,Apartment,Semi-Furnished,High,25,63398
Delhi,3,1842.0,3.0,Villa,Semi-Furnished,Middle,17,90327
Bangalore,2,1027.0,1.0,Apartment,Unfurnished,Low,17,48572
Mumbai,2,810.0,2.0,Apartment,Semi-Furnished,Middle,18,55447
Hyderabad,2,692.0,3.0,Apartment,Semi-Furnished,Middle,4,58122
Chennai,2,1155.0,2.0,Apartment,Fully Furnished,High,0,78712
Hyderabad,2,795.0,2.0,Apartment,Fully Furnished,Middle,24,46345
Chennai,2,1501.0,2.0,Villa,Unfurnished,Ground,26,58356
Mumbai,1,772.0,1.0,Apartment,Unfurnished,Low,20,52916
Mumbai,3,1207.0,4.0,Studio,Semi-Furnished,Middle,22,66682
Mumbai,2,1083.0,2.0,Apartment,Unfurnished,High,29,55547
Delhi,2,1271.0,1.0,Villa,Semi-Furnished,Ground,10,66840
Kolkata,2,948.0,3.0,Apartment,Fully Furnished,Middle,20,53644
Chennai,2,1146.0,2.0,Apartment,Unfurnished,Middle,10,61751
Kolkata,3,1103.0,2.0,Apartment,Fully Furnished,Low,30,46398
Delhi,2,989.0,3.0,Apartment,Unfurnished,Ground,25,47950
Delhi,2,983.0,2.0,Apartment,Semi-Furnished,High,2,59362
Pune,2,732.0,3.0,Apartment,Semi-Furnished,High,2,39599
Hyderabad,2,894.0,1.0,Apartment,Unfurnished,High,15,48312
Hyderabad,1,628.0,1.0,Apartment,Semi-Furnished,Low,19,33608
Bangalore,4,2184.0,4.0,Apartment,Unfurnished,Middle,14,72684
Ahmedabad,2,675.0,3.0,Villa,Semi-Furnished,Ground,30,44914
Delhi,2,1996.0,3.0,Villa,Semi-Furnished,Low,12,93173
Chennai,1,897.0,1.0,Apartment,Fully Furnished,High,9,53989
Pune,2,1299.0,2.0,Independent House,Semi-Furnished,Low,18,64552
Pune,2,954.0,2.0,Apartment,Semi-Furnished,Low,9,51092
Ahmedabad,2,1448.0,2.0,Villa,Fully Furnished,Middle,15,68381
Kolkata,3,1463.0,3.0,Apartment,Fully Furnished,Middle,5,59295
Ahmedabad,1,350.0,1.0,Apartment,Semi-Furnished,Middle,4,26097
Ahmedabad,2,753.0,1.0,Independent House,Unfurnished,Ground,30,37110
Ahmedabad,3,1594.0,3.0,Villa,Semi-Furnished,High,14,64866
Hyderabad,4,2802.0,3.0,Villa,Fully Furnished,Low,16,125491
Delhi,1,607.0,2.0,Apartment,Fully Furnished,High,3,58320
Bangalore,2,1275.0,1.0,Apartment,Fully Furnished,Middle,7,77573
Delhi,2,1010.0,2.0,Apartment,Unfurnished,Ground,11,45781
Kolkata,1,536.0,1.0,Studio,Fully Furnished,Low,12,31215
Mumbai,2,1549.0,2.0,Apartment,Unfurnished,Middle,27,48821
Ahmedabad,1,781.0,2.0,Villa,Fully Furnished,High,8,63268
Delhi,3,2077.0,3.0,Studio,Unfurnished,High,25,66875
Kolkata,2,882.0,2.0,Apartment,Semi-Furnished,High,14,55381
Mumbai,1,350.0,1.0,Independent House,Unfurnished,Middle,10,41777
Mumbai,1,350.0,1.0,Apartment,Unfurnished,Middle,14,29020
Ahmedabad,3,1865.0,4.0,Apartment,Unfurnished,Middle,28,65243
Bangalore,1,459.0,1.0,Independent House,Semi-Furnished,Ground,21,35279
Chennai,3,1671.0,3.0,Apartment,Fully Furnished,Low,29,77238
Hyderabad,2,1265.0,2.0,Apartment,Semi-Furnished,Low,28,39082
Delhi,3,2114.0,4.0,Apartment,Unfurnished,Low,27,70373
Mumbai,2,1103.0,3.0,Independent House,Unfurnished,Middle,26,64197
Delhi,1,717.0,1.0,Apartment,Unfurnished,Middle,14,46721
Chennai,2,1375.0,2.0,Apartment,Unfurnished,Middle,3,61194
Hyderabad,2,1233.0,2.0,Apartment,Semi-Furnished,Low,27,47371
Chennai,2,1129.0,3.0,Studio,Semi-Furnished,Low,15,52455
Hyderabad,3,1676.0,2.0,Apartment,Fully Furnished,Ground,9,70951
Pune,2,1140.0,3.0,Apartment,Unfurnished,Middle,1,59727
Hyderabad,1,350.0,1.0,Apartment,Semi-Furnished,Low,30,33731
Ahmedabad,2,736.0,2.0,Apartment,Fully Furnished,Middle,11,46877
Bangalore,3,1305.0,4.0,Apartment,Semi-Furnished,High,24,60507
Chennai,5,1401.0,5.0,Apartment,Semi-Furnished,Middle,7,71719
Mumbai,3,1427.0,3.0,Apartment,Fully Furnished,High,20,79795
Ahmedabad,2,919.0,2.0,Apartment,Semi-Furnished,Low,23,48058
Pune,3,1912.0,3.0,Independent House,Unfurnished,Ground,21,69634
Bangalore,4,2289.0,4.0,Villa,Semi-Furnished,Low,16,101683
Delhi,3,1153.0,4.0,Apartment,Semi-Furnished,High,23,60525
Ahmedabad,2,749.0,2.0,Apartment,Semi-Furnished,Middle,4,40044
Chennai,2,1191.0,2.0,Independent House,Semi-Furnished,Low,18,58404
Kolkata,2,1341.0,2.0,Villa,Fully Furnished,High,10,86221
Kolkata,2,1430.0,2.0,Apartment,Semi-Furnished,Middle,16,56465
Mumbai,3,1880.0,3.0,Villa,Unfurnished,Low,27,72229
Hyderabad,2,792.0,3.0,Independent House,Semi-Furnished,High,23,57229
Mumbai,1,543.0,1.0,Apartment,Unfurnished,Low,5,50790
Kolkata,3,2145.0,4.0,Apartment,Unfurnished,Middle,11,87473
Delhi,3,1598.0,3.0,Apartment,Unfurnished,Middle,30,64943
Pune,2,735.0,2.0,Apartment,Fully Furnished,High,6,47742
Pune,3,1590.0,3.0,Apartment,Semi-Furnished,High,15,78212
Chennai,2,1188.0,2.0,Apartment,,Low,2,58566
Pune,4,1639.0,4.0,Apartment,Fully Furnished,Low,11,83123
Chennai,4,1020.0,3.0,Apartment,Fully Furnished,Ground,25,57062
Ahmedabad,2,1016.0,1.0,Independent House,Fully Furnished,Low,7,53498
Chennai,3,1701.0,3.0,Studio,Unfurnished,Middle,2,55043
Ahmedabad,4,1650.0,4.0,Apartment,Unfurnished,Low,14,69825
Chennai,2,1187.0,3.0,Apartment,Unfurnished,Middle,20,56155
Kolkata,2,1301.0,1.0,Apartment,Fully Furnished,Middle,5,61539
Kolkata,3,1566.0,3.0,Apartment,Semi-Furnished,Middle,28,60993
Hyderabad,2,759.0,3.0,Apartment,Unfurnished,High,7,43294
Ahmedabad,2,1093.0,2.0,Independent House,Fully Furnished,Ground,11,53242
Bangalore,4,1482.0,4.0,Apartment,Semi-Furnished,Middle,12,64911
Ahmedabad,3,1489.0,3.0,Apartment,Fully Furnished,High,20,71234
Chennai,2,407.0,1.0,Apartment,Semi-Furnished,Low,16,35760
Chennai,2,1070.0,2.0,Apartment,Semi-Furnished,Low,16,54630
Bangalore,2,1373.0,1.0,Apartment,Semi-Furnished,Ground,28,47446
Mumbai,2,791.0,2.0,Apartment,Semi-Furnished,High,26,63050
Chennai,1,572.0,1.0,Apartment,Unfurnished,Ground,21,21659
Hyderabad,3,1992.0,2.0,Independent House,Unfurnished,High,28,71359
Pune,2,414.0,3.0,Apartment,Fully Furnished,Low,13,38481
Pune,2,959.0,2.0,Independent House,Fully Furnished,Low,25,44096
Delhi,2,386.0,3.0,Independent House,Semi-Furnished,Low,15,41261
Delhi,5,2408.0,6.0,Apartment,Semi-Furnished,Low,10,95193
Pune,2,1519.0,3.0,Villa,Unfurnished,Middle,5,84728
Pune,1,350.0,1.0,Apartment,Semi-Furnished,High,25,31673
Kolkata,1,939.0,1.0,Apartment,Semi-Furnished,Low,29,40281
Hyderabad,3,1940.0,4.0,Studio,Unfurnished,Middle,9,67806
Bangalore,3,1298.0,2.0,Apartment,Semi-Furnished,Low,6,61454
Delhi,2,1370.0,2.0,Apartment,Semi-Furnished,High,22,69627
Kolkata,2,735.0,2.0,Villa,Semi-Furnished,High,27,43992
Kolkata,1,350.0,1.0,Apartment,Semi-Furnished,Ground,8,25557
Bangalore,2,350.0,2.0,Independent House,Semi-Furnished,High,27,37712
Kolkata,2,1373.0,2.0,Apartment,Fully Furnished,Middle,21,66124
Ahmedabad,1,473.0,2.0,Apartment,Semi-Furnished,Low,9,32292
Hyderabad,1,920.0,1.0,Apartment,Unfurnished,High,27,41733
Pune,1,505.0,2.0,Apartment,Unfurnished,High,11,41504
Chennai,1,923.0,1.0,Apartment,Semi-Furnished,Middle,18,46153
Bangalore,3,1495.0,3.0,Apartment,Semi-Furnished,Middle,11,70843
Pune,2,1433.0,1.0,Apartment,Semi-Furnished,Middle,18,71301
Pune,2,1151.0,2.0,Independent House,Fully Furnished,Low,14,62219
Mumbai,1,567.0,1.0,Apartment,Semi-Furnished,Ground,19,36869
Ahmedabad,4,1971.0,4.0,Apartment,Unfurnished,Middle,5,73804
Bangalore,4,2282.0,4.0,Apartment,Semi-Furnished,Low,14,89712
Kolkata,2,1365.0,3.0,Apartment,Semi-Furnished,Low,19,59942
Chennai,2,748.0,2.0,Villa,Unfurnished,Low,15,41905
Bangalore,2,737.0,2.0,Villa,Semi-Furnished,Low,1,64569
Kolkata,2,1190.0,2.0,Studio,Fully Furnished,Low,22,41532
Pune,1,784.0,1.0,Independent House,Fully Furnished,Middle,17,48204
Chennai,3,1872.0,4.0,Apartment,Semi-Furnished,High,20,81403
Kolkata,2,1104.0,1.0,Apartment,Unfurnished,Middle,30,48127
Hyderabad,4,1606.0,3.0,Apartment,Unfurnished,High,4,72831
Kolkata,1,451.0,1.0,Studio,Fully Furnished,Middle,7,29022
Mumbai,3,1576.0,2.0,Apartment,Semi-Furnished,Low,10,92861
Ahmedabad,3,1573.0,2.0,Apartment,Fully Furnished,High,14,60701
Pune,1,592.0,1.0,Apartment,Fully Furnished,Ground,25,36646
Kolkata,2,1319.0,2.0,Independent House,Semi-Furnished,Middle,4,70574
Ahmedabad,1,752.0,1.0,Apartment,Fully Furnished,Low,13,29106
Delhi,2,680.0,2.0,Apartment,Unfurnished,Middle,27,35984
Delhi,2,765.0,2.0,Apartment,Unfurnished,High,9,49504
Ahmedabad,2,1001.0,1.0,Studio,Unfurnished,Ground,5,30918
Ahmedabad,2,923.0,3.0,Apartment,Unfurnished,Low,13,41329
Mumbai,4,2325.0,3.0,Independent House,Fully Furnished,High,30,105529
Hyderabad,1,510.0,1.0,Studio,Semi-Furnished,Middle,19,36473
Pune,5,3662.0,6.0,Villa,Unfurnished,Low,3,121198
Bangalore,2,1497.0,2.0,Apartment,Unfurnished,Middle,13,67970
Mumbai,3,1270.0,3.0,Apartment,Semi-Furnished,Middle,2,80517
Hyderabad,2,1160.0,2.0,Independent House,Semi-Furnished,High,30,44147
Ahmedabad,1,751.0,1.0,Apartment,Fully Furnished,High,17,40133
Bangalore,4,2708.0,4.0,Independent House,Semi-Furnished,Middle,19,104443
Ahmedabad,2,846.0,2.0,Villa,Unfurnished,Low,10,48442
Ahmedabad,3,1357.0,3.0,Villa,Unfurnished,Ground,24,63036
Delhi,3,1193.0,3.0,Apartment,Semi-Furnished,Middle,24,63050
Delhi,2,858.0,2.0,Apartment,Unfurnished,Middle,11,48616
Bangalore,2,1327.0,1.0,Apartment,Fully Furnished,Middle,15,71905
Mumbai,3,1689.0,3.0,Studio,Semi-Furnished,High,19,78429
Delhi,1,656.0,1.0,Apartment,Semi-Furnished,Middle,8,49259
Pune,3,1673.0,4.0,Apartment,Semi-Furnished,Middle,20,65952
Ahmedabad,4,1917.0,5.0,Apartment,Unfurnished,Low,10,67421
Chennai,1,638.0,1.0,Villa,Semi-Furnished,High,27,52987
Kolkata,1,592.0,1.0,Apartment,Semi-Furnished,Middle,30,39739
Bangalore,3,1333.0,3.0,Independent House,Semi-Furnished,Middle,24,74987
Bangalore,2,1385.0,1.0,Villa,Semi-Furnished,High,8,77470
Delhi,2,807.0,2.0,Apartment,Semi-Furnished,Low,24,43697
Mumbai,1,723.0,1.0,Apartment,Fully Furnished,Middle,8,72868
Ahmedabad,2,1155.0,2.0,Apartment,Semi-Furnished,Low,6,43709
Pune,1,350.0,1.0,Apartment,Unfurnished,Ground,8,32066
Mumbai,2,1579.0,3.0,Apartment,Unfurnished,Low,0,65540
Hyderabad,3,1571.0,4.0,Apartment,Semi-Furnished,Low,3,65122
Hyderabad,2,1222.0,3.0,Apartment,Semi-Furnished,Middle,5,54057
Chennai,2,667.0,2.0,Villa,Semi-Furnished,High,21,47484
Delhi,5,2625.0,6.0,Apartment,Fully Furnished,Ground,10,118222
Delhi,3,2111.0,4.0,Apartment,Fully Furnished,Low,16,74823
Delhi,4,1872.0,5.0,Apartment,Semi-Furnished,Low,0,72820
Chennai,2,429.0,2.0,Apartment,Unfurnished,Middle,13,18180
Hyderabad,3,1632.0,4.0,Independent House,Semi-Furnished,Middle,16,73613
Mumbai,1,388.0,1.0,Apartment,Unfurnished,High,23,32962
Chennai,1,414.0,1.0,Studio,Unfurnished,Ground,16,19558
Chennai,2,1334.0,2.0,Apartment,Fully Furnished,Middle,8,78296
Mumbai,2,852.0,2.0,Studio,Semi-Furnished,Middle,9,49614
Delhi,4,1608.0,4.0,Studio,Fully Furnished,Low,17,71907
Pune,2,975.0,3.0,Apartment,Fully Furnished,High,8,70241
Mumbai,3,1593.0,4.0,Apartment,Semi-Furnished,Ground,24,79254
Hyderabad,3,1915.0,3.0,Apartment,Fully Furnished,Low,28,79149
Bangalore,3,1259.0,,Studio,Semi-Furnished,Low,12,62493
Ahmedabad,2,869.0,1.0,Independent House,Unfurnished,Ground,10,36270
Bangalore,3,1712.0,4.0,Apartment,Semi-Furnished,Middle,1,59829
Kolkata,2,1382.0,2.0,Apartment,Semi-Furnished,Middle,3,51808
Kolkata,1,534.0,2.0,Villa,Semi-Furnished,Middle,10,46447
Chennai,5,2962.0,5.0,Apartment,Fully Furnished,Low,30,104663
Ahmedabad,1,361.0,1.0,Apartment,Semi-Furnished,Middle,30,25778
Bangalore,1,584.0,1.0,Apartment,Unfurnished,High,26,38491
Pune,4,1702.0,4.0,Independent House,Unfurnished,Low,8,78108
Delhi,2,1151.0,2.0,Independent House,Semi-Furnished,Middle,24,63120
Hyderabad,3,1727.0,3.0,Apartment,Unfurnished,High,23,63105
Kolkata,2,1036.0,2.0,Apartment,Unfurnished,Middle,11,45724
Pune,2,996.0,3.0,Apartment,Semi-Furnished,Ground,20,47927
Hyderabad,2,1037.0,3.0,Apartment,Semi-Furnished,Low,16,60987
Hyderabad,2,755.0,2.0,Apartment,Semi-Furnished,High,1,45723
Delhi,2,1311.0,2.0,Apartment,Semi-Furnished,High,27,56575
Ahmedabad,3,1507.0,2.0,Villa,Unfurnished,High,13,60104
Chennai,2,938.0,1.0,Apartment,Semi-Furnished,High,19,57726
Bangalore,4,2317.0,3.0,Apartment,Unfurnished,Middle,8,80010
Delhi,1,602.0,1.0,Apartment,Fully Furnished,High,3,46106
Pune,2,1111.0,2.0,Apartment,Semi-Furnished,Middle,4,56123
Chennai,3,1541.0,3.0,Apartment,Unfurnished,Middle,16,58024
Pune,4,2002.0,4.0,Apartment,Semi-Furnished,Middle,12,98797
Chennai,1,645.0,1.0,Apartment,Unfurnished,Ground,20,32190
Ahmedabad,3,1692.0,2.0,Apartment,Semi-Furnished,Low,13,76043
Kolkata,4,1311.0,3.0,Apartment,Unfurnished,Ground,17,53031
Pune,2,1042.0,2.0,Apartment,Semi-Furnished,Middle,8,72655
Delhi,4,2888.0,4.0,Apartment,Semi-Furnished,Middle,25,89165
Chennai,1,631.0,1.0,Apartment,Fully Furnished,High,9,40242
Chennai,3,1881.0,2.0,Apartment,Unfurnished,Ground,11,68021
Hyderabad,4,1966.0,3.0,Apartment,Semi-Furnished,Middle,26,83577
Hyderabad,3,1141.0,4.0,Apartment,Semi-Furnished,Middle,8,66147
Mumbai,2,701.0,3.0,Apartment,Semi-Furnished,Middle,20,51590
Pune,1,803.0,2.0,Apartment,Fully Furnished,High,23,39424
Hyderabad,4,1785.0,4.0,Independent House,Unfurnished,High,29,77314
Mumbai,2,819.0,2.0,Apartment,Fully Furnished,High,11,68787
Kolkata,1,581.0,1.0,Apartment,Unfurnished,Low,9,22307
Kolkata,3,1693.0,2.0,Apartment,Unfurnished,High,5,62157
Hyderabad,2,1004.0,3.0,Apartment,Unfurnished,High,25,49961
Pune,1,497.0,1.0,Apartment,Semi-Furnished,High,23,36908
Chennai,2,1053.0,1.0,Independent House,Semi-Furnished,Low,8,48596
Bangalore,1,1190.0,1.0,Independent House,Semi-Furnished,High,19,52633
Ahmedabad,3,1857.0,3.0,Villa,Unfurnished,Ground,13,74087
Pune,3,1597.0,2.0,Apartment,Semi-Furnished,High,13,60932
Ahmedabad,2,800.0,2.0,Apartment,Unfurnished,Middle,12,45915
Delhi,3,1683.0,3.0,Apartment,Semi-Furnished,Low,25,78571
Kolkata,4,2233.0,4.0,Apartment,Unfurnished,High,3,92629
Hyderabad,3,1418.0,3.0,Apartment,Unfurnished,High,6,61343
Hyderabad,1,659.0,1.0,Independent House,Semi-Furnished,Middle,4,49654
Ahmedabad,3,1500.0,4.0,Apartment,Fully Furnished,Middle,3,62806
Chennai,2,889.0,2.0,Independent House,Unfurnished,Low,17,44322
Ahmedabad,3,1718.0,3.0,Apartment,Semi-Furnished,Middle,1,82648
Delhi,3,1366.0,3.0,Apartment,Unfurnished,Ground,28,61463
Chennai,2,1056.0,3.0,Apartment,Fully Furnished,Middle,19,55551
Delhi,4,1928.0,3.0,Apartment,Semi-Furnished,Middle,9,82766
Bangalore,1,350.0,1.0,Apartment,Semi-Furnished,Ground,23,36323
Kolkata,3,1614.0,3.0,Apartment,Unfurnished,Middle,7,74191
Hyderabad,1,446.0,1.0,Apartment,Fully Furnished,Middle,22,35402
Hyderabad,4,2272.0,4.0,Studio,Semi-Furnished,Middle,19,80587
Bangalore,1,892.0,2.0,Villa,Unfurnished,Ground,22,58793
Mumbai,1,519.0,1.0,Villa,Semi-Furnished,Middle,8,68964
Kolkata,2,972.0,3.0,Studio,Unfurnished,Middle,30,33297
Chennai,2,632.0,1.0,Apartment,Unfurnished,Low,23,35380
Bangalore,2,1071.0,2.0,Villa,Unfurnished,Middle,20,62877
Chennai,3,1019.0,4.0,Apartment,Unfurnished,Middle,2,52072
Ahmedabad,2,1260.0,1.0,Apartment,Fully Furnished,Middle,28,57250
Pune,1,462.0,2.0,Apartment,Semi-Furnished,High,17,35399
Hyderabad,2,691.0,2.0,Apartment,Semi-Furnished,High,19,43065
Chennai,3,1817.0,2.0,Independent House,Fully Furnished,Low,29,82860
Delhi,3,1552.0,4.0,Apartment,Fully Furnished,Low,12,70329
Chennai,3,1488.0,3.0,Independent House,Unfurnished,Middle,10,74067
Pune,3,1620.0,3.0,Studio,Unfurnished,Middle,24,57550
Kolkata,2,1198.0,2.0,Apartment,Unfurnished,Middle,25,54870
Hyderabad,1,350.0,1.0,Apartment,Semi-Furnished,High,19,41101
Ahmedabad,2,1599.0,1.0,Apartment,Semi-Furnished,Low,24,59730
Bangalore,3,1119.0,3.0,Apartment,Fully Furnished,Low,9,63798
Ahmedabad,5,2204.0,6.0,Apartment,Unfurnished,Low,20,82188
Pune,2,1412.0,2.0,Independent House,Fully Furnished,Ground,12,78711
Hyderabad,1,672.0,2.0,Apartment,Unfurnished,Middle,2,42198
Chennai,1,489.0,2.0,Apartment,Semi-Furnished,Middle,21,34655
Kolkata,2,629.0,2.0,Apartment,Fully Furnished,Low,24,40172
Mumbai,3,1265.0,3.0,Independent House,Semi-Furnished,High,23,85564
Kolkata,1,371.0,1.0,Apartment,Semi-Furnished,Middle,28,21736
Mumbai,4,1776.0,4.0,Villa,Unfurnished,Middle,2,90070
Delhi,2,1321.0,2.0,Apartment,Fully Furnished,High,19,68535
Kolkata,4,1189.0,4.0,Apartment,Unfurnished,Low,19,52031
Hyderabad,3,1343.0,3.0,Apartment,Unfurnished,Middle,16,52808
Mumbai,3,1233.0,3.0,Apartment,Semi-Furnished,Middle,27,72439
Bangalore,3,845.0,3.0,Apartment,Unfurnished,Low,20,55107
Hyderabad,3,1414.0,4.0,Villa,Semi-Furnished,Low,11,78789
Bangalore,3,1700.0,3.0,Independent House,Unfurnished,Ground,12,76654
Kolkata,3,1535.0,,Apartment,Fully Furnished,High,15,77768
Bangalore,2,1338.0,2.0,Apartment,Semi-Furnished,Middle,18,66857
Mumbai,5,3497.0,5.0,Independent House,Semi-Furnished,High,6,162016
Hyderabad,3,1516.0,3.0,Villa,Fully Furnished,High,6,76608
Chennai,3,1906.0,3.0,Apartment,Fully Furnished,High,20,75350
Pune,4,2180.0,4.0,Apartment,Fully Furnished,Ground,20,81754
Mumbai,2,567.0,3.0,Apartment,Semi-Furnished,Middle,16,44501
Mumbai,1,613.0,1.0,Apartment,Unfurnished,High,14,48852
Chennai,2,845.0,2.0,Apartment,Semi-Furnished,High,3,50573
Hyderabad,2,1245.0,2.0,Independent House,Semi-Furnished,Low,12,54846
Hyderabad,3,1716.0,2.0,Apartment,Semi-Furnished,Ground,16,77330
Ahmedabad,2,711.0,1.0,Apartment,Fully Furnished,Middle,0,42423
Kolkata,3,1896.0,3.0,Apartment,Fully Furnished,Middle,7,79235
Bangalore,2,1358.0,2.0,Studio,Fully Furnished,Low,24,60993
Kolkata,1,572.0,1.0,Studio,Semi-Furnished,High,17,32625
Chennai,3,1982.0,3.0,Independent House,,Middle,15,91027
Kolkata,3,1306.0,2.0,Villa,Semi-Furnished,Middle,30,67872
Chennai,1,665.0,1.0,Independent House,Semi-Furnished,Middle,15,36874
Hyderabad,3,1576.0,3.0,Independent House,Unfurnished,Low,8,77523
Bangalore,3,1587.0,4.0,Apartment,Fully Furnished,Middle,16,77079
Kolkata,1,643.0,1.0,Apartment,Semi-Furnished,Middle,30,34453
Mumbai,1,472.0,1.0,Studio,Unfurnished,High,28,35745
Delhi,5,1948.0,5.0,Independent House,Unfurnished,Middle,8,92628
Ahmedabad,2,701.0,2.0,Apartment,Fully Furnished,High,16,40951
Pune,2,1360.0,2.0,Apartment,Unfurnished,Middle,25,38742
Mumbai,1,350.0,1.0,Apartment,Semi-Furnished,Low,9,48091
Hyderabad,3,1851.0,3.0,Apartment,Semi-Furnished,Ground,14,67977
Pune,3,1769.0,4.0,Apartment,Fully Furnished,Middle,30,70797
Delhi,3,1413.0,3.0,Apartment,Semi-Furnished,High,7,70302
Delhi,1,997.0,1.0,Apartment,Unfurnished,High,16,50151
Bangalore,4,1984.0,4.0,Studio,Unfurnished,Middle,7,91185
Pune,2,1448.0,2.0,Independent House,Unfurnished,Middle,16,60398
Bangalore,2,1169.0,1.0,Apartment,Unfurnished,Middle,12,62592
Mumbai,2,995.0,3.0,Independent House,Fully Furnished,High,7,74048
Chennai,2,877.0,2.0,Apartment,Fully Furnished,Low,28,45482
Chennai,4,2311.0,3.0,Apartment,Unfurnished,Middle,1,93111
Chennai,4,2203.0,4.0,Independent House,Semi-Furnished,Ground,20,76783
Pune,2,1165.0,2.0,Independent House,Unfurnished,Ground,14,49725
Chennai,4,2042.0,4.0,Apartment,Semi-Furnished,Low,22,59309
Mumbai,3,1185.0,3.0,Independent House,Fully Furnished,Middle,23,76355
Bangalore,4,2212.0,4.0,Studio,Semi-Furnished,High,27,96644
Pune,2,1061.0,2.0,Apartment,Semi-Furnished,Low,5,64255
Bangalore,3,1367.0,3.0,Apartment,Semi-Furnished,Middle,7,76565
Pune,2,1243.0,3.0,Studio,Unfurnished,Middle,2,55971
Bangalore,3,975.0,2.0,Studio,Semi-Furnished,Low,15,51404
Delhi,1,876.0,2.0,Apartment,Semi-Furnished,Middle,22,48441
Bangalore,3,1662.0,3.0,Apartment,Semi-Furnished,Low,22,73939
Chennai,2,856.0,2.0,Studio,Unfurnished,Low,1,32033
Delhi,2,1326.0,2.0,Apartment,Semi-Furnished,Low,9,56978
Bangalore,3,1233.0,4.0,Apartment,Semi-Furnished,Middle,28,61647
Pune,4,1991.0,4.0,Apartment,Unfurnished,Low,2,82233
Pune,3,1650.0,2.0,Apartment,Semi-Furnished,Middle,23,68162
Ahmedabad,4,1739.0,4.0,Apartment,Unfurnished,Low,10,59466
Pune,2,1088.0,,Apartment,Unfurnished,High,14,45146
Hyderabad,2,1305.0,3.0,Apartment,Fully Furnished,Low,24,63054
Mumbai,2,989.0,1.0,Apartment,Semi-Furnished,Low,1,64401
Pune,1,482.0,1.0,Apartment,Unfurnished,High,8,38557
Delhi,2,1363.0,2.0,Apartment,Unfurnished,Low,28,56306
Ahmedabad,3,1015.0,4.0,Apartment,,High,18,55665
Pune,3,955.0,3.0,Studio,Unfurnished,Low,16,53115
Hyderabad,3,1561.0,4.0,Independent House,Semi-Furnished,Middle,26,67585
Chennai,3,1228.0,3.0,Studio,Semi-Furnished,Ground,29,58555
Delhi,1,574.0,1.0,Apartment,Semi-Furnished,Middle,0,50165
Hyderabad,1,700.0,1.0,Villa,Unfurnished,High,22,42801
Chennai,3,1554.0,2.0,Villa,Unfurnished,Middle,7,68081
Kolkata,2,866.0,2.0,Studio,Fully Furnished,Low,0,60403
Kolkata,1,448.0,1.0,Apartment,Unfurnished,High,10,36772
Delhi,2,776.0,2.0,Independent House,Semi-Furnished,Middle,15,53182
Bangalore,2,1257.0,2.0,Apartment,Fully Furnished,High,28,71953
Mumbai,2,1298.0,1.0,Studio,Fully Furnished,Low,22,67159
Ahmedabad,3,1453.0,3.0,Apartment,Semi-Furnished,Low,6,65171
Mumbai,3,1172.0,4.0,Studio,Semi-Furnished,Middle,14,69449
Hyderabad,2,1106.0,2.0,Apartment,Fully Furnished,High,6,73474
Chennai,3,1436.0,4.0,Apartment,Fully Furnished,High,5,65486
Mumbai,3,1542.0,3.0,Apartment,Unfurnished,Middle,3,88965
Chennai,3,1769.0,4.0,Apartment,Unfurnished,Middle,3,67202
Chennai,2,970.0,3.0,Apartment,Fully Furnished,Low,9,48638
Hyderabad,1,568.0,2.0,Apartment,Fully Furnished,High,21,39868
Hyderabad,3,1967.0,3.0,Apartment,Unfurnished,High,27,79173
Hyderabad,2,1079.0,3.0,Villa,Fully Furnished,Low,23,74868
Mumbai,4,1910.0,4.0,Apartment,Unfurnished,Low,23,78245
Kolkata,3,1441.0,2.0,Apartment,Unfurnished,Middle,29,50208
Hyderabad,3,2019.0,3.0,Apartment,Semi-Furnished,Middle,18,60621
Ahmedabad,2,1415.0,2.0,Studio,Semi-Furnished,Middle,9,43923
Mumbai,2,613.0,1.0,Apartment,Unfurnished,Low,11,42288
Hyderabad,2,938.0,2.0,Apartment,Fully Furnished,High,21,49696
Pune,2,942.0,3.0,Apartment,Semi-Furnished,Middle,19,58028
Chennai,2,948.0,2.0,Apartment,Semi-Furnished,High,8,55403
Ahmedabad,2,1528.0,2.0,Independent House,Semi-Furnished,Middle,6,65408
Hyderabad,1,499.0,1.0,Studio,Unfurnished,Middle,23,24519
Delhi,5,2239.0,,Apartment,Semi-Furnished,Middle,0,90902
Chennai,1,654.0,1.0,Apartment,Semi-Furnished,Ground,19,40608
Chennai,4,1306.0,5.0,Apartment,Semi-Furnished,Middle,5,73266
Hyderabad,4,1586.0,5.0,Villa,Unfurnished,Middle,21,85187
Kolkata,2,762.0,2.0,Apartment,Unfurnished,Middle,29,34828
Bangalore,3,1926.0,3.0,Apartment,Unfurnished,Ground,15,75221
Kolkata,2,825.0,1.0,Apartment,Fully Furnished,Middle,15,39913
Hyderabad,3,1209.0,2.0,Apartment,Fully Furnished,High,1,68387
Chennai,2,1570.0,2.0,Apartment,Fully Furnished,Low,22,66559
Ahmedabad,2,1024.0,1.0,Villa,Fully Furnished,High,2,59676
Delhi,3,1118.0,3.0,Apartment,Semi-Furnished,Middle,21,49609
Ahmedabad,2,1005.0,1.0,Apartment,Unfurnished,Middle,27,49609
Ahmedabad,3,1780.0,2.0,Studio,Semi-Furnished,High,18,71368
Chennai,2,572.0,2.0,Apartment,Semi-Furnished,Middle,5,41776
Kolkata,2,1920.0,2.0,Apartment,Unfurnished,High,25,68494
Delhi,1,621.0,1.0,Apartment,Unfurnished,Low,28,27607
Mumbai,1,356.0,1.0,Independent House,Unfurnished,High,9,48829
Pune,2,701.0,2.0,Apartment,Unfurnished,High,7,39116
Chennai,1,350.0,2.0,Studio,Unfurnished,High,20,30228
Hyderabad,1,758.0,1.0,Villa,Unfurnished,Ground,0,52064
Mumbai,3,3040.0,3.0,Apartment,Semi-Furnished,Ground,2,135175
Pune,1,747.0,1.0,Villa,Unfurnished,Ground,0,50839
Hyderabad,3,1592.0,3.0,Independent House,Fully Furnished,Middle,7,66334
Ahmedabad,2,1200.0,2.0,Apartment,Fully Furnished,Low,6,50465
Bangalore,4,2726.0,3.0,Apartment,Fully Furnished,Middle,10,104523
Hyderabad,2,1356.0,1.0,Apartment,Semi-Furnished,High,9,60952
Delhi,2,1459.0,2.0,Apartment,Fully Furnished,Low,27,72678
Delhi,2,1099.0,2.0,Apartment,Semi-Furnished,Ground,27,49046
Bangalore,2,558.0,2.0,Apartment,Unfurnished,High,28,46037
Mumbai,3,1169.0,3.0,Apartment,Semi-Furnished,Middle,19,70408
Pune,1,546.0,1.0,Apartment,Fully Furnished,Low,10,32134
Hyderabad,5,1927.0,5.0,Villa,Semi-Furnished,Middle,30,84346
Delhi,2,1067.0,1.0,Studio,Semi-Furnished,Middle,19,53269
Mumbai,2,906.0,1.0,Independent House,Fully Furnished,Low,16,73926
Bangalore,3,2262.0,3.0,Apartment,Semi-Furnished,Low,13,85050
Kolkata,2,1504.0,1.0,Apartment,Fully Furnished,High,3,70559
Chennai,3,1376.0,4.0,Apartment,Unfurnished,Middle,0,65737
Kolkata,2,1652.0,,Apartment,Fully Furnished,Ground,20,66819
Kolkata,3,1752.0,2.0,Apartment,Semi-Furnished,Low,4,61994
Delhi,1,676.0,1.0,Villa,Fully Furnished,Low,1,60711
Ahmedabad,4,1258.0,4.0,Apartment,Semi-Furnished,High,9,57270
Ahmedabad,3,1531.0,3.0,Studio,Semi-Furnished,Middle,17,54910
Bangalore,2,965.0,2.0,Apartment,Fully Furnished,Ground,8,46891
Hyderabad,1,574.0,1.0,Independent House,Fully Furnished,Low,17,49309
Ahmedabad,2,1177.0,2.0,Studio,Unfurnished,High,4,53795
Kolkata,5,2699.0,5.0,Apartment,,High,11,115583
Ahmedabad,2,1275.0,1.0,Studio,Unfurnished,Ground,24,28702
Kolkata,2,905.0,2.0,Apartment,Unfurnished,High,15,38583
Pune,1,350.0,2.0,Studio,Semi-Furnished,Low,23,37384
Delhi,2,1009.0,1.0,Independent House,Unfurnished,Low,1,48978
Delhi,3,1512.0,3.0,Apartment,Semi-Furnished,Ground,1,75388
Hyderabad,4,2225.0,4.0,Apartment,Fully Furnished,Ground,20,101157
Ahmedabad,2,767.0,2.0,Apartment,Fully Furnished,Middle,15,39946
Ahmedabad,3,1517.0,3.0,Apartment,Unfurnished,Low,3,61687
Chennai,2,1064.0,1.0,Apartment,Unfurnished,Low,2,52513
Mumbai,1,664.0,1.0,Apartment,Semi-Furnished,Low,19,47498
Pune,2,1437.0,1.0,Apartment,Unfurnished,High,1,63276
Delhi,3,1426.0,3.0,Apartment,Unfurnished,Low,1,65374
Pune,4,1973.0,4.0,Studio,Unfurnished,Middle,19,65085
Delhi,4,1842.0,4.0,Independent House,Fully Furnished,Middle,11,86801
Pune,2,1375.0,3.0,Apartment,Fully Furnished,High,12,73838
Bangalore,2,1039.0,2.0,Apartment,Fully Furnished,High,18,62784
Kolkata,2,1113.0,2.0,Independent House,Semi-Furnished,High,22,59626
Delhi,4,3179.0,4.0,Apartment,Semi-Furnished,Middle,24,120301
Pune,4,1955.0,3.0,Apartment,Fully Furnished,Middle,0,84153
Ahmedabad,3,2122.0,3.0,Apartment,Semi-Furnished,Low,6,79486
Mumbai,2,1097.0,2.0,Apartment,Semi-Furnished,High,18,73552
Bangalore,2,1371.0,2.0,Apartment,Fully Furnished,Middle,12,73903
Bangalore,2,1296.0,2.0,Apartment,Semi-Furnished,Low,3,61624
Mumbai,2,812.0,2.0,Studio,Semi-Furnished,Ground,15,50805
Pune,2,833.0,2.0,Apartment,Semi-Furnished,Middle,17,41779
Ahmedabad,1,579.0,1.0,Apartment,Unfurnished,High,30,31692
Hyderabad,1,511.0,1.0,Apartment,Unfurnished,Low,14,19364
Mumbai,4,2955.0,3.0,Apartment,Fully Furnished,Middle,10,114531
Pune,3,1365.0,3.0,Independent House,Semi-Furnished,High,30,77938
Mumbai,2,694.0,2.0,Apartment,Unfurnished,High,4,46963
Mumbai,2,1278.0,2.0,Apartment,Fully Furnished,Middle,23,73442
Delhi,2,1050.0,2.0,Studio,Semi-Furnished,Middle,13,52348
Pune,3,1677.0,4.0,Apartment,Fully Furnished,Low,10,76944
Hyderabad,3,1737.0,2.0,Apartment,Fully Furnished,Low,17,74474
Kolkata,3,1332.0,3.0,Apartment,Unfurnished,Middle,7,58593
Delhi,3,1021.0,3.0,Independent House,Semi-Furnished,Middle,8,71744
Mumbai,2,634.0,2.0,Independent House,Semi-Furnished,Middle,11,64916
Kolkata,2,1482.0,3.0,Apartment,Fully Furnished,Low,20,68921
Chennai,2,894.0,1.0,Independent House,Unfurnished,High,24,48460
Kolkata,2,1161.0,2.0,Apartment,Unfurnished,Middle,23,31556
Mumbai,3,1328.0,2.0,Studio,Fully Furnished,Middle,17,68209
Mumbai,2,883.0,3.0,Villa,Semi-Furnished,High,10,74383
Ahmedabad,1,364.0,1.0,Independent House,Semi-Furnished,Low,4,39231
Pune,2,1044.0,1.0,Apartment,Fully Furnished,High,30,61177
Pune,5,2400.0,5.0,Apartment,Unfurnished,Middle,29,77441
Delhi,2,973.0,2.0,Apartment,Semi-Furnished,Middle,28,45526
Hyderabad,3,1851.0,4.0,Apartment,Semi-Furnished,High,24,68000
Delhi,2,755.0,2.0,Independent House,Semi-Furnished,Low,30,42732
Bangalore,1,522.0,1.0,Villa,Semi-Furnished,Low,8,54510
Mumbai,2,671.0,1.0,Independent House,Semi-Furnished,High,7,62809
Kolkata,3,1372.0,3.0,Apartment,Unfurnished,Low,17,56460
Chennai,2,1122.0,2.0,Apartment,Fully Furnished,Ground,21,41633
Mumbai,4,2122.0,5.0,Apartment,Semi-Furnished,Middle,16,84865
Mumbai,2,1153.0,3.0,Independent House,Unfurnished,High,12,79554
Delhi,1,1037.0,2.0,Villa,Semi-Furnished,Low,22,67309
Chennai,4,2606.0,5.0,Apartment,Unfurnished,Middle,5,97753
Chennai,2,677.0,1.0,Apartment,Semi-Furnished,Low,23,43172
Chennai,3,1148.0,2.0,Independent House,Fully Furnished,Ground,27,49489
Delhi,3,1838.0,3.0,Apartment,Unfurnished,Low,6,71854
Mumbai,2,1237.0,2.0,Studio,Unfurnished,High,1,68252
Delhi,3,1399.0,4.0,Independent House,Semi-Furnished,High,1,68767
Pune,1,441.0,1.0,Apartment,Semi-Furnished,Ground,11,42279
Pune,2,823.0,2.0,Independent House,Semi-Furnished,High,1,61882
Delhi,1,721.0,2.0,Villa,Semi-Furnished,Middle,21,48768
Chennai,3,1568.0,3.0,Apartment,Unfurnished,Middle,25,64264
Ahmedabad,2,1312.0,3.0,Apartment,Unfurnished,Middle,23,55041
Mumbai,3,2101.0,3.0,Villa,Unfurnished,Low,0,108887
Delhi,4,1635.0,5.0,Villa,Semi-Furnished,Middle,1,85986
Delhi,2,1286.0,2.0,Apartment,Unfurnished,Middle,4,67842
Delhi,2,1242.0,2.0,Villa,Semi-Furnished,High,24,80588
Ahmedabad,2,869.0,2.0,Apartment,Unfurnished,Low,10,26156
Ahmedabad,2,931.0,2.0,Apartment,Fully Furnished,High,28,45333
Bangalore,2,1220.0,2.0,Independent House,Fully Furnished,Low,26,75118
Pune,3,1326.0,3.0,Apartment,Fully Furnished,High,13,62522
Kolkata,5,3167.0,6.0,Apartment,Fully Furnished,Middle,7,110842
Chennai,4,2357.0,5.0,Independent House,Fully Furnished,Middle,16,93731
Hyderabad,4,1909.0,4.0,Apartment,Unfurnished,High,12,63113
Ahmedabad,4,2557.0,3.0,Villa,Fully Furnished,Ground,7,110600
Kolkata,2,852.0,2.0,Apartment,Fully Furnished,Middle,14,52548
Ahmedabad,3,1292.0,2.0,Apartment,Semi-Furnished,High,6,67100
Chennai,4,2935.0,3.0,Apartment,Fully Furnished,Middle,14,115103
Hyderabad,2,885.0,2.0,Apartment,Fully Furnished,Middle,8,48080
Bangalore,5,2611.0,5.0,Studio,Unfurnished,Ground,13,115223
Delhi,2,552.0,2.0,Apartment,Fully Furnished,Low,14,55964
Bangalore,3,1643.0,3.0,Apartment,Semi-Furnished,Middle,10,84740
Ahmedabad,3,1845.0,3.0,Independent House,Fully Furnished,Ground,3,78982
Bangalore,4,2251.0,4.0,Apartment,Unfurnished,Low,13,88663
Kolkata,2,1277.0,2.0,Villa,Unfurnished,Low,29,56748
Mumbai,3,1863.0,4.0,Apartment,Fully Furnished,High,29,85452
Ahmedabad,2,1300.0,2.0,Apartment,Semi-Furnished,Middle,25,50914
Ahmedabad,2,726.0,2.0,Apartment,Fully Furnished,Middle,21,39460
Kolkata,3,1108.0,3.0,Apartment,Fully Furnished,Low,14,44907
Pune,2,1013.0,2.0,Independent House,Fully Furnished,Low,3,67766
Hyderabad,3,943.0,3.0,Studio,Fully Furnished,Middle,30,53091
Delhi,2,1187.0,2.0,Studio,Fully Furnished,High,13,53639
Kolkata,2,1115.0,3.0,Apartment,Semi-Furnished,Low,3,55685
Hyderabad,3,1961.0,3.0,Apartment,Semi-Furnished,Low,8,74619
Chennai,2,820.0,2.0,Apartment,Fully Furnished,Middle,0,60671
Hyderabad,2,1299.0,2.0,Villa,Semi-Furnished,High,25,64240
Chennai,5,2024.0,5.0,Villa,Semi-Furnished,Middle,22,92733
Kolkata,2,1458.0,2.0,Apartment,Fully Furnished,Low,27,56295
Ahmedabad,3,,3.0,Apartment,Fully Furnished,High,7,91587
Ahmedabad,2,646.0,3.0,Villa,Fully Furnished,Middle,14,44243
Pune,2,,3.0,Apartment,Semi-Furnished,High,5,63387
Kolkata,2,1572.0,2.0,Apartment,Semi-Furnished,Ground,28,45152
Chennai,2,,2.0,Apartment,Semi-Furnished,High,0,56885
Hyderabad,2,851.0,2.0,Apartment,Unfurnished,Ground,5,34580
Hyderabad,2,1386.0,3.0,Apartment,Unfurnished,High,19,46009
Chennai,2,744.0,2.0,Apartment,Unfurnished,High,26,36630
Bangalore,1,350.0,2.0,Apartment,Fully Furnished,Low,13,43701
Pune,2,1225.0,1.0,Apartment,Fully Furnished,Low,7,62590
Mumbai,1,350.0,1.0,Studio,Semi-Furnished,High,6,53675
Ahmedabad,1,703.0,1.0,Apartment,Semi-Furnished,Low,23,39663
Delhi,4,2303.0,4.0,Independent House,Unfurnished,High,15,107181
Hyderabad,3,1744.0,3.0,Apartment,Unfurnished,Ground,0,67168
Delhi,3,1559.0,3.0,Apartment,Fully Furnished,Middle,9,82808
Mumbai,2,1421.0,2.0,Villa,Fully Furnished,Low,11,100998
Kolkata,4,2113.0,5.0,Villa,Unfurnished,High,8,92419
Delhi,3,1245.0,3.0,Apartment,Unfurnished,Low,9,63601
Mumbai,3,1452.0,4.0,Apartment,Fully Furnished,Middle,9,101503
Ahmedabad,2,989.0,3.0,Apartment,Semi-Furnished,Low,2,39079
Chennai,5,1938.0,6.0,Villa,Unfurnished,Middle,1,85973
Bangalore,3,1604.0,2.0,Independent House,Unfurnished,Middle,8,65078
Ahmedabad,4,2274.0,5.0,Apartment,Semi-Furnished,Ground,16,63562
Hyderabad,1,432.0,1.0,Apartment,Semi-Furnished,Middle,21,33897
Mumbai,2,852.0,1.0,Studio,Semi-Furnished,Low,4,59331
Delhi,2,1080.0,1.0,Apartment,Fully Furnished,Middle,27,57531
Hyderabad,2,1353.0,2.0,Apartment,Unfurnished,Middle,11,50567
Bangalore,4,2150.0,4.0,Apartment,Semi-Furnished,Low,26,88170
Chennai,1,350.0,1.0,Apartment,Unfurnished,Low,3,32159
Kolkata,1,516.0,1.0,Apartment,Semi-Furnished,Low,9,38271
Hyderabad,2,1173.0,2.0,Apartment,Fully Furnished,Low,30,41708
Kolkata,2,834.0,3.0,Studio,Unfurnished,High,16,32071
Mumbai,2,854.0,2.0,Apartment,Semi-Furnished,Middle,1,65950
Bangalore,3,1462.0,4.0,Independent House,Unfurnished,High,30,64706
Delhi,3,1746.0,3.0,Independent House,Unfurnished,Ground,19,73195
Bangalore,1,698.0,1.0,Independent House,Unfurnished,Ground,21,48892
Bangalore,2,794.0,2.0,Apartment,Semi-Furnished,Ground,5,51400
Pune,2,1547.0,1.0,Apartment,Fully Furnished,High,4,62258
Bangalore,1,640.0,1.0,Apartment,Semi-Furnished,High,7,48716
Bangalore,3,1689.0,3.0,Independent House,Fully Furnished,Middle,15,84586
Ahmedabad,3,2150.0,2.0,Apartment,Semi-Furnished,Middle,27,79449
Hyderabad,3,1810.0,3.0,Apartment,Semi-Furnished,Middle,2,75106
Delhi,3,1456.0,2.0,Apartment,Fully Furnished,High,8,85537
Ahmedabad,1,479.0,1.0,Apartment,Unfurnished,Low,25,23765
Ahmedabad,4,2533.0,4.0,Apartment,Semi-Furnished,Middle,3,109083
Hyderabad,3,1713.0,4.0,Independent House,Semi-Furnished,Ground,0,71181
Hyderabad,4,1950.0,3.0,Villa,Unfurnished,Low,5,101528
Mumbai,1,718.0,1.0,Apartment,Unfurnished,Middle,17,46928
Hyderabad,4,2440.0,3.0,Apartment,Semi-Furnished,Middle,3,108057
Pune,3,1921.0,3.0,Independent House,Semi-Furnished,Middle,11,87997
Pune,3,1690.0,3.0,Apartment,Semi-Furnished,Low,13,66187
Ahmedabad,1,920.0,1.0,Apartment,Semi-Furnished,High,27,40979
Kolkata,3,2016.0,3.0,Independent House,Semi-Furnished,Middle,2,92604
Mumbai,4,1950.0,4.0,Villa,Fully Furnished,Middle,18,102308
Kolkata,3,1577.0,3.0,Apartment,Fully Furnished,Low,1,70072
Kolkata,3,1359.0,3.0,Apartment,Semi-Furnished,Low,23,47570
Ahmedabad,4,2318.0,3.0,Apartment,Unfurnished,High,1,88076
Chennai,2,1201.0,2.0,Apartment,Fully Furnished,Middle,16,53407
Ahmedabad,3,2146.0,2.0,Apartment,Unfurnished,Middle,4,65383
Delhi,2,1469.0,3.0,Apartment,Unfurnished,High,0,73269
Delhi,4,,4.0,Apartment,Semi-Furnished,Low,15,81704
Hyderabad,1,684.0,1.0,Apartment,Semi-Furnished,High,5,49990
Hyderabad,2,1044.0,2.0,Apartment,Semi-Furnished,Middle,4,52955
Chennai,3,1922.0,3.0,Apartment,Semi-Furnished,Middle,27,64756
Hyderabad,3,1606.0,3.0,Apartment,Unfurnished,Low,11,65440
Delhi,3,2329.0,4.0,Studio,Fully Furnished,High,16,99164
Kolkata,4,2040.0,4.0,Apartment,Fully Furnished,Ground,30,59990
Ahmedabad,4,1954.0,5.0,Independent House,Semi-Furnished,Low,22,90747
Bangalore,1,940.0,1.0,Apartment,Unfurnished,Low,10,50903
Pune,2,1100.0,2.0,Studio,Semi-Furnished,Low,18,59614
Bangalore,1,571.0,1.0,Apartment,Unfurnished,Middle,1,43558
Bangalore,2,1205.0,2.0,Apartment,Semi-Furnished,Ground,25,64243
Delhi,2,1098.0,1.0,Studio,Semi-Furnished,Ground,24,57180
Bangalore,4,2455.0,4.0,Independent House,Fully Furnished,Middle,15,108039
Ahmedabad,4,1976.0,4.0,Studio,Semi-Furnished,Middle,18,85618
Chennai,1,562.0,1.0,Apartment,Fully Furnished,Low,7,35788
Mumbai,1,375.0,2.0,Apartment,Fully Furnished,Low,3,51147
Hyderabad,3,1336.0,3.0,Apartment,Unfurnished,Ground,5,49097
Mumbai,2,1381.0,2.0,Studio,Unfurnished,High,23,63719
Kolkata,2,1059.0,1.0,Apartment,Semi-Furnished,Middle,19,48213
Ahmedabad,4,2681.0,3.0,Apartment,Semi-Furnished,High,2,106527
Ahmedabad,4,2477.0,4.0,Apartment,Fully Furnished,Low,8,89555
Pune,2,658.0,2.0,Apartment,Unfurnished,Middle,25,27726
Ahmedabad,4,1757.0,4.0,Apartment,Semi-Furnished,Middle,22,63752
Hyderabad,2,1373.0,2.0,Apartment,Fully Furnished,Low,24,63209
Ahmedabad,3,1438.0,4.0,Apartment,Fully Furnished,Middle,18,69337
Bangalore,2,796.0,2.0,Apartment,Semi-Furnished,Middle,0,47850
Pune,1,530.0,1.0,Apartment,Semi-Furnished,Middle,2,37942
Hyderabad,4,2053.0,4.0,Villa,Unfurnished,Low,22,84105
Chennai,2,755.0,1.0,Apartment,Unfurnished,Low,0,40772
Chennai,3,1297.0,2.0,Apartment,Semi-Furnished,Middle,14,61263
Chennai,2,1257.0,1.0,Apartment,Fully Furnished,High,4,71201
Chennai,1,480.0,1.0,Independent House,Fully Furnished,Middle,27,35648
Bangalore,1,453.0,1.0,Apartment,Fully Furnished,Middle,15,45554
Ahmedabad,2,887.0,2.0,Apartment,Semi-Furnished,Low,4,46284
Mumbai,3,1644.0,2.0,Apartment,Semi-Furnished,High,18,83059
Hyderabad,2,1300.0,1.0,Apartment,Fully Furnished,Middle,11,56801
Bangalore,3,1395.0,3.0,Apartment,Unfurnished,High,12,76858
Chennai,3,1279.0,3.0,Apartment,Semi-Furnished,Low,29,56536
Kolkata,3,1471.0,3.0,Independent House,Semi-Furnished,Low,7,66925
Ahmedabad,2,744.0,1.0,Apartment,Unfurnished,Low,16,36211
Mumbai,4,1521.0,3.0,Apartment,,Low,24,78223
Kolkata,2,931.0,2.0,Independent House,Unfurnished,Ground,11,43989
Pune,2,1187.0,2.0,Villa,Fully Furnished,Middle,26,68231
Kolkata,2,1451.0,2.0,Apartment,Semi-Furnished,Middle,13,66233
Pune,2,1036.0,1.0,Apartment,Fully Furnished,Ground,28,55822
Pune,1,350.0,1.0,Studio,Fully Furnished,High,10,40226
Chennai,3,1768.0,3.0,Apartment,Fully Furnished,Low,22,75162
Pune,2,770.0,2.0,Villa,Unfurnished,Low,0,53835
Delhi,2,1071.0,1.0,Independent House,Semi-Furnished,Low,1,66457
Hyderabad,3,1327.0,4.0,Apartment,Unfurnished,Middle,15,70018
Hyderabad,2,493.0,1.0,Apartment,Fully Furnished,Ground,1,50336
Chennai,2,1043.0,2.0,Studio,Unfurnished,High,26,31766
Delhi,1,779.0,1.0,Villa,Semi-Furnished,Middle,0,67767
Kolkata,3,1120.0,3.0,Apartment,Semi-Furnished,Middle,0,54850
Bangalore,1,739.0,1.0,Apartment,Fully Furnished,Middle,9,45597
Kolkata,2,1198.0,3.0,Apartment,Fully Furnished,Middle,17,50645
Ahmedabad,2,854.0,2.0,Villa,Semi-Furnished,Middle,21,53818
Bangalore,3,1060.0,2.0,Apartment,Semi-Furnished,High,20,57806
Pune,3,1356.0,3.0,Apartment,Semi-Furnished,Middle,20,68660
Mumbai,3,1716.0,3.0,Villa,Fully Furnished,Middle,30,95646
Bangalore,1,544.0,1.0,Apartment,Unfurnished,Middle,1,39772
Mumbai,2,994.0,3.0,Apartment,Unfurnished,High,22,62434
Hyderabad,2,1217.0,2.0,Apartment,Semi-Furnished,Middle,2,64039
Mumbai,1,787.0,1.0,Apartment,Unfurnished,High,13,48234
Hyderabad,2,1077.0,1.0,Apartment,Semi-Furnished,Middle,11,50971
Delhi,2,1067.0,2.0,Apartment,Unfurnished,Middle,24,51920
Delhi,2,1527.0,2.0,Apartment,Fully Furnished,Middle,23,77280
Chennai,3,1045.0,3.0,Apartment,Semi-Furnished,Middle,24,47838
Chennai,2,892.0,3.0,Independent House,Unfurnished,Low,8,46974
Pune,3,1405.0,4.0,Independent House,Fully Furnished,Middle,12,81207
Bangalore,2,1152.0,2.0,Apartment,Fully Furnished,High,9,69808
Pune,2,1459.0,3.0,Apartment,Fully Furnished,Middle,29,70484
Hyderabad,2,1137.0,2.0,Villa,Semi-Furnished,High,5,60175
Pune,1,654.0,1.0,Apartment,Fully Furnished,Low,4,52772
Mumbai,1,934.0,1.0,Independent House,Semi-Furnished,Middle,17,68053
Hyderabad,2,882.0,1.0,Apartment,Semi-Furnished,Middle,6,48960
Chennai,4,2556.0,4.0,Apartment,Semi-Furnished,Low,15,90838
Delhi,3,1258.0,3.0,Apartment,Semi-Furnished,Ground,10,62958
Chennai,1,745.0,1.0,Apartment,Unfurnished,High,20,36210
Bangalore,4,2014.0,4.0,Apartment,Semi-Furnished,Middle,9,101864
Hyderabad,3,1415.0,3.0,Apartment,Semi-Furnished,Middle,26,60357
Hyderabad,3,2017.0,3.0,Studio,Semi-Furnished,Ground,7,65566
Mumbai,3,1676.0,4.0,Independent House,Semi-Furnished,Middle,4,94789
Bangalore,2,1234.0,2.0,Villa,Semi-Furnished,Middle,0,70818
Delhi,2,1249.0,2.0,Apartment,Unfurnished,Low,2,54091
Kolkata,2,1164.0,2.0,Apartment,Unfurnished,Ground,28,42301
Hyderabad,2,601.0,2.0,Independent House,Semi-Furnished,Middle,14,42554
Hyderabad,2,504.0,2.0,Apartment,Semi-Furnished,Middle,9,33427
Mumbai,3,1575.0,3.0,Apartment,Fully Furnished,Low,0,92587
Pune,4,2273.0,5.0,Apartment,Semi-Furnished,Middle,30,86898
Ahmedabad,4,1978.0,4.0,Apartment,Semi-Furnished,Middle,9,65045
Delhi,4,2570.0,4.0,Apartment,Semi-Furnished,High,15,88531
Chennai,3,1550.0,3.0,Apartment,Fully Furnished,High,30,60839
Bangalore,4,2259.0,5.0,Apartment,Fully Furnished,High,11,88814
Hyderabad,1,350.0,2.0,Independent House,Fully Furnished,Low,27,36145
Hyderabad,2,1084.0,2.0,Apartment,Semi-Furnished,Middle,4,55826
Chennai,2,1165.0,2.0,Independent House,Semi-Furnished,Low,26,53982
Delhi,4,2169.0,5.0,Apartment,Semi-Furnished,Low,21,104114
Ahmedabad,2,1217.0,1.0,Apartment,Unfurnished,Middle,22,44496
Pune,3,1562.0,3.0,Apartment,Fully Furnished,Low,10,72252
Hyderabad,1,350.0,2.0,Apartment,Unfurnished,Low,20,20020
Ahmedabad,2,663.0,2.0,Apartment,Fully Furnished,Middle,4,47635
Delhi,3,957.0,3.0,Apartment,Unfurnished,Ground,5,53906
Chennai,1,487.0,1.0,Apartment,Semi-Furnished,High,24,32612
Mumbai,2,892.0,2.0,Studio,Fully Furnished,High,1,72288
Pune,2,992.0,2.0,Apartment,Semi-Furnished,Middle,21,51389
Bangalore,2,1032.0,1.0,Apartment,Semi-Furnished,Low,9,54961
Hyderabad,3,1701.0,3.0,Apartment,Fully Furnished,Middle,22,81021
Delhi,2,868.0,2.0,Apartment,Unfurnished,Middle,3,48238
Mumbai,2,598.0,2.0,Apartment,Fully Furnished,Middle,11,56244
Bangalore,1,821.0,1.0,Studio,Fully Furnished,Low,4,61597
Kolkata,3,1431.0,2.0,Independent House,Semi-Furnished,Low,22,73318
Delhi,2,1172.0,2.0,Villa,Semi-Furnished,Ground,30,65457
Delhi,3,1907.0,3.0,Apartment,Fully Furnished,Middle,15,93460
Bangalore,3,1457.0,3.0,Apartment,Semi-Furnished,Middle,23,69509
Mumbai,2,1447.0,2.0,Villa,Fully Furnished,Low,18,85231
Kolkata,4,2265.0,4.0,Apartment,Semi-Furnished,Middle,14,83963
Ahmedabad,3,1203.0,4.0,Independent House,Unfurnished,High,18,41511
Ahmedabad,2,696.0,2.0,Apartment,Fully Furnished,Middle,24,41175
Chennai,2,949.0,2.0,Apartment,Unfurnished,High,11,44212
Mumbai,4,2337.0,4.0,Apartment,Unfurnished,Low,0,106928
Pune,3,1488.0,3.0,Villa,Semi-Furnished,Middle,9,75722
Hyderabad,2,1218.0,2.0,Studio,Unfurnished,Middle,7,56665
Bangalore,2,1508.0,2.0,Villa,Unfurnished,Low,20,70561
Chennai,3,1796.0,3.0,Apartment,Semi-Furnished,Middle,2,72014
Kolkata,3,1150.0,3.0,Apartment,Semi-Furnished,High,11,47619
Bangalore,3,1779.0,3.0,Apartment,Unfurnished,Middle,6,93790
Bangalore,2,1094.0,3.0,Apartment,Fully Furnished,Low,19,62508
Mumbai,3,1372.0,3.0,Apartment,Unfurnished,Middle,5,68344
Hyderabad,2,781.0,1.0,Apartment,Unfurnished,Middle,28,42011
Pune,2,862.0,2.0,Apartment,Semi-Furnished,Ground,4,48091
Ahmedabad,3,1181.0,3.0,Independent House,Semi-Furnished,Ground,13,50231
Delhi,5,2774.0,5.0,Independent House,Fully Furnished,Low,6,126182
Delhi,2,983.0,2.0,Villa,Unfurnished,High,14,57034
Bangalore,2,495.0,3.0,Apartment,Unfurnished,Middle,15,45272
Ahmedabad,3,1579.0,3.0,Apartment,Unfurnished,Low,27,46988
Ahmedabad,2,735.0,1.0,Apartment,Semi-Furnished,Middle,27,46053
Hyderabad,4,2716.0,3.0,Apartment,Fully Furnished,Ground,22,94428
Kolkata,3,1243.0,4.0,Independent House,Semi-Furnished,Ground,18,42593
Kolkata,1,450.0,2.0,Independent House,Unfurnished,Ground,26,24943
Chennai,5,3070.0,6.0,Studio,Fully Furnished,High,20,105210
Mumbai,3,1429.0,4.0,Apartment,Semi-Furnished,High,1,96989
Hyderabad,4,1857.0,4.0,Apartment,Semi-Furnished,Low,1,67165
Hyderabad,3,1845.0,3.0,Apartment,Fully Furnished,Middle,20,87753
Mumbai,4,1453.0,4.0,Independent House,,Low,20,98017
Ahmedabad,1,698.0,1.0,Apartment,Semi-Furnished,High,8,32276
Kolkata,2,1161.0,1.0,Apartment,Semi-Furnished,Low,30,43892
Kolkata,4,2447.0,3.0,Apartment,Unfurnished,Middle,23,95214
Ahmedabad,2,1127.0,2.0,Apartment,Semi-Furnished,Middle,23,53950
Kolkata,1,357.0,1.0,Independent House,Unfurnished,Middle,9,22003
Bangalore,3,1878.0,4.0,Apartment,Semi-Furnished,Ground,3,88828
Hyderabad,3,1912.0,4.0,Apartment,Semi-Furnished,Middle,24,72742
Delhi,1,792.0,2.0,Independent House,Unfurnished,High,0,53407
Mumbai,4,2247.0,4.0,Apartment,Unfurnished,Ground,21,108578
Kolkata,3,1404.0,3.0,Villa,Semi-Furnished,Middle,4,71965
Chennai,2,913.0,2.0,Independent House,Unfurnished,High,18,49886
Kolkata,3,1290.0,3.0,Apartment,Fully Furnished,Low,0,55204
Kolkata,2,982.0,1.0,Apartment,Fully Furnished,High,20,48336
Pune,2,1123.0,1.0,Villa,Fully Furnished,Low,16,63559
Bangalore,2,1175.0,1.0,Apartment,Semi-Furnished,Low,21,74320
Mumbai,2,512.0,2.0,Apartment,Semi-Furnished,Middle,18,50141
Pune,2,753.0,1.0,Independent House,Fully Furnished,High,28,46665
Pune,3,1564.0,3.0,Apartment,Unfurnished,Middle,2,65139
Chennai,3,2175.0,3.0,Apartment,Semi-Furnished,Middle,2,82218
Hyderabad,3,995.0,4.0,Villa,Unfurnished,Middle,11,76401
Chennai,3,1631.0,3.0,Villa,Unfurnished,High,18,74648
Hyderabad,2,899.0,2.0,Apartment,Fully Furnished,Middle,26,43492
Hyderabad,1,437.0,1.0,Independent House,Fully Furnished,Low,10,40368
Mumbai,4,1719.0,4.0,Apartment,Unfurnished,Middle,9,93261
Kolkata,1,915.0,1.0,Apartment,Unfurnished,Low,27,44544
Mumbai,2,1154.0,3.0,Apartment,Unfurnished,Middle,9,65582
Bangalore,3,1067.0,4.0,Apartment,Fully Furnished,High,2,61623
Hyderabad,2,1603.0,2.0,Apartment,Fully Furnished,Low,17,70642
Pune,4,2170.0,4.0,Apartment,Fully Furnished,Low,4,96498
Kolkata,2,1156.0,1.0,Apartment,Fully Furnished,Middle,5,60046
Delhi,1,591.0,1.0,Villa,Semi-Furnished,High,21,43955
Bangalore,2,958.0,1.0,Apartment,Semi-Furnished,High,29,54165
Mumbai,3,1893.0,3.0,Independent House,Unfurnished,Middle,17,93438
Chennai,2,991.0,1.0,Apartment,Fully Furnished,Middle,12,48517
Bangalore,2,1156.0,2.0,Villa,Semi-Furnished,High,0,77782
Bangalore,4,1992.0,4.0,Apartment,Semi-Furnished,High,3,87004
Kolkata,4,2533.0,4.0,Apartment,Unfurnished,Middle,29,80696
Bangalore,2,1162.0,3.0,Apartment,Unfurnished,Low,9,53343
Bangalore,2,1125.0,2.0,Apartment,Unfurnished,Middle,15,52514
Delhi,2,1617.0,1.0,Studio,Semi-Furnished,High,15,72294
Ahmedabad,4,1491.0,4.0,Apartment,Fully Furnished,Middle,23,70626
Chennai,5,1879.0,4.0,Apartment,Fully Furnished,High,16,79153
Chennai,2,956.0,3.0,Apartment,Unfurnished,Ground,10,36015
Chennai,3,1609.0,4.0,Apartment,Semi-Furnished,Middle,22,69088
Hyderabad,2,1257.0,2.0,Apartment,Unfurnished,Middle,20,43422
Pune,1,363.0,1.0,Studio,Unfurnished,Middle,7,21019
Ahmedabad,1,631.0,1.0,Apartment,Semi-Furnished,Middle,13,29156
Chennai,2,1167.0,1.0,Apartment,Fully Furnished,High,17,67402
Bangalore,2,1039.0,2.0,Apartment,Unfurnished,High,0,59127
Bangalore,1,662.0,1.0,Apartment,Fully Furnished,Low,29,36720
Chennai,3,2210.0,3.0,Apartment,Semi-Furnished,Middle,8,78195
Kolkata,2,1052.0,3.0,Villa,Semi-Furnished,Low,19,56785
Chennai,2,964.0,2.0,Apartment,Unfurnished,Middle,10,41516
Bangalore,2,993.0,3.0,Apartment,Semi-Furnished,Middle,3,53309
Hyderabad,1,623.0,1.0,Apartment,Unfurnished,High,1,39744
Mumbai,2,1106.0,1.0,Villa,Semi-Furnished,High,26,71150
Mumbai,2,1146.0,2.0,Apartment,Semi-Furnished,Middle,17,66691
Ahmedabad,2,995.0,2.0,Studio,Unfurnished,High,4,36152
Ahmedabad,2,1077.0,2.0,Apartment,Semi-Furnished,Middle,1,49592
Chennai,2,568.0,2.0,Apartment,Semi-Furnished,High,21,39998
Delhi,1,633.0,1.0,Apartment,Fully Furnished,Low,10,56401
Chennai,3,1768.0,3.0,Apartment,Fully Furnished,Ground,22,81233
Kolkata,3,2185.0,2.0,Apartment,Semi-Furnished,Ground,1,83589
Chennai,1,541.0,1.0,Apartment,Fully Furnished,High,30,35795
Ahmedabad,2,1628.0,1.0,Apartment,Semi-Furnished,Ground,11,53831
Mumbai,1,374.0,1.0,Apartment,Fully Furnished,Middle,23,46088
Bangalore,3,1298.0,3.0,Apartment,Semi-Furnished,Middle,24,58783
Chennai,2,536.0,1.0,Apartment,Semi-Furnished,High,9,46787
Bangalore,2,1007.0,3.0,Apartment,Unfurnished,Low,18,49808
Bangalore,2,1101.0,3.0,Apartment,Semi-Furnished,Low,3,66238
Delhi,4,2780.0,5.0,Villa,Fully Furnished,Low,6,108210
Bangalore,2,853.0,1.0,Apartment,Unfurnished,Low,13,52732
Mumbai,3,1310.0,4.0,Apartment,Semi-Furnished,Low,26,76133
Hyderabad,2,1328.0,2.0,Independent House,Semi-Furnished,Low,12,67137
Hyderabad,4,1925.0,3.0,Apartment,Fully Furnished,Low,0,87025
Pune,3,878.0,3.0,Studio,Fully Furnished,High,19,48056
Kolkata,2,1364.0,2.0,Apartment,Semi-Furnished,Middle,0,61542
Chennai,4,2673.0,3.0,Apartment,Semi-Furnished,Middle,1,102927
Kolkata,2,766.0,3.0,Apartment,Semi-Furnished,Middle,15,43369
Mumbai,3,1595.0,4.0,Apartment,Fully Furnished,Low,30,84546
Bangalore,3,1149.0,3.0,Apartment,Unfurnished,Middle,24,41831
Hyderabad,2,526.0,2.0,Apartment,Fully Furnished,Low,1,45302
Kolkata,3,1728.0,3.0,Apartment,Unfurnished,High,29,62107
Mumbai,2,729.0,3.0,Apartment,Unfurnished,Middle,11,51754
Hyderabad,2,1345.0,3.0,Villa,Semi-Furnished,High,18,63689
Bangalore,2,1246.0,2.0,Apartment,Fully Furnished,Ground,14,65971
Kolkata,3,1344.0,3.0,Apartment,Unfurnished,High,15,54558
Hyderabad,2,1221.0,2.0,Apartment,Fully Furnished,Ground,15,60628
Chennai,1,492.0,1.0,Apartment,Fully Furnished,Middle,27,28834
Ahmedabad,3,1706.0,3.0,Apartment,Semi-Furnished,Low,10,72851
Chennai,1,644.0,2.0,Villa,Unfurnished,Ground,5,43673
Pune,1,350.0,2.0,Studio,,Low,26,31132
Pune,2,1150.0,2.0,Studio,Fully Furnished,Middle,16,57686
Hyderabad,2,788.0,3.0,Apartment,Semi-Furnished,Low,6,46277
Ahmedabad,2,1206.0,2.0,Apartment,Semi-Furnished,Ground,10,48474
Mumbai,1,770.0,1.0,Apartment,Semi-Furnished,High,12,58730
Chennai,5,2175.0,5.0,Apartment,Fully Furnished,Ground,15,74354
Mumbai,3,1053.0,4.0,Villa,Semi-Furnished,Low,12,75662
Ahmedabad,2,895.0,2.0,Apartment,Fully Furnished,Low,7,45196
Mumbai,2,709.0,2.0,Apartment,Unfurnished,Low,24,46508
Ahmedabad,2,1209.0,2.0,Apartment,Unfurnished,Low,8,42954
Hyderabad,3,1439.0,3.0,Apartment,Semi-Furnished,High,27,58084
Mumbai,1,549.0,2.0,Apartment,Unfurnished,High,4,55745
Chennai,2,1243.0,1.0,Apartment,Semi-Furnished,Middle,13,67907
Bangalore,4,1829.0,4.0,Apartment,Semi-Furnished,Middle,20,72017
Pune,2,1084.0,2.0,Apartment,Semi-Furnished,High,10,44179
Bangalore,2,1272.0,3.0,Apartment,Semi-Furnished,High,11,67056
Mumbai,4,2412.0,4.0,Apartment,Fully Furnished,Middle,19,93891
Bangalore,3,1581.0,4.0,Apartment,Unfurnished,High,19,72406
Chennai,2,890.0,2.0,Apartment,Fully Furnished,Low,9,53244
Chennai,3,1415.0,3.0,Independent House,Semi-Furnished,Ground,26,54626
Mumbai,1,473.0,1.0,Apartment,Unfurnished,Ground,0,38171
Hyderabad,3,1770.0,3.0,Apartment,Unfurnished,Middle,30,61485
Bangalore,2,1412.0,1.0,Apartment,Unfurnished,Middle,15,70148
Hyderabad,3,1216.0,2.0,Apartment,Fully Furnished,Low,6,58134
Hyderabad,4,1806.0,3.0,Apartment,Unfurnished,High,23,80909
Ahmedabad,4,2085.0,4.0,Apartment,Semi-Furnished,Middle,15,78498
Delhi,4,2561.0,4.0,Studio,Semi-Furnished,Low,13,96395
Mumbai,2,761.0,1.0,Apartment,Unfurnished,Middle,3,56339
Pune,2,1448.0,,Independent House,Semi-Furnished,Ground,2,62557
Chennai,2,998.0,2.0,Studio,Semi-Furnished,High,29,41952
Chennai,3,1492.0,3.0,Apartment,Unfurnished,Low,18,58403
Mumbai,4,1422.0,3.0,Apartment,Unfurnished,Low,26,75717
Ahmedabad,2,1097.0,2.0,Apartment,Semi-Furnished,Middle,28,41149
Kolkata,4,2127.0,3.0,Apartment,Unfurnished,Low,22,58566
Kolkata,3,1546.0,3.0,Studio,Fully Furnished,Low,21,56877
Kolkata,5,2592.0,5.0,Independent House,Semi-Furnished,High,16,121246
Ahmedabad,4,2067.0,5.0,Independent House,Unfurnished,Middle,11,77204
Pune,2,957.0,1.0,Apartment,Semi-Furnished,High,16,43177
Chennai,1,659.0,1.0,Apartment,Semi-Furnished,High,0,44777
Mumbai,1,373.0,1.0,Villa,Fully Furnished,High,20,63383
Ahmedabad,2,930.0,2.0,Apartment,Unfurnished,Low,0,29082
Chennai,3,2458.0,3.0,Apartment,Semi-Furnished,High,22,76009
Hyderabad,3,1418.0,3.0,Villa,Semi-Furnished,Low,24,70568
Bangalore,4,2066.0,4.0,Apartment,Unfurnished,Middle,10,111371
Bangalore,3,861.0,2.0,Villa,Unfurnished,High,2,65884
Ahmedabad,1,350.0,1.0,Apartment,Semi-Furnished,Ground,3,28172
Chennai,2,1007.0,3.0,Independent House,Fully Furnished,Low,6,61590
Delhi,1,836.0,1.0,Apartment,Semi-Furnished,Middle,17,43106
Pune,2,1662.0,2.0,Apartment,Semi-Furnished,Low,27,53582
Kolkata,2,1174.0,3.0,Villa,Semi-Furnished,Middle,19,59278
Pune,1,508.0,1.0,Studio,Unfurnished,Ground,6,24007
Pune,2,806.0,2.0,Apartment,Fully Furnished,High,10,48503
Ahmedabad,1,803.0,1.0,Independent House,Fully Furnished,Middle,24,48052
Hyderabad,3,2205.0,3.0,Studio,Semi-Furnished,High,30,89009
Pune,2,1137.0,3.0,Apartment,Semi-Furnished,Middle,28,46217
Bangalore,2,1252.0,2.0,Apartment,Semi-Furnished,High,13,79422
Hyderabad,2,1268.0,2.0,Apartment,Unfurnished,Middle,7,59029
Mumbai,4,2105.0,4.0,Apartment,Semi-Furnished,Low,30,88863
Pune,2,1170.0,2.0,Apartment,Semi-Furnished,Middle,19,60893
Pune,2,1057.0,3.0,Apartment,Fully Furnished,High,15,59245
Mumbai,3,1505.0,3.0,Apartment,Fully Furnished,High,17,85305
Pune,2,1065.0,2.0,Independent House,Semi-Furnished,Middle,11,56225
Mumbai,4,2358.0,4.0,Studio,Fully Furnished,High,8,122504
Hyderabad,2,1180.0,1.0,Independent House,Fully Furnished,Middle,19,60404
Bangalore,2,904.0,3.0,Apartment,Fully Furnished,High,24,57591
Mumbai,1,556.0,2.0,Apartment,Fully Furnished,Low,8,57882
Delhi,3,1554.0,3.0,Apartment,Unfurnished,Ground,20,59171
Ahmedabad,2,1225.0,2.0,Apartment,Semi-Furnished,Ground,12,62483
Ahmedabad,1,350.0,1.0,Studio,Semi-Furnished,High,5,29192
Mumbai,2,1373.0,2.0,Villa,Fully Furnished,Middle,21,90116
Ahmedabad,2,659.0,2.0,Apartment,Semi-Furnished,Middle,27,28385
Pune,1,586.0,1.0,Villa,Semi-Furnished,Middle,29,42919
Kolkata,3,1085.0,4.0,Apartment,Semi-Furnished,Middle,4,65996
Kolkata,3,1428.0,2.0,Independent House,Semi-Furnished,Ground,9,53879
Ahmedabad,2,1328.0,1.0,Apartment,Semi-Furnished,High,22,42964
Hyderabad,2,1006.0,2.0,Independent House,Semi-Furnished,Low,10,46664
Chennai,3,1862.0,2.0,Apartment,Unfurnished,High,13,60805
Hyderabad,2,922.0,2.0,Apartment,Fully Furnished,Low,22,49356
Chennai,2,1061.0,1.0,Apartment,Semi-Furnished,Ground,15,47493
Kolkata,2,1011.0,2.0,Studio,Unfurnished,Low,6,36641
Kolkata,3,1661.0,3.0,Apartment,Unfurnished,Low,27,65056
Mumbai,4,2118.0,5.0,Apartment,Unfurnished,High,21,102215
Bangalore,3,1721.0,3.0,Apartment,Semi-Furnished,Low,28,79994
Delhi,1,420.0,1.0,Apartment,Unfurnished,Ground,17,28375
Hyderabad,2,801.0,1.0,Independent House,Unfurnished,High,7,44716
Pune,4,2266.0,4.0,Apartment,Semi-Furnished,High,26,98780
Chennai,1,350.0,1.0,Apartment,Unfurnished,High,13,26686
Ahmedabad,5,2172.0,5.0,Apartment,Fully Furnished,Low,9,80142
Pune,4,2088.0,5.0,Apartment,Semi-Furnished,Ground,13,72584
Bangalore,1,663.0,2.0,Independent House,Unfurnished,Low,19,38370
Chennai,4,1911.0,4.0,Studio,Unfurnished,Low,26,42993
Hyderabad,2,942.0,2.0,Apartment,Unfurnished,Low,21,47005
Mumbai,4,2590.0,4.0,Apartment,Semi-Furnished,High,12,100009
Pune,2,807.0,,Apartment,Unfurnished,High,22,34783
Bangalore,2,1065.0,3.0,Apartment,Unfurnished,High,16,48797
Hyderabad,3,1296.0,4.0,Apartment,Semi-Furnished,Middle,5,63331
Kolkata,3,970.0,2.0,Apartment,Semi-Furnished,Low,14,37462
Kolkata,1,439.0,1.0,Independent House,Fully Furnished,Low,7,48526
Hyderabad,3,1724.0,4.0,Apartment,Fully Furnished,Low,4,71811
Hyderabad,2,941.0,2.0,Apartment,Unfurnished,Middle,29,47109
Hyderabad,2,975.0,2.0,Apartment,Unfurnished,Middle,7,40837
Chennai,2,881.0,2.0,Apartment,,Middle,21,46351
Hyderabad,2,1121.0,3.0,Villa,Unfurnished,High,22,62595
Pune,2,1239.0,2.0,Apartment,Semi-Furnished,High,8,73551
Bangalore,1,397.0,1.0,Apartment,Unfurnished,High,6,33058
Chennai,1,720.0,1.0,Apartment,Fully Furnished,Low,17,36874
Hyderabad,1,801.0,1.0,Apartment,Fully Furnished,High,13,44623
Delhi,2,765.0,2.0,Apartment,Fully Furnished,High,7,64136
Ahmedabad,4,2097.0,4.0,Studio,Semi-Furnished,Middle,0,86029
Delhi,1,825.0,1.0,Apartment,Semi-Furnished,Middle,16,44422
Bangalore,4,1925.0,4.0,Studio,Fully Furnished,Ground,25,84292
Kolkata,3,1165.0,4.0,Independent House,Semi-Furnished,High,5,58220
Mumbai,3,1475.0,3.0,Apartment,Semi-Furnished,Ground,13,88281
Mumbai,3,1035.0,3.0,Studio,Unfurnished,Middle,23,52105
Ahmedabad,3,1461.0,2.0,Apartment,Semi-Furnished,Middle,25,65460
Kolkata,1,350.0,2.0,Apartment,Unfurnished,High,16,31565
Chennai,2,765.0,1.0,Studio,Semi-Furnished,Middle,16,44228
Chennai,3,1557.0,3.0,Independent House,Semi-Furnished,Middle,11,62062
Chennai,3,629.0,2.0,Apartment,Semi-Furnished,Middle,20,47364
Mumbai,3,1705.0,3.0,Apartment,Semi-Furnished,Ground,15,83028
Delhi,1,679.0,1.0,Apartment,Semi-Furnished,High,2,46531
Mumbai,3,1647.0,3.0,Apartment,Unfurnished,Low,25,80275
Pune,2,799.0,2.0,Studio,Semi-Furnished,Low,25,43563
Hyderabad,2,942.0,3.0,Independent House,Semi-Furnished,Middle,16,53695
Chennai,2,1113.0,1.0,Villa,Fully Furnished,Middle,1,53222
Delhi,3,2151.0,3.0,Studio,Fully Furnished,High,12,91033
Bangalore,4,1611.0,4.0,Apartment,Unfurnished,Middle,13,78566
Ahmedabad,2,951.0,2.0,Apartment,Semi-Furnished,Middle,3,46001
Bangalore,3,1574.0,3.0,Apartment,Semi-Furnished,Middle,29,70121
Hyderabad,2,771.0,3.0,Apartment,Unfurnished,Middle,23,34165
Delhi,1,742.0,1.0,Apartment,Unfurnished,High,5,36523
Mumbai,1,649.0,1.0,Apartment,Unfurnished,High,19,41184
Mumbai,1,560.0,2.0,Apartment,Semi-Furnished,Low,22,50092
Pune,2,953.0,1.0,Independent House,Fully Furnished,Middle,8,51326
Pune,2,1566.0,2.0,Apartment,Unfurnished,Middle,13,49481
Mumbai,3,2078.0,3.0,Apartment,Unfurnished,Middle,21,94545
Bangalore,3,2087.0,4.0,Apartment,Semi-Furnished,Middle,16,106585
Ahmedabad,1,623.0,1.0,Apartment,Semi-Furnished,Middle,7,38592
Chennai,2,1148.0,2.0,Independent House,Unfurnished,Middle,18,59810
Bangalore,2,953.0,1.0,Apartment,Semi-Furnished,Low,20,61259
Ahmedabad,2,1143.0,2.0,Independent House,Unfurnished,Low,1,57183
Pune,1,408.0,1.0,Apartment,Semi-Furnished,Middle,16,35347
Hyderabad,1,905.0,2.0,Apartment,Semi-Furnished,Middle,6,55599
Ahmedabad,4,2612.0,3.0,Apartment,Semi-Furnished,High,2,78840
Mumbai,3,1897.0,2.0,Apartment,Semi-Furnished,Low,3,95601
Pune,2,1452.0,3.0,Apartment,Semi-Furnished,Low,17,58932
Pune,2,679.0,2.0,Independent House,Semi-Furnished,Middle,13,59832
Chennai,2,1365.0,2.0,Apartment,Unfurnished,Middle,19,56251
Mumbai,3,1399.0,3.0,Apartment,Semi-Furnished,Middle,27,72891
Chennai,2,721.0,2.0,Villa,Semi-Furnished,Low,12,51968
Mumbai,1,350.0,1.0,Independent House,Fully Furnished,Middle,24,50831
Chennai,3,1285.0,4.0,Villa,Unfurnished,Middle,24,58921
Ahmedabad,2,922.0,2.0,Apartment,Unfurnished,High,16,39530
Bangalore,2,966.0,2.0,Apartment,Semi-Furnished,Ground,11,54352
Hyderabad,2,1153.0,3.0,Apartment,Semi-Furnished,Low,6,57400
Hyderabad,2,848.0,3.0,Apartment,Semi-Furnished,Low,2,47843
Mumbai,2,927.0,2.0,Apartment,Unfurnished,Low,4,68862
Delhi,2,1020.0,2.0,Apartment,Semi-Furnished,Middle,20,56354
Kolkata,2,1402.0,2.0,Apartment,Semi-Furnished,Middle,19,67762
Pune,1,350.0,2.0,Apartment,Semi-Furnished,Ground,0,40205
Pune,3,1231.0,4.0,Apartment,Fully Furnished,Middle,13,69368
Mumbai,1,350.0,2.0,Apartment,Unfurnished,Low,26,36137
Ahmedabad,1,350.0,1.0,Apartment,Unfurnished,High,8,32875
Chennai,3,1987.0,4.0,Apartment,Semi-Furnished,Middle,20,73940
Delhi,3,1662.0,3.0,Apartment,Semi-Furnished,Middle,26,60296
Bangalore,3,1545.0,3.0,Studio,Unfurnished,High,14,64864
Chennai,2,1067.0,1.0,Apartment,Fully Furnished,Middle,1,48954
Chennai,2,671.0,3.0,Independent House,Semi-Furnished,High,17,51238
Mumbai,3,1409.0,3.0,Apartment,Semi-Furnished,High,3,73733
Mumbai,3,1876.0,2.0,Apartment,Fully Furnished,High,1,89996
Ahmedabad,2,745.0,3.0,Studio,Semi-Furnished,Ground,29,33019
Pune,4,1949.0,5.0,Independent House,Semi-Furnished,Low,12,99784
Mumbai,1,604.0,1.0,Apartment,Semi-Furnished,Middle,20,42196
Mumbai,5,1249.0,5.0,Apartment,Unfurnished,Low,17,77893
Mumbai,4,2201.0,4.0,Apartment,Fully Furnished,Middle,19,94827
Ahmedabad,3,1567.0,2.0,Apartment,Unfurnished,Middle,3,62095
Pune,4,2499.0,3.0,Apartment,Fully Furnished,Middle,2,101032
Bangalore,3,1177.0,2.0,Villa,Semi-Furnished,High,25,69014
Bangalore,2,534.0,2.0,Villa,Unfurnished,Middle,6,54926
Kolkata,2,1059.0,2.0,Independent House,Unfurnished,High,1,55954
Kolkata,1,382.0,1.0,Apartment,Semi-Furnished,High,13,37319
Mumbai,2,1041.0,2.0,Apartment,Semi-Furnished,Middle,4,76611
Kolkata,3,1657.0,2.0,Apartment,Fully Furnished,Middle,1,73606
Pune,2,1107.0,3.0,Independent House,Unfurnished,Low,8,52983
Ahmedabad,2,1377.0,1.0,Apartment,Semi-Furnished,High,15,50262
Bangalore,3,1718.0,4.0,Apartment,Fully Furnished,High,27,72356
Chennai,4,2055.0,4.0,Apartment,Semi-Furnished,Middle,21,79332
Bangalore,1,456.0,1.0,Independent House,Semi-Furnished,Low,27,46569
Bangalore,2,1455.0,2.0,Villa,Unfurnished,High,29,68585
Pune,1,578.0,1.0,Independent House,Fully Furnished,High,30,38493
Kolkata,3,1313.0,2.0,Studio,Semi-Furnished,Middle,7,55934
Chennai,1,868.0,1.0,Independent House,Semi-Furnished,Middle,5,65226
Pune,3,2020.0,4.0,Apartment,Unfurnished,High,2,93839
Mumbai,2,750.0,2.0,Apartment,Semi-Furnished,Low,6,76246
Ahmedabad,2,1224.0,2.0,Apartment,Fully Furnished,Low,17,48181
Hyderabad,4,2147.0,5.0,Apartment,Fully Furnished,Middle,15,79520
Bangalore,1,557.0,2.0,Villa,Unfurnished,Middle,3,44775
Hyderabad,2,1252.0,2.0,Apartment,Semi-Furnished,Middle,25,63719
Ahmedabad,1,350.0,1.0,Apartment,Semi-Furnished,High,20,28314
Ahmedabad,2,1098.0,2.0,Independent House,Semi-Furnished,High,3,70459
Pune,2,606.0,2.0,Apartment,Fully Furnished,Low,15,39851
Pune,2,936.0,1.0,Apartment,Fully Furnished,Middle,17,44476
Pune,1,677.0,1.0,Studio,Semi-Furnished,High,1,37981
Hyderabad,2,1419.0,3.0,Apartment,Semi-Furnished,Ground,21,50520
Pune,3,1628.0,3.0,Apartment,Unfurnished,Low,26,64865
Ahmedabad,3,1612.0,3.0,Apartment,Fully Furnished,Low,11,73037
Mumbai,2,1306.0,2.0,Apartment,Semi-Furnished,Low,8,60532
Pune,3,1607.0,3.0,Apartment,Semi-Furnished,Low,6,85097
Delhi,2,848.0,3.0,Apartment,Unfurnished,Middle,7,48956
Kolkata,2,1821.0,2.0,Apartment,Semi-Furnished,Low,5,69886
Hyderabad,1,729.0,1.0,Apartment,Unfurnished,Middle,11,27893
Delhi,2,1487.0,2.0,Apartment,Unfurnished,Low,28,62982
Pune,2,1269.0,3.0,Apartment,Semi-Furnished,High,7,81167
Ahmedabad,2,985.0,1.0,Independent House,Semi-Furnished,Low,9,54002
Mumbai,3,1462.0,4.0,Apartment,Unfurnished,High,3,79900
Bangalore,4,2013.0,4.0,Independent House,Unfurnished,Low,9,93979
Chennai,2,1237.0,3.0,Studio,Unfurnished,Low,6,49495
Kolkata,3,1410.0,3.0,Apartment,Fully Furnished,High,18,75758
Chennai,3,1232.0,2.0,Villa,Semi-Furnished,Middle,2,71040
Pune,3,981.0,3.0,Apartment,Semi-Furnished,Low,11,40933
Kolkata,2,944.0,3.0,Apartment,Semi-Furnished,Middle,30,36065
Kolkata,2,1042.0,3.0,Apartment,Unfurnished,Low,18,42429
Mumbai,1,772.0,2.0,Apartment,Unfurnished,Low,29,44660
Kolkata,2,1257.0,2.0,Apartment,Semi-Furnished,Low,9,55123
Hyderabad,3,1679.0,3.0,Apartment,Semi-Furnished,Middle,20,77932
Delhi,1,905.0,1.0,Apartment,Semi-Furnished,Middle,5,55797
Delhi,2,1153.0,2.0,Independent House,Unfurnished,Middle,19,70231
Delhi,3,1807.0,3.0,Apartment,Semi-Furnished,Ground,14,88850
Hyderabad,3,1786.0,3.0,Apartment,Unfurnished,High,20,66021
Chennai,2,1288.0,3.0,Independent House,Semi-Furnished,Low,30,58309
Mumbai,3,1616.0,4.0,Apartment,Fully Furnished,High,18,95446
Kolkata,2,977.0,2.0,Apartment,Semi-Furnished,Ground,10,58795
Hyderabad,1,786.0,1.0,Apartment,Semi-Furnished,High,7,39610
Delhi,2,506.0,3.0,Apartment,Unfurnished,Low,9,46027
Pune,3,1798.0,3.0,Apartment,Unfurnished,Middle,21,60872
Bangalore,4,1439.0,4.0,Studio,Semi-Furnished,Low,13,55298
Kolkata,1,453.0,1.0,Apartment,Semi-Furnished,Middle,19,20204
Hyderabad,2,1290.0,2.0,Villa,Semi-Furnished,Middle,13,66045
Ahmedabad,2,1309.0,1.0,Villa,Semi-Furnished,Middle,14,66308
Hyderabad,2,1297.0,2.0,Apartment,Fully Furnished,Middle,11,67194
Mumbai,1,876.0,2.0,Apartment,Fully Furnished,Low,16,67796
Mumbai,2,1070.0,1.0,Studio,Fully Furnished,Low,9,60209
Hyderabad,3,2102.0,4.0,Apartment,Semi-Furnished,High,11,75053
Delhi,2,876.0,3.0,Independent House,Semi-Furnished,High,28,57996
Bangalore,2,987.0,2.0,Apartment,Fully Furnished,High,30,67503
Kolkata,2,916.0,2.0,Independent House,Semi-Furnished,Ground,18,45863
Mumbai,2,1346.0,2.0,Apartment,Unfurnished,Low,28,66222
Kolkata,2,1230.0,2.0,Independent House,Unfurnished,Low,30,47209
Delhi,3,2007.0,3.0,Apartment,Fully Furnished,Middle,7,81187
Kolkata,5,2513.0,5.0,Apartment,Fully Furnished,Low,29,96677
Pune,2,915.0,2.0,Apartment,Semi-Furnished,Low,26,36828
Mumbai,2,1097.0,2.0,Apartment,Unfurnished,Low,15,55699
Delhi,4,2431.0,3.0,Apartment,Fully Furnished,High,17,88927
Delhi,2,994.0,3.0,Apartment,Fully Furnished,Middle,19,63192
Bangalore,2,1496.0,2.0,Villa,Semi-Furnished,Low,26,87409
Bangalore,2,1531.0,2.0,Apartment,Unfurnished,Middle,9,77490
Pune,3,1560.0,2.0,Apartment,Semi-Furnished,Low,20,55718
Delhi,2,903.0,2.0,Apartment,Unfurnished,Low,30,51979
Chennai,3,1159.0,3.0,Studio,Semi-Furnished,Middle,10,48321
Delhi,3,1051.0,4.0,Apartment,Semi-Furnished,High,5,67894
Bangalore,2,897.0,2.0,Apartment,Fully Furnished,Middle,27,59870
Chennai,3,1685.0,3.0,Apartment,Unfurnished,Low,29,50588
Mumbai,3,1244.0,3.0,Independent House,Unfurnished,Low,28,75074
Mumbai,2,860.0,1.0,Apartment,Semi-Furnished,Middle,17,59296
Kolkata,1,549.0,2.0,Apartment,Unfurnished,Middle,12,17172
Hyderabad,1,524.0,1.0,Studio,Semi-Furnished,High,10,46660
Bangalore,2,1332.0,3.0,Apartment,Unfurnished,Low,13,58403
Hyderabad,2,639.0,2.0,Independent House,Semi-Furnished,Middle,13,41664
Chennai,2,1065.0,1.0,Apartment,Unfurnished,Ground,22,38708
Bangalore,2,1040.0,2.0,Apartment,Semi-Furnished,Middle,24,62329
Pune,4,2439.0,4.0,Apartment,Semi-Furnished,Low,24,80252
Delhi,2,536.0,3.0,Villa,Unfurnished,Low,3,52822
Pune,2,887.0,3.0,Apartment,Semi-Furnished,High,9,50644
Chennai,2,986.0,1.0,Apartment,Unfurnished,Ground,19,46516
Bangalore,2,1105.0,3.0,Apartment,Fully Furnished,Low,26,60728
Ahmedabad,2,1267.0,2.0,Apartment,Fully Furnished,Middle,17,51001
Chennai,2,860.0,2.0,Apartment,Fully Furnished,Low,8,54605
Ahmedabad,1,391.0,1.0,Studio,Unfurnished,Ground,20,15888
Delhi,3,1729.0,3.0,Apartment,Unfurnished,High,12,76786
Mumbai,3,1258.0,3.0,Apartment,Semi-Furnished,Low,22,61983
Mumbai,2,1234.0,3.0,Apartment,Semi-Furnished,Ground,18,64465
Chennai,3,1687.0,4.0,Independent House,Unfurnished,Low,7,76234
Hyderabad,3,1788.0,2.0,Studio,Semi-Furnished,Low,10,73813
Bangalore,1,632.0,1.0,Apartment,Semi-Furnished,High,22,48293
Bangalore,5,2230.0,4.0,Studio,Unfurnished,Ground,7,95333
Mumbai,3,879.0,3.0,Independent House,Fully Furnished,High,17,70638
Kolkata,2,1095.0,2.0,Independent House,Fully Furnished,High,23,54002
Pune,2,797.0,3.0,Apartment,Semi-Furnished,Middle,16,44347
Kolkata,1,570.0,1.0,Studio,Fully Furnished,High,28,29118
Delhi,1,536.0,1.0,Villa,Unfurnished,Ground,9,39744
Pune,3,936.0,3.0,Independent House,Unfurnished,Middle,21,51919
Pune,2,1345.0,2.0,Apartment,Unfurnished,Low,29,58038
Chennai,3,1222.0,3.0,Apartment,Semi-Furnished,High,21,55810
Mumbai,3,1876.0,2.0,Villa,Semi-Furnished,Low,25,99190
Kolkata,3,1523.0,3.0,Apartment,Unfurnished,High,30,60260
Kolkata,3,1569.0,3.0,Apartment,Semi-Furnished,Middle,9,61480
Mumbai,1,350.0,1.0,Apartment,,Low,22,37569
Kolkata,2,945.0,2.0,Apartment,Fully Furnished,Ground,3,53042
Ahmedabad,3,1574.0,4.0,Apartment,Unfurnished,Middle,7,54754
Mumbai,1,382.0,1.0,Independent House,Unfurnished,High,1,45042
Chennai,1,384.0,2.0,Apartment,Semi-Furnished,High,13,32066
Hyderabad,4,2420.0,4.0,Villa,Unfurnished,High,7,112736
Pune,3,1850.0,3.0,Apartment,Semi-Furnished,Low,22,83866
Chennai,2,1199.0,2.0,Independent House,Semi-Furnished,High,25,64195
Bangalore,3,2048.0,3.0,Apartment,Fully Furnished,Middle,21,94623
Delhi,3,2114.0,4.0,Apartment,Fully Furnished,Ground,13,89422
Hyderabad,2,1177.0,2.0,Villa,Fully Furnished,Low,7,72318
Bangalore,1,350.0,2.0,Independent House,Semi-Furnished,Low,17,31369
Pune,4,2289.0,4.0,Apartment,Fully Furnished,Low,7,96996
Kolkata,2,578.0,1.0,Apartment,Semi-Furnished,Low,9,34327
Mumbai,1,699.0,2.0,Apartment,Semi-Furnished,Middle,3,60088
Pune,2,1615.0,2.0,Villa,Semi-Furnished,Ground,10,65074
Chennai,3,2035.0,2.0,Apartment,Semi-Furnished,Middle,13,68392
Delhi,2,1251.0,2.0,Apartment,Unfurnished,Low,22,46651
Chennai,2,1322.0,2.0,Apartment,Semi-Furnished,High,27,63167
Hyderabad,2,1151.0,1.0,Apartment,Fully Furnished,Ground,15,47252
Hyderabad,5,2769.0,4.0,Apartment,Unfurnished,High,9,88138
Delhi,2,916.0,3.0,Apartment,Semi-Furnished,Ground,14,50550
Ahmedabad,3,845.0,3.0,Apartment,Semi-Furnished,Middle,7,36356
Bangalore,4,1991.0,4.0,Apartment,Fully Furnished,High,14,82848
Bangalore,1,350.0,1.0,Independent House,Semi-Furnished,Low,18,41969
Hyderabad,5,3331.0,6.0,Apartment,Semi-Furnished,High,27,131135
Hyderabad,4,2774.0,5.0,Apartment,Semi-Furnished,High,7,111416
Kolkata,4,1217.0,4.0,Apartment,Fully Furnished,Low,30,56715
Mumbai,2,1113.0,1.0,Apartment,Unfurnished,Middle,16,64170
Kolkata,3,1487.0,3.0,Studio,Semi-Furnished,Low,24,57241
Kolkata,3,1005.0,4.0,Apartment,Unfurnished,High,17,53297
Ahmedabad,5,2523.0,5.0,Apartment,Semi-Furnished,Ground,1,98516
Bangalore,2,971.0,3.0,Apartment,Unfurnished,High,4,69044
Ahmedabad,3,1792.0,3.0,Studio,Fully Furnished,Middle,15,85798
Ahmedabad,2,632.0,1.0,Apartment,Fully Furnished,Middle,23,39480
Delhi,1,713.0,1.0,Apartment,Semi-Furnished,Middle,16,41089
Bangalore,2,913.0,3.0,Studio,Semi-Furnished,Middle,14,53272
Mumbai,3,1694.0,4.0,Apartment,Fully Furnished,Ground,18,87035
Chennai,2,1170.0,2.0,Apartment,Semi-Furnished,Low,23,43223
Hyderabad,2,765.0,2.0,Studio,Semi-Furnished,High,22,25133
Hyderabad,5,2545.0,5.0,Apartment,Fully Furnished,Middle,26,88904
Mumbai,2,1483.0,3.0,Apartment,Semi-Furnished,Middle,21,75388
Ahmedabad,3,1349.0,4.0,Apartment,Unfurnished,Ground,14,53745
Kolkata,2,970.0,2.0,Independent House,Fully Furnished,High,29,61552
Delhi,2,1231.0,2.0,Apartment,Unfurnished,High,12,57686
Ahmedabad,3,1503.0,3.0,Apartment,Fully Furnished,Ground,16,74715
Hyderabad,4,1547.0,4.0,Apartment,Fully Furnished,Low,19,62796
Pune,2,1536.0,1.0,Apartment,Semi-Furnished,Low,30,58938
Kolkata,3,1607.0,2.0,Apartment,Unfurnished,Middle,11,63248
Hyderabad,1,497.0,1.0,Independent House,Fully Furnished,Low,2,53798
Pune,2,1270.0,2.0,Studio,Fully Furnished,High,27,62389
Ahmedabad,2,1470.0,3.0,Apartment,Unfurnished,Middle,9,54001
Mumbai,1,350.0,1.0,Apartment,Semi-Furnished,High,9,45906
Mumbai,2,837.0,1.0,Independent House,Unfurnished,Middle,22,72582
Kolkata,2,1629.0,2.0,Apartment,Semi-Furnished,Ground,12,60700
Hyderabad,1,487.0,1.0,Apartment,Semi-Furnished,Middle,23,34051
Bangalore,2,847.0,2.0,Apartment,Semi-Furnished,Low,27,49067
Pune,2,1134.0,1.0,Villa,Unfurnished,High,6,56315
Delhi,3,1615.0,3.0,Apartment,Unfurnished,Low,4,75673
Hyderabad,4,2566.0,3.0,Apartment,Fully Furnished,Middle,8,100892
Delhi,3,1312.0,3.0,Apartment,Semi-Furnished,Middle,3,68840
Hyderabad,2,1255.0,2.0,Apartment,Semi-Furnished,Middle,2,55078
Bangalore,4,1669.0,,Apartment,Fully Furnished,Ground,10,86039
Bangalore,3,1066.0,3.0,Apartment,Unfurnished,High,23,59482
Kolkata,2,787.0,2.0,Apartment,Semi-Furnished,High,16,34001
Kolkata,1,1122.0,1.0,Apartment,Semi-Furnished,Middle,25,44193
Bangalore,3,1562.0,3.0,Independent House,Semi-Furnished,Low,1,75742
Chennai,2,969.0,2.0,Apartment,Semi-Furnished,High,25,51401
Bangalore,3,1762.0,3.0,Apartment,Semi-Furnished,Middle,27,63048
Mumbai,3,1850.0,3.0,Independent House,Fully Furnished,Middle,20,100805
Mumbai,3,1200.0,3.0,Apartment,Semi-Furnished,High,8,78407
Chennai,5,2997.0,5.0,Studio,Semi-Furnished,Middle,5,111898
Ahmedabad,2,737.0,2.0,Apartment,Unfurnished,High,22,32716
Pune,1,982.0,2.0,Apartment,Semi-Furnished,High,30,45216
Ahmedabad,3,1433.0,4.0,Apartment,Fully Furnished,Low,11,50536
Delhi,2,831.0,2.0,Apartment,Semi-Furnished,Low,18,54668
Ahmedabad,3,1728.0,4.0,Apartment,Fully Furnished,Low,20,59246
Hyderabad,4,2271.0,3.0,Apartment,Semi-Furnished,High,28,94168
Ahmedabad,3,1682.0,3.0,Apartment,Fully Furnished,Low,3,70241
Hyderabad,3,2003.0,3.0,Villa,Semi-Furnished,Middle,10,90301
Chennai,2,1048.0,2.0,Independent House,Semi-Furnished,Ground,4,69468
Mumbai,2,1418.0,1.0,Independent House,Fully Furnished,High,19,84914
Kolkata,2,1032.0,3.0,Apartment,Semi-Furnished,Middle,26,41402
Hyderabad,3,1900.0,3.0,Apartment,Unfurnished,Middle,5,73317
Mumbai,3,1504.0,2.0,Apartment,Semi-Furnished,Middle,19,82408
Pune,3,1524.0,3.0,Independent House,Fully Furnished,Ground,21,71970
Delhi,2,1308.0,2.0,Apartment,Unfurnished,High,15,67116
Pune,2,1068.0,2.0,Apartment,Fully Furnished,Low,10,54791
Chennai,3,1759.0,2.0,Apartment,Semi-Furnished,Low,23,53352
Ahmedabad,2,974.0,2.0,Apartment,Fully Furnished,Ground,8,52174
Ahmedabad,2,901.0,2.0,Apartment,Unfurnished,Ground,21,38040
Bangalore,3,1896.0,3.0,Apartment,Unfurnished,Middle,22,81650
Bangalore,3,1386.0,4.0,Apartment,Fully Furnished,Middle,1,73553
Bangalore,2,1126.0,3.0,Apartment,Unfurnished,Low,3,51361
Pune,4,2146.0,3.0,Apartment,Semi-Furnished,Middle,15,89282
Hyderabad,1,350.0,2.0,Villa,Unfurnished,Middle,3,35470
Delhi,5,2939.0,4.0,Apartment,Semi-Furnished,High,27,109623
Bangalore,1,697.0,1.0,Apartment,Unfurnished,Middle,27,37395
Chennai,1,382.0,1.0,Studio,Semi-Furnished,Middle,8,27557
Chennai,4,2146.0,4.0,Independent House,Unfurnished,Low,21,95250
Bangalore,2,1147.0,3.0,Apartment,Fully Furnished,Middle,7,64181
Ahmedabad,3,1367.0,4.0,Independent House,Semi-Furnished,Low,25,59580
Bangalore,3,1598.0,3.0,Apartment,Fully Furnished,Middle,6,78955
Delhi,4,1836.0,4.0,Studio,Semi-Furnished,Middle,29,79939
Bangalore,5,2758.0,5.0,Apartment,Fully Furnished,Low,17,126785
Delhi,2,1074.0,3.0,Independent House,Fully Furnished,Ground,20,59462
Chennai,3,1956.0,3.0,Apartment,Fully Furnished,High,8,68557
Bangalore,1,350.0,1.0,Apartment,Semi-Furnished,Ground,25,28550
Pune,2,747.0,2.0,Apartment,Fully Furnished,Middle,9,60113
Kolkata,4,2444.0,4.0,Apartment,Unfurnished,High,26,71448
Pune,2,1186.0,2.0,Apartment,Unfurnished,Middle,21,43485
Chennai,3,1587.0,4.0,Independent House,Semi-Furnished,Middle,10,79627
Delhi,2,781.0,2.0,Apartment,Fully Furnished,Middle,24,48014
Pune,3,1641.0,3.0,Villa,Unfurnished,Low,24,54537
Delhi,5,2365.0,6.0,Studio,Fully Furnished,Low,1,109959
Pune,1,415.0,1.0,Apartment,Unfurnished,Ground,26,24657
Pune,3,1767.0,3.0,Apartment,Semi-Furnished,Ground,18,60586
Delhi,4,2218.0,4.0,Apartment,Fully Furnished,Low,9,90971
Hyderabad,2,798.0,1.0,Apartment,Fully Furnished,High,14,47276
Pune,1,435.0,1.0,Apartment,Semi-Furnished,Middle,17,36332
Bangalore,3,1042.0,3.0,Apartment,Semi-Furnished,Low,4,64032
Kolkata,2,966.0,1.0,Apartment,Unfurnished,Middle,11,46128
Chennai,1,350.0,1.0,Independent House,Unfurnished,Ground,7,35265
Hyderabad,4,1798.0,4.0,Apartment,Fully Furnished,High,5,84863
Delhi,2,925.0,2.0,Apartment,Unfurnished,Middle,23,47075
Hyderabad,4,2313.0,3.0,Apartment,Unfurnished,Low,0,77287
Mumbai,3,1561.0,3.0,Independent House,Semi-Furnished,High,24,80937
Mumbai,3,1527.0,3.0,Apartment,Unfurnished,High,12,88731
Pune,1,350.0,1.0,Villa,Semi-Furnished,Middle,14,26610
Pune,2,1215.0,2.0,Apartment,Semi-Furnished,High,10,61034
Bangalore,2,754.0,2.0,Apartment,Unfurnished,Low,29,35383
Kolkata,4,1747.0,4.0,Independent House,Fully Furnished,High,22,92487
Chennai,1,838.0,1.0,Apartment,Unfurnished,High,3,35625
Hyderabad,2,882.0,2.0,Apartment,Semi-Furnished,Middle,7,52388
Mumbai,2,1353.0,1.0,Apartment,Unfurnished,Low,6,67779
Pune,2,1334.0,2.0,Apartment,Fully Furnished,Middle,26,73039
Ahmedabad,2,1355.0,1.0,Apartment,Unfurnished,High,12,43870
Ahmedabad,3,2176.0,3.0,Apartment,Semi-Furnished,Middle,20,62614
Chennai,1,382.0,1.0,Apartment,Fully Furnished,Middle,4,42081
Hyderabad,1,624.0,1.0,Apartment,Unfurnished,Low,0,40811
Pune,2,1379.0,2.0,Apartment,Fully Furnished,Middle,24,62286
Pune,3,1341.0,3.0,Apartment,Unfurnished,Low,15,62157
Mumbai,2,954.0,1.0,Apartment,Unfurnished,High,10,66540
Mumbai,2,1335.0,2.0,Apartment,Semi-Furnished,Ground,21,62903
Pune,3,956.0,3.0,Apartment,Semi-Furnished,Ground,30,50823
Delhi,2,1357.0,2.0,Independent House,Semi-Furnished,Middle,17,69228
Pune,4,2635.0,4.0,Apartment,Unfurnished,Middle,23,101202
Chennai,1,639.0,1.0,Apartment,Unfurnished,High,8,32766
Pune,3,1730.0,3.0,Apartment,Unfurnished,Low,29,68184
Bangalore,4,2173.0,5.0,Independent House,Fully Furnished,High,3,97648
Kolkata,3,1326.0,2.0,Apartment,Unfurnished,Middle,6,40995
Bangalore,2,660.0,1.0,Apartment,Semi-Furnished,Middle,27,40520
Bangalore,2,1330.0,3.0,Studio,Semi-Furnished,Low,27,46391
Delhi,3,1689.0,3.0,Apartment,Semi-Furnished,Middle,22,70163
Delhi,1,639.0,1.0,Independent House,Fully Furnished,Low,6,50122
Ahmedabad,3,1373.0,3.0,Apartment,Unfurnished,Middle,12,51810
Pune,3,1495.0,3.0,Villa,Semi-Furnished,Middle,18,75190
Bangalore,3,1020.0,3.0,Apartment,Semi-Furnished,High,6,61421
Delhi,1,376.0,1.0,Apartment,Unfurnished,Low,20,29873
Mumbai,3,1379.0,3.0,Apartment,Unfurnished,Middle,27,65198
Pune,3,1847.0,3.0,Apartment,Fully Furnished,Middle,27,72627
Chennai,3,1929.0,4.0,Independent House,Unfurnished,Low,6,68112
Kolkata,1,560.0,1.0,Independent House,Unfurnished,High,12,34356
Hyderabad,1,619.0,1.0,Apartment,Semi-Furnished,High,3,36711
Pune,2,1050.0,2.0,Apartment,Semi-Furnished,High,11,51628
Hyderabad,1,473.0,2.0,Villa,Unfurnished,Middle,7,43832
Bangalore,2,667.0,3.0,Apartment,Unfurnished,Middle,15,42984
Kolkata,4,2002.0,3.0,Apartment,Fully Furnished,Low,10,91085
Hyderabad,2,1016.0,2.0,Independent House,Fully Furnished,Ground,3,69872
Bangalore,4,1758.0,4.0,Villa,Semi-Furnished,High,20,89895
Mumbai,1,417.0,1.0,Apartment,Fully Furnished,Low,28,33818
Hyderabad,1,503.0,1.0,Villa,Fully Furnished,High,14,47350
Kolkata,1,480.0,1.0,Studio,Semi-Furnished,Ground,25,8890
Ahmedabad,2,819.0,2.0,Apartment,Fully Furnished,Low,11,39904
Pune,4,2012.0,4.0,Studio,Fully Furnished,Middle,22,76802
Bangalore,1,867.0,2.0,Apartment,Semi-Furnished,Low,1,55352
Pune,3,1115.0,4.0,Independent House,Semi-Furnished,Low,22,58991
Kolkata,2,1230.0,2.0,Villa,Unfurnished,Ground,22,59880
Delhi,4,1572.0,4.0,Apartment,Semi-Furnished,High,5,72742
Bangalore,1,701.0,1.0,Apartment,Fully Furnished,High,28,49067
Hyderabad,2,997.0,1.0,Studio,Fully Furnished,Low,17,52688
Bangalore,1,461.0,1.0,Apartment,Semi-Furnished,Ground,23,34542
Pune,2,691.0,2.0,Apartment,Unfurnished,Middle,21,41382
Mumbai,2,1039.0,1.0,Independent House,Fully Furnished,Low,11,66463
Bangalore,4,2799.0,5.0,Apartment,Semi-Furnished,Ground,15,88748
Hyderabad,3,1399.0,3.0,Apartment,Semi-Furnished,High,0,65879
Delhi,3,1420.0,4.0,Apartment,Semi-Furnished,Low,18,72807
Ahmedabad,2,1689.0,2.0,Apartment,Semi-Furnished,High,29,52488
Chennai,1,1020.0,1.0,Apartment,Semi-Furnished,Middle,3,52156
Mumbai,2,1098.0,1.0,Apartment,Semi-Furnished,High,9,61677
Ahmedabad,5,2125.0,4.0,Apartment,Semi-Furnished,Middle,9,73756
Delhi,3,2136.0,3.0,Apartment,Fully Furnished,Middle,23,80175
Bangalore,4,1435.0,3.0,Independent House,Unfurnished,Middle,6,73971
Pune,3,1799.0,3.0,Apartment,Unfurnished,Ground,5,63966
Kolkata,1,560.0,1.0,Apartment,Unfurnished,Middle,30,27078
Pune,2,1480.0,2.0,Apartment,Semi-Furnished,Low,25,57934
Ahmedabad,1,661.0,2.0,Apartment,Semi-Furnished,Low,21,25351
Hyderabad,2,843.0,2.0,Apartment,Semi-Furnished,Ground,28,35984
Pune,1,481.0,1.0,Independent House,Semi-Furnished,Ground,11,36762
Mumbai,2,1176.0,2.0,Apartment,Semi-Furnished,Middle,9,77191
Pune,3,1353.0,4.0,Independent House,Unfurnished,High,24,67486
Hyderabad,4,2090.0,4.0,Villa,Unfurnished,Low,11,74383
Chennai,3,1366.0,3.0,Apartment,Fully Furnished,Middle,12,66819
Bangalore,4,1811.0,4.0,Apartment,Fully Furnished,Low,14,98564
Kolkata,1,557.0,1.0,Apartment,Fully Furnished,Middle,27,41180
Ahmedabad,1,350.0,2.0,Apartment,Unfurnished,Ground,29,21284
Bangalore,3,1974.0,3.0,Apartment,Unfurnished,Middle,29,65571
Pune,2,980.0,1.0,Apartment,Unfurnished,Middle,20,38223
Delhi,2,857.0,1.0,Apartment,Fully Furnished,High,12,43055
Bangalore,2,618.0,1.0,Apartment,Fully Furnished,Low,18,54900
Chennai,2,808.0,1.0,Apartment,Semi-Furnished,High,15,57419
Pune,2,1296.0,2.0,Apartment,Semi-Furnished,High,10,55459
Kolkata,2,1016.0,2.0,Independent House,Semi-Furnished,High,0,64089
Hyderabad,2,1161.0,2.0,Apartment,Fully Furnished,High,17,68970
Chennai,3,1931.0,2.0,Apartment,Semi-Furnished,High,6,81594
Pune,2,1244.0,2.0,Apartment,Fully Furnished,High,11,62592
Chennai,2,814.0,2.0,Villa,Semi-Furnished,Low,17,54555
Bangalore,1,791.0,1.0,Apartment,Unfurnished,Low,11,41756
Kolkata,2,1281.0,2.0,Apartment,Semi-Furnished,Low,8,57054
Hyderabad,3,1911.0,4.0,Apartment,Unfurnished,High,16,74067
Pune,3,1819.0,3.0,Apartment,Semi-Furnished,Low,3,76281
Mumbai,3,1482.0,3.0,Apartment,Unfurnished,High,23,60541
Ahmedabad,2,798.0,1.0,Apartment,Semi-Furnished,Low,28,36005
Hyderabad,3,1295.0,2.0,Apartment,Unfurnished,High,26,51186
Mumbai,3,2024.0,2.0,Independent House,Fully Furnished,High,30,81469
Chennai,2,878.0,2.0,Apartment,Semi-Furnished,Middle,27,44639
Delhi,2,1072.0,2.0,Apartment,Fully Furnished,High,23,53822
Hyderabad,2,1332.0,2.0,Independent House,Unfurnished,Middle,28,65290
Chennai,3,1740.0,3.0,Apartment,Unfurnished,Low,3,75799
Mumbai,3,1996.0,4.0,Apartment,Fully Furnished,High,27,95716
Bangalore,1,674.0,1.0,Apartment,Semi-Furnished,Middle,29,31675
Bangalore,3,1838.0,3.0,Studio,Unfurnished,Middle,27,62911
Delhi,1,580.0,2.0,Apartment,Fully Furnished,Middle,19,52052
Ahmedabad,1,382.0,1.0,Apartment,Fully Furnished,High,19,37678
Hyderabad,5,2473.0,5.0,Apartment,Semi-Furnished,High,30,77937
Hyderabad,4,2028.0,4.0,Apartment,Semi-Furnished,High,28,76842
Hyderabad,1,451.0,1.0,Apartment,Unfurnished,Low,0,29759
Ahmedabad,2,1177.0,3.0,Villa,Fully Furnished,High,29,71696
Chennai,2,869.0,3.0,Apartment,Unfurnished,Low,2,49245
Kolkata,2,1181.0,1.0,Apartment,Fully Furnished,Middle,18,59347
Kolkata,3,1344.0,4.0,Apartment,Semi-Furnished,Low,20,70866
Delhi,4,2384.0,3.0,Independent House,Unfurnished,Middle,7,95336
Hyderabad,3,1208.0,2.0,Independent House,Unfurnished,Middle,20,55201
Chennai,2,1629.0,2.0,Apartment,Semi-Furnished,Middle,19,68194
Bangalore,3,1873.0,3.0,Apartment,Unfurnished,Low,22,82028
Mumbai,2,865.0,2.0,Independent House,Fully Furnished,Low,0,62577
Chennai,4,1620.0,5.0,Villa,Unfurnished,Middle,5,70866
Ahmedabad,4,1764.0,4.0,Apartment,Semi-Furnished,High,8,68329
Kolkata,2,996.0,2.0,Apartment,Semi-Furnished,Middle,17,44290
Kolkata,2,988.0,2.0,Studio,Semi-Furnished,Middle,30,47181
Bangalore,2,678.0,3.0,Apartment,Semi-Furnished,High,8,49107
Bangalore,1,363.0,2.0,Independent House,Unfurnished,High,22,46434
Ahmedabad,3,1250.0,3.0,Apartment,Semi-Furnished,Low,22,43378
Mumbai,2,678.0,3.0,Apartment,Semi-Furnished,Low,19,56297
Bangalore,2,1593.0,2.0,Apartment,Unfurnished,High,9,78504
Delhi,2,572.0,3.0,Apartment,Semi-Furnished,Middle,15,47538
Mumbai,3,1336.0,3.0,Independent House,Semi-Furnished,High,20,72569
Bangalore,1,350.0,1.0,Apartment,Unfurnished,Low,30,24975
Pune,4,1531.0,4.0,Apartment,Unfurnished,Middle,11,62011
Chennai,4,1197.0,5.0,Villa,Unfurnished,Middle,5,75597
Bangalore,4,2010.0,4.0,Independent House,Unfurnished,Middle,13,81701
Delhi,2,1231.0,2.0,Apartment,Fully Furnished,Middle,21,64631
Hyderabad,2,880.0,2.0,Apartment,Fully Furnished,High,30,45701
Bangalore,2,905.0,1.0,Apartment,Unfurnished,Middle,7,45858
Kolkata,2,1430.0,2.0,Apartment,Semi-Furnished,Middle,14,57238
Kolkata,1,727.0,1.0,Apartment,Fully Furnished,Low,9,32979
Kolkata,3,1146.0,3.0,Apartment,Semi-Furnished,Low,27,46307
Hyderabad,2,1206.0,2.0,Apartment,Semi-Furnished,Low,4,65744
Kolkata,4,2384.0,4.0,Apartment,Fully Furnished,High,25,108066
Pune,1,537.0,1.0,Apartment,Semi-Furnished,Middle,19,42306
Bangalore,3,1284.0,3.0,Apartment,Fully Furnished,Low,26,66038
Ahmedabad,3,1553.0,3.0,Apartment,Unfurnished,Low,28,54478
Kolkata,3,1366.0,,Apartment,Fully Furnished,Low,15,50628
Mumbai,4,2629.0,4.0,Apartment,Fully Furnished,Middle,23,104636
Ahmedabad,3,1380.0,4.0,Apartment,Fully Furnished,Middle,25,60307
Hyderabad,4,2242.0,5.0,Independent House,Unfurnished,Middle,7,103212
Pune,2,894.0,,Apartment,Semi-Furnished,Middle,10,54269
Mumbai,2,662.0,1.0,Villa,Semi-Furnished,Middle,2,66268
Mumbai,1,599.0,1.0,Apartment,Semi-Furnished,Middle,1,58234
Mumbai,1,350.0,1.0,Apartment,Unfurnished,Ground,0,34078
Mumbai,2,787.0,2.0,Independent House,Unfurnished,High,0,65108
Ahmedabad,1,619.0,1.0,Apartment,Semi-Furnished,Low,19,30884
Ahmedabad,2,1133.0,1.0,Apartment,Semi-Furnished,Middle,9,49125
Bangalore,1,663.0,2.0,Apartment,Semi-Furnished,Low,30,39110
Kolkata,1,677.0,2.0,Apartment,Unfurnished,High,17,28533
Chennai,4,2104.0,5.0,Apartment,Semi-Furnished,High,15,92267
Bangalore,1,790.0,1.0,Apartment,Fully Furnished,Low,18,48474
Bangalore,3,2166.0,3.0,Apartment,Unfurnished,Middle,15,99492
Pune,1,665.0,1.0,Apartment,Unfurnished,Middle,2,38520
Pune,4,2508.0,4.0,Apartment,Unfurnished,Low,30,94425
Kolkata,4,2121.0,4.0,Apartment,Unfurnished,Low,6,72417
Chennai,3,1802.0,3.0,Apartment,Unfurnished,Low,5,65543
Pune,3,1842.0,3.0,Independent House,Unfurnished,High,10,80876
Kolkata,1,697.0,1.0,Independent House,Semi-Furnished,Ground,4,31049
Kolkata,5,2740.0,4.0,Apartment,,Low,8,108673
Ahmedabad,4,1872.0,4.0,Studio,Semi-Furnished,High,3,79601
Delhi,4,2443.0,3.0,Apartment,Unfurnished,Low,11,105221
Ahmedabad,3,1652.0,2.0,Apartment,Semi-Furnished,Ground,9,54416
Chennai,2,1308.0,2.0,Apartment,Semi-Furnished,Middle,2,70182
Pune,4,2151.0,4.0,Apartment,Fully Furnished,High,22,102012
Chennai,2,699.0,1.0,Apartment,Semi-Furnished,Middle,6,41307
Bangalore,3,1399.0,3.0,Apartment,Fully Furnished,High,1,78848
Bangalore,1,808.0,1.0,Independent House,Semi-Furnished,Ground,24,42070
Chennai,4,2976.0,4.0,Apartment,Semi-Furnished,Middle,30,88556
Delhi,1,505.0,1.0,Apartment,Semi-Furnished,Low,7,43089
Delhi,2,1181.0,2.0,Apartment,Unfurnished,Middle,12,52741
Ahmedabad,2,1023.0,2.0,Apartment,Semi-Furnished,Middle,14,38226
Chennai,3,1237.0,3.0,Apartment,Fully Furnished,Low,30,62842
Pune,3,1440.0,3.0,Apartment,Semi-Furnished,Middle,0,75697
Ahmedabad,2,476.0,2.0,Studio,Fully Furnished,Middle,1,46200
Hyderabad,1,498.0,1.0,Apartment,Unfurnished,High,26,28477
Delhi,3,837.0,3.0,Apartment,Semi-Furnished,High,17,54479
Mumbai,5,2566.0,5.0,Apartment,Semi-Furnished,High,23,109282
Ahmedabad,3,1271.0,2.0,Apartment,Unfurnished,High,26,52949
Bangalore,2,857.0,2.0,Apartment,Semi-Furnished,Middle,18,55132
Ahmedabad,4,2700.0,4.0,Apartment,Fully Furnished,High,30,103917
Chennai,2,1144.0,1.0,Apartment,Semi-Furnished,Middle,6,50331
Mumbai,2,814.0,2.0,Studio,Fully Furnished,Middle,29,48838
Chennai,2,748.0,3.0,Studio,Semi-Furnished,Low,25,39227
Kolkata,2,755.0,2.0,Apartment,Semi-Furnished,Low,28,32153
Bangalore,3,1284.0,3.0,Independent House,Unfurnished,Low,21,61904
Bangalore,2,1096.0,1.0,Apartment,Semi-Furnished,Low,1,67038
Delhi,2,1226.0,3.0,Apartment,Semi-Furnished,Middle,15,63537
Ahmedabad,2,606.0,2.0,Apartment,Semi-Furnished,Low,24,29456
Delhi,1,494.0,2.0,Apartment,Fully Furnished,Ground,15,41746
Mumbai,3,1663.0,3.0,Independent House,Fully Furnished,Middle,24,87749
Ahmedabad,2,1378.0,1.0,Apartment,Semi-Furnished,Middle,22,57686
Kolkata,1,542.0,1.0,Independent House,Unfurnished,Ground,3,26359
Chennai,3,1947.0,3.0,Villa,Unfurnished,High,16,78406
Kolkata,3,1291.0,3.0,Apartment,Unfurnished,Ground,13,37486
Bangalore,3,1646.0,3.0,Apartment,Semi-Furnished,Middle,7,73035
Mumbai,2,1383.0,2.0,Apartment,Fully Furnished,High,8,86867
Hyderabad,4,2386.0,3.0,Apartment,Fully Furnished,Low,7,92604
Mumbai,4,2249.0,4.0,Apartment,Semi-Furnished,Middle,30,91579
Pune,3,1822.0,4.0,Apartment,,Ground,17,71255
Mumbai,3,1782.0,2.0,Independent House,Fully Furnished,Low,6,84312
Kolkata,2,1420.0,1.0,Independent House,Semi-Furnished,Middle,25,57208
Pune,5,2890.0,6.0,Apartment,Semi-Furnished,High,12,93141
Pune,2,869.0,2.0,Apartment,Unfurnished,Ground,0,43611
Ahmedabad,2,871.0,3.0,Apartment,Unfurnished,High,20,44526
Ahmedabad,2,1071.0,2.0,Independent House,Semi-Furnished,Low,28,38366
Pune,1,612.0,1.0,Apartment,Fully Furnished,High,7,47419
Hyderabad,5,3335.0,4.0,Independent House,Semi-Furnished,Middle,8,120402
Ahmedabad,3,1907.0,4.0,Studio,Fully Furnished,Middle,25,74103
Mumbai,2,1063.0,1.0,Apartment,Semi-Furnished,Low,18,55028
Kolkata,3,1665.0,2.0,Villa,Unfurnished,High,23,72711
Mumbai,2,1697.0,3.0,Apartment,Unfurnished,Ground,14,64575
Hyderabad,1,638.0,1.0,Apartment,Unfurnished,High,2,45243
Bangalore,3,1089.0,3.0,Apartment,Fully Furnished,Low,23,65537
Delhi,3,986.0,3.0,Apartment,Fully Furnished,Low,26,57421
Kolkata,2,942.0,1.0,Apartment,Unfurnished,Middle,20,42693
Ahmedabad,3,2195.0,3.0,Independent House,Fully Furnished,High,22,88121
Kolkata,2,909.0,2.0,Apartment,Semi-Furnished,Low,10,47234
Mumbai,2,921.0,2.0,Apartment,Semi-Furnished,Ground,13,55549
Delhi,1,644.0,1.0,Studio,Fully Furnished,High,11,45468
Chennai,2,1125.0,2.0,Villa,Semi-Furnished,Middle,27,63750
Chennai,4,2222.0,4.0,Apartment,Semi-Furnished,Ground,21,81755
Ahmedabad,3,2070.0,4.0,Apartment,Semi-Furnished,High,4,94996
Hyderabad,2,947.0,2.0,Apartment,Fully Furnished,High,1,59387
Chennai,3,1660.0,4.0,Apartment,Fully Furnished,Middle,24,71926
Kolkata,3,2062.0,3.0,Apartment,Semi-Furnished,Middle,22,77047
Chennai,2,1093.0,3.0,Apartment,Semi-Furnished,Middle,6,61516
Bangalore,1,350.0,2.0,Apartment,Semi-Furnished,Low,4,38359
Bangalore,5,2014.0,4.0,Studio,Unfurnished,Middle,2,82611
Ahmedabad,3,1308.0,4.0,Independent House,Unfurnished,Low,24,55138
Bangalore,5,2365.0,4.0,Studio,Fully Furnished,Low,29,83467
Chennai,2,1256.0,2.0,Villa,Unfurnished,Low,9,60555
Hyderabad,3,1594.0,4.0,Apartment,Semi-Furnished,High,10,64904
Pune,2,1235.0,3.0,Apartment,Unfurnished,High,7,52911
Pune,2,752.0,2.0,Apartment,Semi-Furnished,Middle,5,37428
Ahmedabad,2,1518.0,2.0,Apartment,Semi-Furnished,Middle,27,50262
Delhi,2,1422.0,3.0,Apartment,Semi-Furnished,Middle,11,59159
Pune,1,350.0,2.0,Apartment,Semi-Furnished,Low,12,32140
Pune,2,1047.0,2.0,Apartment,Semi-Furnished,Middle,1,56141
Bangalore,1,815.0,1.0,Independent House,Unfurnished,Middle,30,59717
Bangalore,3,1480.0,3.0,Apartment,Semi-Furnished,Low,22,59071
Chennai,2,1099.0,2.0,Apartment,Unfurnished,Low,20,54665
Ahmedabad,1,589.0,1.0,Independent House,Unfurnished,High,15,28721
Delhi,1,422.0,1.0,Apartment,Unfurnished,Low,23,46148
Ahmedabad,1,687.0,1.0,Villa,Unfurnished,Low,21,44625
Mumbai,3,1635.0,2.0,Villa,Unfurnished,High,25,67717
Kolkata,1,548.0,1.0,Apartment,Unfurnished,High,12,27272
Delhi,3,2085.0,3.0,Apartment,Unfurnished,Low,8,83660
Delhi,1,399.0,1.0,Independent House,Semi-Furnished,High,12,36447
Hyderabad,2,1024.0,2.0,Independent House,Semi-Furnished,High,14,56858
Ahmedabad,4,1913.0,4.0,Independent House,Semi-Furnished,Low,7,69400
Chennai,3,1551.0,3.0,Apartment,Fully Furnished,Low,22,72036
Hyderabad,1,721.0,1.0,Independent House,Fully Furnished,Low,16,51110
Delhi,3,,2.0,Apartment,Fully Furnished,Middle,9,71132
Delhi,2,1132.0,2.0,Independent House,Semi-Furnished,Middle,8,69104
Delhi,4,2403.0,4.0,Apartment,Unfurnished,Ground,23,88174
Pune,3,1563.0,2.0,Villa,Fully Furnished,Low,16,79398
Ahmedabad,3,2044.0,4.0,Apartment,Semi-Furnished,Low,28,81615
Kolkata,5,3255.0,5.0,Apartment,Semi-Furnished,Middle,16,113517
Kolkata,2,775.0,2.0,Apartment,Fully Furnished,High,18,42467
Hyderabad,3,802.0,3.0,Apartment,Semi-Furnished,Low,18,31259
Delhi,2,1503.0,2.0,Apartment,Semi-Furnished,High,1,73802
Kolkata,1,350.0,1.0,Apartment,Unfurnished,High,10,19602
Bangalore,1,389.0,1.0,Apartment,Unfurnished,Low,7,28203
Ahmedabad,1,350.0,1.0,Apartment,Semi-Furnished,High,20,29004
Kolkata,3,1385.0,3.0,Apartment,Semi-Furnished,Middle,16,56220
Chennai,3,1383.0,4.0,Independent House,Fully Furnished,Middle,0,68606
Ahmedabad,2,815.0,2.0,Apartment,Fully Furnished,Middle,17,56009
Chennai,1,823.0,1.0,Apartment,Fully Furnished,High,6,50751
Kolkata,2,1010.0,2.0,Apartment,Fully Furnished,Middle,8,49808
Bangalore,4,1805.0,4.0,Independent House,Semi-Furnished,Middle,24,88580
Chennai,2,1199.0,3.0,Independent House,Semi-Furnished,Middle,8,63868
Pune,3,1123.0,2.0,Apartment,Fully Furnished,Middle,9,74879
Kolkata,3,1596.0,3.0,Studio,Unfurnished,Low,15,49620
Pune,3,1575.0,3.0,Apartment,Semi-Furnished,Low,10,75171
Kolkata,2,928.0,2.0,Apartment,Fully Furnished,Middle,5,54240
Mumbai,4,1588.0,4.0,Apartment,Fully Furnished,Ground,26,75507
Mumbai,2,759.0,1.0,Studio,Fully Furnished,Middle,11,59943
Mumbai,4,2719.0,4.0,Apartment,Unfurnished,Middle,20,95446
Chennai,2,1398.0,3.0,Apartment,Unfurnished,Low,27,59113
Pune,2,926.0,1.0,Studio,Unfurnished,High,9,43067
Pune,1,372.0,2.0,Apartment,Semi-Furnished,Ground,15,28583
Pune,3,1846.0,3.0,Studio,Unfurnished,Ground,25,59644
Bangalore,2,1424.0,3.0,Independent House,Unfurnished,High,29,72052
Pune,2,555.0,2.0,Apartment,,High,26,40142
Bangalore,2,808.0,3.0,Apartment,Unfurnished,Low,23,43386
Mumbai,4,1761.0,3.0,Apartment,Fully Furnished,High,21,80505
Mumbai,3,1299.0,3.0,Apartment,Semi-Furnished,High,23,67071
Chennai,2,1021.0,3.0,Apartment,Unfurnished,Low,13,47003
Kolkata,3,2040.0,4.0,Villa,Fully Furnished,Middle,16,104787
Mumbai,2,1056.0,2.0,Apartment,Fully Furnished,Ground,19,70532
Kolkata,2,619.0,3.0,Apartment,Fully Furnished,Low,25,40564
Kolkata,4,2690.0,4.0,Studio,Semi-Furnished,Ground,4,98118
Ahmedabad,1,514.0,2.0,Apartment,Fully Furnished,Low,3,42079
Chennai,2,802.0,2.0,Apartment,Semi-Furnished,High,28,42768
Delhi,2,871.0,2.0,Apartment,Unfurnished,High,21,51672
Delhi,2,746.0,1.0,Apartment,Semi-Furnished,High,12,57886
Hyderabad,2,1198.0,1.0,Independent House,Semi-Furnished,Ground,6,49254
Ahmedabad,2,1250.0,2.0,Apartment,Semi-Furnished,Middle,10,56965
Chennai,1,572.0,1.0,Independent House,Semi-Furnished,High,10,40185
Hyderabad,2,1197.0,2.0,Apartment,Unfurnished,Middle,23,56221
Hyderabad,2,984.0,1.0,Independent House,Semi-Furnished,Middle,23,49004
Ahmedabad,2,838.0,2.0,Apartment,Semi-Furnished,Low,20,31254
Delhi,1,746.0,1.0,Apartment,Unfurnished,High,23,53690
Chennai,3,2068.0,3.0,Apartment,Unfurnished,High,11,72240
Delhi,2,1028.0,2.0,Apartment,Unfurnished,Low,2,48617
Hyderabad,3,1347.0,4.0,Studio,Unfurnished,Middle,11,59969
Chennai,3,1121.0,4.0,Studio,Semi-Furnished,Middle,2,56996
Hyderabad,3,1786.0,3.0,Studio,Unfurnished,Middle,0,63474
Pune,2,941.0,2.0,Apartment,Semi-Furnished,High,9,55396
Ahmedabad,2,1079.0,2.0,Independent House,Semi-Furnished,Middle,0,62098
Kolkata,2,1288.0,2.0,Villa,Fully Furnished,Middle,0,62855
Chennai,3,1399.0,3.0,Independent House,Unfurnished,Low,25,64082
Chennai,2,928.0,2.0,Apartment,Unfurnished,Low,10,50873
Kolkata,4,2225.0,4.0,Independent House,Semi-Furnished,Ground,15,99214
Hyderabad,4,1927.0,4.0,Apartment,Semi-Furnished,High,2,78857
Pune,1,415.0,1.0,Independent House,Semi-Furnished,Middle,23,26459
Bangalore,1,554.0,2.0,Independent House,Fully Furnished,Ground,24,57292
Kolkata,3,1390.0,4.0,Villa,Unfurnished,Middle,2,70588
Ahmedabad,2,838.0,3.0,Independent House,Semi-Furnished,Low,28,47050
Delhi,1,472.0,1.0,Apartment,Unfurnished,High,28,26661
Hyderabad,4,2328.0,4.0,Studio,Semi-Furnished,Middle,7,92115
Kolkata,2,1167.0,2.0,Apartment,Semi-Furnished,Ground,26,55094
Kolkata,4,2147.0,5.0,Apartment,Unfurnished,Middle,12,89760
Chennai,3,1885.0,3.0,Apartment,Unfurnished,High,15,75382
Delhi,3,1914.0,3.0,Independent House,Semi-Furnished,Middle,14,75528
Delhi,2,870.0,2.0,Independent House,Unfurnished,High,9,58621
Ahmedabad,2,1070.0,2.0,Studio,Semi-Furnished,Low,16,43023
Delhi,2,1158.0,2.0,Apartment,Unfurnished,Middle,2,66957
Kolkata,1,677.0,1.0,Apartment,Fully Furnished,High,13,44567
Bangalore,2,966.0,1.0,Apartment,Semi-Furnished,Ground,0,49382
Mumbai,2,1115.0,2.0,Apartment,Semi-Furnished,Low,25,63673
Hyderabad,1,576.0,2.0,Apartment,Semi-Furnished,Middle,8,43978
Mumbai,2,1357.0,2.0,Villa,Semi-Furnished,Middle,18,94231
Kolkata,3,1747.0,4.0,Studio,Semi-Furnished,High,25,57923
Mumbai,1,500.0,1.0,Apartment,Fully Furnished,Low,29,48845
Kolkata,1,350.0,1.0,Independent House,Semi-Furnished,High,9,34771
Mumbai,3,,3.0,Apartment,Semi-Furnished,Middle,30,68695
Delhi,5,2669.0,6.0,Apartment,Fully Furnished,Low,20,112727
Pune,2,1188.0,1.0,Apartment,Semi-Furnished,Ground,10,63178
Delhi,1,369.0,1.0,Independent House,Unfurnished,High,25,34035
Delhi,3,1954.0,4.0,Apartment,Semi-Furnished,Middle,25,85672
Ahmedabad,4,1879.0,4.0,Apartment,Fully Furnished,Low,13,63418
Chennai,3,1518.0,3.0,Studio,Unfurnished,Low,15,58050
Chennai,3,1571.0,3.0,Apartment,Fully Furnished,Low,6,70980
Mumbai,2,1321.0,1.0,Villa,Fully Furnished,Middle,29,84502
Kolkata,2,921.0,3.0,Independent House,Semi-Furnished,High,8,61559
Ahmedabad,1,,1.0,Apartment,Unfurnished,Low,12,21167
Delhi,3,1406.0,3.0,Apartment,Semi-Furnished,Low,6,69321
Ahmedabad,3,1451.0,3.0,Apartment,Semi-Furnished,High,0,68003
Mumbai,5,2408.0,5.0,Studio,Fully Furnished,Middle,22,112193
Chennai,2,958.0,3.0,Apartment,Unfurnished,Ground,6,42068
Pune,1,469.0,1.0,Apartment,Fully Furnished,Low,1,42859
Hyderabad,2,382.0,1.0,Independent House,Unfurnished,Low,22,30604
Mumbai,3,2147.0,3.0,Apartment,Fully Furnished,Ground,1,100509
Ahmedabad,3,1208.0,3.0,Independent House,Unfurnished,High,0,69154
Pune,2,882.0,2.0,Apartment,Unfurnished,Middle,8,47243
Hyderabad,2,1245.0,1.0,Apartment,Unfurnished,Middle,9,46286
Bangalore,2,990.0,2.0,Apartment,Unfurnished,High,9,61254
Mumbai,2,1070.0,2.0,Studio,Semi-Furnished,Middle,4,64959
Mumbai,4,2271.0,5.0,Studio,Semi-Furnished,Middle,6,100379
Bangalore,2,825.0,3.0,Apartment,Semi-Furnished,Low,9,66402
Bangalore,3,1691.0,3.0,Apartment,Unfurnished,Middle,21,59962
Mumbai,3,1638.0,3.0,Independent House,Fully Furnished,Middle,23,95008
Bangalore,3,1222.0,3.0,Apartment,Unfurnished,High,25,62959
Delhi,2,620.0,2.0,Independent House,Semi-Furnished,Middle,2,52306
Hyderabad,3,907.0,3.0,Apartment,Semi-Furnished,Low,30,42638
Hyderabad,2,978.0,2.0,Apartment,Semi-Furnished,Middle,11,52720
Hyderabad,2,1355.0,2.0,Villa,Unfurnished,High,19,64670
Delhi,2,954.0,2.0,Apartment,Unfurnished,Ground,15,39871
Kolkata,2,362.0,2.0,Apartment,Fully Furnished,Ground,17,41276
Bangalore,2,671.0,2.0,Apartment,Fully Furnished,Ground,15,65605
Pune,2,927.0,1.0,Apartment,Semi-Furnished,High,20,55198
Bangalore,5,2630.0,5.0,Independent House,Unfurnished,Ground,26,120676
Mumbai,1,593.0,1.0,Villa,Fully Furnished,Low,9,67470
Chennai,3,1466.0,3.0,Apartment,,High,26,62023
Ahmedabad,5,2486.0,6.0,Apartment,Semi-Furnished,Middle,0,85373
Ahmedabad,1,517.0,1.0,Independent House,Semi-Furnished,Low,15,34087
Hyderabad,3,1496.0,3.0,Villa,Fully Furnished,Low,30,69253
Bangalore,2,1170.0,1.0,Apartment,Unfurnished,Middle,4,48218
Pune,1,677.0,1.0,Independent House,Semi-Furnished,Ground,23,43345
Mumbai,2,1477.0,1.0,Apartment,Fully Furnished,Middle,11,84944
Delhi,4,2436.0,3.0,Villa,Semi-Furnished,Middle,15,94490
Kolkata,1,487.0,1.0,Apartment,Fully Furnished,Middle,26,25048
Delhi,3,1511.0,2.0,Villa,Semi-Furnished,Middle,21,74913
Pune,2,1550.0,1.0,Apartment,Unfurnished,Low,13,49147
Mumbai,4,1757.0,4.0,Apartment,Unfurnished,Low,9,81875
Hyderabad,1,701.0,1.0,Apartment,Unfurnished,Ground,24,36948
Bangalore,3,1396.0,2.0,Apartment,Fully Furnished,Middle,15,72917
Mumbai,3,1122.0,3.0,Apartment,Fully Furnished,Middle,28,60670
Ahmedabad,3,2039.0,3.0,Apartment,Fully Furnished,Middle,14,68240
Kolkata,4,855.0,4.0,Villa,Semi-Furnished,High,21,59944
Delhi,3,930.0,3.0,Villa,Unfurnished,High,10,80356
Kolkata,1,739.0,1.0,Independent House,Unfurnished,Low,24,33142
Kolkata,2,1246.0,2.0,Studio,Unfurnished,Low,5,50938
Pune,2,1112.0,1.0,Apartment,Fully Furnished,High,26,60566
Pune,2,1219.0,2.0,Independent House,Unfurnished,Middle,18,57834
Bangalore,2,523.0,3.0,Villa,Fully Furnished,High,14,50933
Pune,2,1563.0,2.0,Apartment,Fully Furnished,Low,26,70167
Pune,2,1110.0,2.0,Apartment,Unfurnished,Low,28,50071
Mumbai,5,2029.0,5.0,Apartment,Fully Furnished,Ground,12,95205
Ahmedabad,1,471.0,1.0,Studio,Fully Furnished,High,27,28898
Hyderabad,4,2173.0,4.0,Apartment,Semi-Furnished,Ground,18,83728
Bangalore,2,1178.0,3.0,Apartment,Semi-Furnished,Low,0,64672
Mumbai,3,973.0,3.0,Apartment,Semi-Furnished,Middle,29,79105
Hyderabad,3,2351.0,3.0,Apartment,Semi-Furnished,High,9,82730
Kolkata,2,1357.0,2.0,Villa,Semi-Furnished,High,23,78595
Mumbai,2,629.0,2.0,Villa,Fully Furnished,Low,10,55812
Chennai,2,953.0,3.0,Apartment,Unfurnished,High,11,51394
Mumbai,2,858.0,3.0,Apartment,Unfurnished,Ground,29,67700
Pune,4,2502.0,4.0,Apartment,Semi-Furnished,Low,13,110057
Hyderabad,3,836.0,3.0,Apartment,Unfurnished,Low,15,48964
Bangalore,1,488.0,2.0,Apartment,Fully Furnished,Middle,6,51927
Bangalore,1,350.0,1.0,Independent House,Semi-Furnished,Ground,20,35135
Hyderabad,2,961.0,2.0,Apartment,Semi-Furnished,High,3,53327
Pune,1,847.0,1.0,Apartment,Fully Furnished,High,15,49081
Delhi,3,1517.0,3.0,Apartment,Unfurnished,Low,27,55096
Mumbai,1,350.0,1.0,Apartment,Unfurnished,High,18,44492
Pune,2,1088.0,2.0,Apartment,Fully Furnished,High,2,59849
Chennai,1,757.0,2.0,Villa,Semi-Furnished,Middle,8,59902
Ahmedabad,2,766.0,2.0,Apartment,Fully Furnished,Middle,16,44810
Kolkata,3,1583.0,3.0,Independent House,Fully Furnished,High,3,77152
Hyderabad,2,1087.0,2.0,Villa,Semi-Furnished,Middle,8,64365
Ahmedabad,5,2437.0,4.0,Villa,Semi-Furnished,Middle,13,105643
Mumbai,4,2036.0,4.0,Apartment,Fully Furnished,Ground,24,85895
Bangalore,2,1133.0,2.0,Apartment,Unfurnished,Low,25,55882
Kolkata,1,350.0,1.0,Apartment,Semi-Furnished,Low,24,21299
Ahmedabad,4,1790.0,4.0,Apartment,Unfurnished,Low,11,71245
Delhi,4,2560.0,4.0,Apartment,Semi-Furnished,Low,18,72645
Ahmedabad,3,1402.0,3.0,Apartment,Unfurnished,High,20,52357
Chennai,1,538.0,1.0,Apartment,Semi-Furnished,Low,10,28646
Bangalore,5,1417.0,5.0,Independent House,Fully Furnished,Ground,3,83259
Hyderabad,2,1122.0,3.0,Apartment,Fully Furnished,Low,30,44602
Mumbai,3,2064.0,4.0,Apartment,Fully Furnished,Low,12,99993
Hyderabad,4,2112.0,4.0,Apartment,Unfurnished,Low,13,72414
Kolkata,2,511.0,1.0,Apartment,Semi-Furnished,High,9,36424
Mumbai,4,1936.0,4.0,Apartment,Semi-Furnished,Middle,15,92257
Pune,2,1238.0,2.0,Apartment,Unfurnished,Middle,19,44600
Delhi,5,3014.0,5.0,Apartment,Unfurnished,Middle,19,91591
Pune,2,828.0,3.0,Studio,Unfurnished,Ground,5,44734
Pune,4,1949.0,4.0,Independent House,Semi-Furnished,High,11,85892
Hyderabad,1,694.0,1.0,Independent House,Fully Furnished,High,15,48908
Kolkata,3,1308.0,2.0,Villa,Semi-Furnished,Low,7,61653
Delhi,2,1254.0,1.0,Villa,Fully Furnished,Ground,2,81240
Ahmedabad,2,1239.0,2.0,Apartment,Unfurnished,Middle,29,52823
Mumbai,2,1602.0,2.0,Apartment,Unfurnished,Middle,14,88317
Mumbai,3,1434.0,3.0,Apartment,Fully Furnished,Low,28,78148
Chennai,2,1159.0,2.0,Independent House,Semi-Furnished,Low,17,58711
Bangalore,2,821.0,2.0,Independent House,Semi-Furnished,Middle,7,66191
Chennai,2,815.0,3.0,Apartment,Semi-Furnished,High,8,39860
Ahmedabad,4,2059.0,4.0,Studio,Semi-Furnished,Ground,28,79979
Chennai,1,472.0,1.0,Apartment,Fully Furnished,Middle,22,49435
Mumbai,2,849.0,2.0,Apartment,Semi-Furnished,Middle,19,63293
Hyderabad,2,1574.0,3.0,Apartment,Fully Furnished,Middle,22,74496
Pune,2,693.0,2.0,Apartment,Fully Furnished,High,11,48007
Kolkata,2,1328.0,2.0,Independent House,Semi-Furnished,Middle,27,59474
Pune,2,1353.0,2.0,Apartment,Semi-Furnished,Middle,14,56961
Pune,4,1792.0,5.0,Apartment,Fully Furnished,High,11,79974
Delhi,3,1300.0,3.0,Apartment,Fully Furnished,Low,14,55940
Mumbai,3,1290.0,2.0,Independent House,Unfurnished,Low,17,65734
Ahmedabad,1,518.0,1.0,Apartment,Semi-Furnished,Low,2,43273
Ahmedabad,3,1485.0,3.0,Apartment,Fully Furnished,Middle,28,60675
Kolkata,1,577.0,1.0,Independent House,Unfurnished,Low,25,27798
Hyderabad,3,1972.0,3.0,Apartment,Semi-Furnished,Low,17,69683
Delhi,2,883.0,2.0,Apartment,Fully Furnished,High,7,67977
Bangalore,2,997.0,3.0,Apartment,Unfurnished,Middle,17,40516
Hyderabad,2,881.0,2.0,Apartment,Semi-Furnished,High,9,40833
Chennai,4,2126.0,4.0,Independent House,Fully Furnished,High,6,97988
Hyderabad,1,350.0,1.0,Apartment,Semi-Furnished,High,1,45188
Hyderabad,3,1122.0,4.0,Apartment,Semi-Furnished,Low,17,49494
Pune,1,669.0,1.0,Apartment,Semi-Furnished,Middle,9,37261
Hyderabad,3,1619.0,3.0,Villa,Fully Furnished,High,18,87735
Ahmedabad,4,1916.0,5.0,Apartment,Semi-Furnished,Ground,2,72424
Chennai,2,1109.0,1.0,Villa,Semi-Furnished,High,5,63356
Chennai,2,962.0,3.0,Apartment,Unfurnished,High,9,50033
Mumbai,4,1753.0,5.0,Apartment,Semi-Furnished,Middle,19,79415
Hyderabad,2,876.0,2.0,Independent House,Semi-Furnished,Middle,24,42239
Pune,2,1167.0,1.0,Apartment,Unfurnished,Ground,9,47485
Hyderabad,3,1628.0,2.0,Apartment,Semi-Furnished,Middle,12,55495
Bangalore,3,734.0,4.0,Apartment,Unfurnished,Low,20,46208
Bangalore,1,625.0,1.0,Independent House,Semi-Furnished,Low,23,52036
Pune,3,1468.0,4.0,Independent House,Semi-Furnished,High,9,63423
Mumbai,2,670.0,2.0,Apartment,Unfurnished,Middle,30,45632
Mumbai,1,421.0,1.0,Apartment,Semi-Furnished,High,18,52500
Chennai,3,1553.0,3.0,Independent House,Unfurnished,High,13,73955
Chennai,2,822.0,1.0,Apartment,Unfurnished,Low,28,31517
Delhi,1,935.0,1.0,Apartment,Semi-Furnished,Low,10,51991
Pune,3,1241.0,3.0,Apartment,Semi-Furnished,Middle,30,71234
Hyderabad,4,2074.0,5.0,Independent House,Fully Furnished,High,24,92940
Kolkata,4,1804.0,4.0,Studio,Fully Furnished,High,19,64155
Pune,4,1722.0,4.0,Apartment,Semi-Furnished,Middle,15,65203
Delhi,4,2747.0,4.0,Apartment,Unfurnished,Middle,2,113380
Chennai,1,590.0,1.0,Villa,Unfurnished,Middle,12,42023
Pune,2,1063.0,1.0,Independent House,Unfurnished,Middle,13,59557
Pune,3,1473.0,3.0,Studio,Unfurnished,High,8,54706
Chennai,2,657.0,2.0,Apartment,Unfurnished,High,30,31483
Ahmedabad,3,969.0,2.0,Apartment,Unfurnished,High,3,46975
Delhi,3,1427.0,3.0,Apartment,Unfurnished,Middle,21,60386
Chennai,2,873.0,2.0,Apartment,Unfurnished,Middle,13,52244
Mumbai,4,2853.0,3.0,Studio,Unfurnished,Low,10,121239
Hyderabad,2,1259.0,1.0,Apartment,Semi-Furnished,Middle,11,64921
Chennai,2,1000.0,2.0,Villa,Fully Furnished,Ground,22,56544
Delhi,5,2921.0,4.0,Apartment,Fully Furnished,Ground,16,125968
Bangalore,2,849.0,3.0,Apartment,Semi-Furnished,Low,15,40855
Mumbai,1,350.0,1.0,Apartment,Fully Furnished,Ground,0,51096
Bangalore,2,696.0,2.0,Apartment,Semi-Furnished,Low,15,51926
Kolkata,3,1339.0,4.0,Independent House,Semi-Furnished,Low,17,68377
Chennai,3,1381.0,3.0,Apartment,Unfurnished,Low,25,47952
Mumbai,3,2005.0,3.0,Independent House,Unfurnished,Low,10,86479
Hyderabad,3,1963.0,3.0,Apartment,Unfurnished,High,28,62604
Chennai,2,1121.0,1.0,Apartment,Unfurnished,Middle,1,50759
Hyderabad,4,2049.0,5.0,Apartment,Unfurnished,High,15,88617
Ahmedabad,4,1849.0,4.0,Independent House,Unfurnished,Low,15,61255
Pune,2,866.0,1.0,Villa,Semi-Furnished,High,26,64745
Bangalore,1,917.0,1.0,Independent House,Semi-Furnished,High,3,52773
Mumbai,5,2864.0,5.0,Apartment,Semi-Furnished,Low,0,99475
Hyderabad,4,2989.0,4.0,Apartment,Semi-Furnished,Middle,25,97977
Delhi,4,2436.0,4.0,Apartment,Semi-Furnished,Ground,10,94753
Hyderabad,4,2369.0,4.0,Independent House,Unfurnished,Middle,6,81848
Delhi,2,1198.0,2.0,Apartment,Semi-Furnished,Low,5,71802
Chennai,3,1642.0,3.0,Independent House,Fully Furnished,High,5,77107
Mumbai,2,901.0,1.0,Apartment,Fully Furnished,Middle,24,58820
Hyderabad,1,598.0,1.0,Apartment,Semi-Furnished,Middle,19,37714
Kolkata,3,2000.0,,Villa,Semi-Furnished,Middle,23,77344
Hyderabad,2,1059.0,2.0,Apartment,Unfurnished,Ground,17,38002
Ahmedabad,3,1461.0,4.0,Apartment,Semi-Furnished,Ground,7,58685
Kolkata,2,1085.0,2.0,Independent House,Unfurnished,Middle,25,56895
Mumbai,2,1219.0,2.0,Apartment,Semi-Furnished,Low,27,75878
Ahmedabad,1,552.0,1.0,Apartment,Fully Furnished,Ground,5,42201
Hyderabad,2,1379.0,2.0,Independent House,Fully Furnished,Low,7,68848
Delhi,1,350.0,1.0,Studio,Semi-Furnished,Low,28,26360
Hyderabad,2,1245.0,2.0,Independent House,Fully Furnished,Ground,2,71431
Bangalore,5,3152.0,6.0,Apartment,Semi-Furnished,Low,3,125431
Chennai,1,692.0,1.0,Villa,Semi-Furnished,Middle,5,47208
Pune,2,1020.0,3.0,Apartment,Unfurnished,Ground,16,52108
Delhi,3,1466.0,2.0,Independent House,Unfurnished,Middle,0,60361
Bangalore,3,1683.0,2.0,Apartment,Fully Furnished,Low,14,75280
Kolkata,1,350.0,1.0,Apartment,Semi-Furnished,Ground,28,17444
Chennai,3,1205.0,3.0,Villa,Semi-Furnished,Ground,14,71200
Mumbai,3,1882.0,4.0,Studio,Fully Furnished,Low,11,82105
Delhi,2,967.0,2.0,Apartment,Semi-Furnished,Middle,23,62547
Pune,2,1078.0,2.0,Apartment,Fully Furnished,Middle,5,55303
Chennai,4,1998.0,4.0,Studio,Unfurnished,Middle,26,69568
Kolkata,3,1728.0,3.0,Apartment,Fully Furnished,Low,19,63261
Ahmedabad,3,1398.0,2.0,Apartment,Fully Furnished,High,4,63420
Ahmedabad,1,684.0,1.0,Apartment,Fully Furnished,High,6,40777
Pune,2,1296.0,,Apartment,Semi-Furnished,Middle,7,65219
Mumbai,2,750.0,2.0,Apartment,Unfurnished,Low,9,50444
Mumbai,2,823.0,2.0,Studio,Unfurnished,Low,6,47193
Kolkata,2,933.0,3.0,Apartment,Unfurnished,Middle,6,48037
Delhi,3,1360.0,4.0,Apartment,Semi-Furnished,High,22,77044
Kolkata,2,1364.0,1.0,Apartment,Semi-Furnished,High,13,49663
Hyderabad,3,805.0,2.0,Apartment,Semi-Furnished,Low,3,48242
Mumbai,4,2029.0,3.0,Apartment,Semi-Furnished,Low,20,86832
Chennai,2,1306.0,2.0,Villa,Unfurnished,High,28,61194
Hyderabad,3,1319.0,3.0,Apartment,Unfurnished,Middle,9,60578
Ahmedabad,1,444.0,2.0,Studio,Unfurnished,Middle,12,22504
Ahmedabad,3,1519.0,2.0,Apartment,Unfurnished,Ground,6,50715
Bangalore,1,350.0,1.0,Independent House,Semi-Furnished,High,2,52302
Pune,1,350.0,1.0,Apartment,Unfurnished,Low,4,30572
Hyderabad,3,1987.0,3.0,Apartment,Unfurnished,High,22,63327
Pune,2,1059.0,1.0,Apartment,Fully Furnished,Middle,17,56015
Kolkata,4,1692.0,3.0,Apartment,Fully Furnished,Middle,6,80495
Hyderabad,2,1315.0,2.0,Apartment,,Middle,5,69490
Kolkata,2,868.0,3.0,Apartment,Fully Furnished,Middle,7,55813
Bangalore,2,969.0,3.0,Independent House,Fully Furnished,Low,6,64140
Mumbai,2,1587.0,3.0,Apartment,Semi-Furnished,Low,19,84655
Ahmedabad,2,1567.0,3.0,Apartment,Unfurnished,High,28,57348
Bangalore,3,1756.0,3.0,Apartment,Unfurnished,Middle,20,65063
Ahmedabad,3,1804.0,2.0,Villa,Fully Furnished,Middle,10,86456
Mumbai,4,2430.0,5.0,Apartment,Semi-Furnished,Low,9,100453
Kolkata,5,2442.0,6.0,Apartment,Semi-Furnished,Middle,25,76064
Mumbai,2,655.0,2.0,Apartment,Fully Furnished,Low,5,62773
Ahmedabad,3,1921.0,3.0,Independent House,Semi-Furnished,High,17,70354
Ahmedabad,2,829.0,1.0,Apartment,Semi-Furnished,Ground,25,40518
Pune,3,2128.0,3.0,Apartment,Fully Furnished,Ground,5,81705
Chennai,2,914.0,3.0,Apartment,Unfurnished,Middle,9,49651
Bangalore,5,2542.0,5.0,Apartment,Semi-Furnished,Low,8,114906
Hyderabad,3,1682.0,3.0,Independent House,Semi-Furnished,Low,7,74783
Ahmedabad,4,1751.0,5.0,Independent House,Fully Furnished,Middle,11,88077
Bangalore,3,2205.0,3.0,Apartment,Fully Furnished,High,28,89232
Pune,4,2247.0,4.0,Apartment,Unfurnished,Low,20,92051
Mumbai,3,1521.0,3.0,Apartment,Unfurnished,Middle,20,75319
Pune,2,986.0,2.0,Independent House,Semi-Furnished,Middle,26,54512
Delhi,2,1132.0,2.0,Apartment,Semi-Furnished,Middle,9,63170
Delhi,2,552.0,2.0,Apartment,Semi-Furnished,Low,11,44914
Hyderabad,1,,1.0,Apartment,Unfurnished,Middle,28,36573
Pune,2,947.0,2.0,Apartment,,Middle,29,47397
Kolkata,2,1121.0,2.0,Apartment,Fully Furnished,High,25,51932
Hyderabad,2,802.0,3.0,Apartment,Semi-Furnished,High,17,52579
Kolkata,5,2136.0,5.0,Apartment,Unfurnished,Low,25,74644
Hyderabad,4,1865.0,4.0,Apartment,Semi-Furnished,Middle,18,81120
Delhi,1,708.0,1.0,Independent House,Semi-Furnished,High,27,39185
Hyderabad,2,1313.0,2.0,Apartment,Unfurnished,Middle,13,45675
Delhi,2,1318.0,3.0,Apartment,Semi-Furnished,Ground,12,61038
Ahmedabad,2,1157.0,2.0,Apartment,Unfurnished,Middle,24,37306
Mumbai,3,1370.0,4.0,Apartment,Unfurnished,Middle,6,72354
Kolkata,2,1095.0,2.0,Apartment,Semi-Furnished,Low,26,39690
Pune,3,1834.0,4.0,Apartment,Semi-Furnished,Low,7,71413
Ahmedabad,4,1611.0,4.0,Independent House,Semi-Furnished,Middle,29,76862
Ahmedabad,3,1362.0,3.0,Apartment,Semi-Furnished,High,14,51695
Hyderabad,1,730.0,1.0,Independent House,Semi-Furnished,Low,26,49216
Delhi,3,1214.0,3.0,Apartment,Fully Furnished,Middle,8,76996
Bangalore,2,1089.0,2.0,Villa,Fully Furnished,Middle,2,73712
Kolkata,2,1135.0,2.0,Apartment,Unfurnished,Low,4,52569
Ahmedabad,1,535.0,1.0,Independent House,Unfurnished,High,3,39740
Hyderabad,2,866.0,2.0,Apartment,Semi-Furnished,High,19,47073
Chennai,2,1139.0,2.0,Independent House,Semi-Furnished,Low,20,46658
Mumbai,2,1110.0,3.0,Apartment,Semi-Furnished,Middle,20,68983
Mumbai,3,1695.0,2.0,Apartment,Unfurnished,High,19,74311
Bangalore,3,1968.0,3.0,Independent House,Semi-Furnished,High,5,92130
Delhi,2,1113.0,2.0,Apartment,Fully Furnished,Ground,28,51431
Hyderabad,1,559.0,1.0,Apartment,Semi-Furnished,High,22,33194
Kolkata,4,2960.0,4.0,Independent House,Unfurnished,Low,7,108672
Delhi,1,693.0,2.0,Apartment,Semi-Furnished,High,2,53974
Mumbai,4,2205.0,5.0,Apartment,Semi-Furnished,High,3,102909
Delhi,3,1665.0,4.0,Independent House,Semi-Furnished,High,16,73988
Mumbai,2,1186.0,2.0,Villa,Semi-Furnished,Low,16,71153
Delhi,2,1000.0,2.0,Apartment,Semi-Furnished,High,4,57129
Bangalore,1,350.0,1.0,Villa,Fully Furnished,Low,16,47692
Pune,2,1475.0,2.0,Apartment,Semi-Furnished,Low,24,50811
Bangalore,1,437.0,1.0,Villa,Semi-Furnished,High,11,64708
Bangalore,3,1234.0,3.0,Apartment,Semi-Furnished,Middle,2,58978
Pune,1,497.0,1.0,Apartment,Fully Furnished,Low,25,37041
Pune,2,846.0,2.0,Apartment,Semi-Furnished,Middle,24,52883
Ahmedabad,3,1876.0,4.0,Independent House,Unfurnished,High,20,64825
Ahmedabad,2,1347.0,2.0,Apartment,Semi-Furnished,Middle,1,64419
Hyderabad,1,350.0,1.0,Villa,Semi-Furnished,Low,24,30142
Kolkata,1,672.0,1.0,Apartment,Unfurnished,Middle,22,22177
Kolkata,1,682.0,1.0,Villa,Unfurnished,Middle,10,48953
Hyderabad,3,2391.0,3.0,Apartment,Unfurnished,Middle,5,94377
Bangalore,2,1385.0,1.0,Independent House,Unfurnished,High,16,53897
Bangalore,3,1763.0,4.0,Independent House,Unfurnished,High,28,81439
Mumbai,2,881.0,2.0,Apartment,Fully Furnished,Ground,30,64973
Mumbai,2,931.0,2.0,Apartment,Unfurnished,Low,18,62765
Kolkata,2,1298.0,2.0,Villa,Unfurnished,High,28,55385
Hyderabad,3,1281.0,3.0,Villa,Fully Furnished,Middle,12,70305
Chennai,2,931.0,2.0,Apartment,Fully Furnished,Middle,20,54787
Ahmedabad,1,564.0,2.0,Apartment,Semi-Furnished,Middle,4,28233
Chennai,2,584.0,2.0,Apartment,Semi-Furnished,High,4,47553
Hyderabad,2,1553.0,1.0,Independent House,Unfurnished,Middle,18,65505
Mumbai,2,1288.0,3.0,Apartment,Fully Furnished,High,27,67389
Kolkata,3,1437.0,4.0,Apartment,Fully Furnished,Low,14,57242
Kolkata,2,1475.0,3.0,Independent House,Semi-Furnished,Low,26,52274
Mumbai,3,1155.0,3.0,Apartment,Semi-Furnished,Ground,3,81256
Chennai,2,1317.0,3.0,Apartment,Semi-Furnished,High,30,62455
Delhi,3,1368.0,3.0,Independent House,Unfurnished,High,5,64308
Delhi,3,1807.0,2.0,Independent House,Semi-Furnished,High,2,92905
Mumbai,2,873.0,1.0,Independent House,Semi-Furnished,High,23,55524
Delhi,3,1935.0,2.0,Apartment,Unfurnished,Middle,28,78641
Pune,4,1936.0,3.0,Apartment,Semi-Furnished,Low,10,76100
Hyderabad,2,817.0,3.0,Apartment,Fully Furnished,Low,18,55397
Hyderabad,2,742.0,3.0,Studio,Semi-Furnished,High,3,47794
Mumbai,3,1303.0,3.0,Apartment,Unfurnished,Low,26,55806
Bangalore,3,1782.0,2.0,Apartment,Fully Furnished,High,21,77170
Ahmedabad,1,557.0,1.0,Independent House,Semi-Furnished,High,6,34095
Chennai,4,2574.0,3.0,Apartment,Semi-Furnished,Low,2,84239
Mumbai,1,376.0,1.0,Independent House,Semi-Furnished,Ground,24,50548
Delhi,3,1106.0,3.0,Apartment,Unfurnished,Ground,4,54769
Chennai,3,984.0,3.0,Apartment,Semi-Furnished,Ground,15,56161
Bangalore,4,2107.0,4.0,Apartment,Semi-Furnished,Middle,20,80234
Delhi,1,365.0,1.0,Apartment,Fully Furnished,Middle,24,47305
Kolkata,3,1299.0,4.0,Apartment,Semi-Furnished,Middle,29,57162
Ahmedabad,2,1201.0,2.0,Villa,Semi-Furnished,Middle,18,68364
Pune,2,1283.0,2.0,Apartment,Semi-Furnished,Ground,17,59595
Delhi,1,640.0,1.0,Studio,Semi-Furnished,Low,2,43857
Pune,3,1896.0,3.0,Studio,Fully Furnished,Low,4,81326
Chennai,2,713.0,2.0,Apartment,Semi-Furnished,Middle,6,47067
Pune,1,512.0,1.0,Apartment,Unfurnished,High,6,39919
Chennai,3,1723.0,4.0,Studio,Unfurnished,High,2,73005
Chennai,3,1460.0,3.0,Apartment,Fully Furnished,Middle,25,61213
Chennai,3,1013.0,3.0,Apartment,Fully Furnished,Low,8,65551
Chennai,4,1804.0,4.0,Apartment,Semi-Furnished,Low,7,94251
Chennai,2,1361.0,2.0,Independent House,Semi-Furnished,Low,20,60020
Delhi,4,2273.0,3.0,Apartment,Semi-Furnished,Low,17,80910
Chennai,4,2241.0,3.0,Apartment,Semi-Furnished,High,25,96433
Delhi,2,614.0,2.0,Apartment,Fully Furnished,Low,9,56719
Chennai,1,489.0,1.0,Apartment,Fully Furnished,Middle,19,36219
Pune,2,1379.0,2.0,Apartment,Semi-Furnished,High,7,51007
Kolkata,2,833.0,2.0,Apartment,Fully Furnished,High,7,51223
Chennai,3,1924.0,4.0,Independent House,Unfurnished,Low,16,85331
Bangalore,3,1441.0,3.0,Apartment,Semi-Furnished,Low,28,68358
Chennai,3,2450.0,3.0,Apartment,Unfurnished,Middle,16,69510
Chennai,2,883.0,3.0,Independent House,Fully Furnished,Low,29,48233
Pune,1,,1.0,Apartment,Fully Furnished,Low,3,34406
Ahmedabad,4,1959.0,3.0,Apartment,Semi-Furnished,Ground,5,72325
Hyderabad,2,504.0,2.0,Apartment,Fully Furnished,Low,28,38588
Pune,5,2225.0,4.0,Independent House,Semi-Furnished,Low,18,80050
Bangalore,1,485.0,1.0,Apartment,Semi-Furnished,Low,30,34032
Hyderabad,4,2263.0,5.0,Studio,Semi-Furnished,Low,0,93424
Mumbai,1,913.0,1.0,Villa,Semi-Furnished,Ground,3,73810
Mumbai,2,1145.0,3.0,Apartment,Unfurnished,High,10,61936
Ahmedabad,1,575.0,1.0,Apartment,Unfurnished,Middle,5,26506
Bangalore,3,1899.0,3.0,Villa,Fully Furnished,Middle,11,108069
Pune,4,2226.0,4.0,Apartment,Fully Furnished,Low,4,86394
Delhi,2,1190.0,2.0,Apartment,Fully Furnished,High,13,54676
Bangalore,4,1597.0,3.0,Independent House,Fully Furnished,Ground,30,80417
Kolkata,3,1333.0,3.0,Apartment,Semi-Furnished,High,16,63582
Hyderabad,3,1376.0,4.0,Apartment,Fully Furnished,High,3,71179
Hyderabad,4,1464.0,4.0,Apartment,Unfurnished,Middle,14,69452
Chennai,2,640.0,3.0,Apartment,Fully Furnished,Middle,5,56172
Mumbai,2,1129.0,2.0,Apartment,Fully Furnished,Ground,12,69627
Ahmedabad,4,2176.0,3.0,Apartment,Semi-Furnished,Middle,11,80070
Hyderabad,4,2174.0,3.0,Apartment,Semi-Furnished,High,9,83382
Bangalore,5,3177.0,5.0,Apartment,Unfurnished,Ground,5,132344
Hyderabad,4,1928.0,4.0,Apartment,Fully Furnished,Low,21,89042
Ahmedabad,1,435.0,1.0,Apartment,Semi-Furnished,High,29,30423
Ahmedabad,3,1721.0,2.0,Apartment,Semi-Furnished,Middle,8,64502
Ahmedabad,2,941.0,1.0,Apartment,Semi-Furnished,Middle,30,42666
Bangalore,5,2485.0,6.0,Apartment,Fully Furnished,High,15,88375
Delhi,2,764.0,2.0,Independent House,Unfurnished,Low,7,54667
Chennai,2,931.0,2.0,Apartment,Unfurnished,Middle,6,40511
Mumbai,2,642.0,1.0,Apartment,Unfurnished,Middle,13,56379
Hyderabad,2,898.0,2.0,Apartment,Semi-Furnished,Middle,29,50065
Bangalore,1,457.0,1.0,Studio,Semi-Furnished,High,25,33091
Pune,4,1544.0,5.0,Apartment,Semi-Furnished,Middle,3,78415
Mumbai,3,1548.0,3.0,Independent House,Unfurnished,Low,2,83084
Delhi,1,573.0,1.0,Apartment,Fully Furnished,High,28,46820
Bangalore,3,1771.0,3.0,Apartment,Unfurnished,High,2,71218
Kolkata,3,1542.0,4.0,Apartment,Fully Furnished,Low,18,64685
Kolkata,2,625.0,1.0,Apartment,Fully Furnished,Middle,9,35575
Chennai,2,,1.0,Apartment,Unfurnished,Low,13,50165
Chennai,4,1973.0,4.0,Independent House,Unfurnished,Ground,20,65683
Delhi,3,1464.0,3.0,Villa,Semi-Furnished,Low,5,78668
Delhi,2,1190.0,2.0,Apartment,Unfurnished,Middle,11,56047
Chennai,3,1769.0,3.0,Studio,Semi-Furnished,Ground,11,61045
Hyderabad,1,520.0,1.0,Apartment,Unfurnished,Ground,27,16216
Hyderabad,2,948.0,3.0,Apartment,Semi-Furnished,Middle,3,52992
Bangalore,2,1339.0,2.0,Independent House,Semi-Furnished,Middle,29,60118
Pune,2,1255.0,1.0,Apartment,Semi-Furnished,Ground,9,47615
Bangalore,3,2067.0,2.0,Apartment,Semi-Furnished,Middle,30,95009
Pune,4,1979.0,3.0,Apartment,Unfurnished,Middle,28,68706
Delhi,2,910.0,2.0,Apartment,Fully Furnished,Middle,11,67423
Mumbai,2,1354.0,1.0,Apartment,Unfurnished,High,16,65316
Bangalore,3,1897.0,2.0,Apartment,Unfurnished,Middle,22,73913
Bangalore,4,2401.0,4.0,Apartment,Semi-Furnished,Middle,27,86958
Pune,3,1406.0,2.0,Apartment,Fully Furnished,Low,6,76955
Ahmedabad,4,2157.0,4.0,Apartment,Unfurnished,Low,9,80364
Delhi,2,1592.0,2.0,Apartment,Semi-Furnished,High,0,72040
Delhi,3,956.0,3.0,Apartment,Semi-Furnished,High,18,56100
Kolkata,1,384.0,1.0,Apartment,Unfurnished,Low,30,10592
Ahmedabad,2,832.0,2.0,Apartment,Fully Furnished,High,25,40285
Pune,2,948.0,2.0,Apartment,Fully Furnished,Middle,21,52365
Delhi,2,944.0,3.0,Studio,Unfurnished,Middle,19,44549
Ahmedabad,4,2169.0,4.0,Apartment,Unfurnished,Low,28,64478
Chennai,4,1379.0,3.0,Villa,Unfurnished,Middle,4,64391
Ahmedabad,1,350.0,2.0,Independent House,Fully Furnished,High,24,41809
Hyderabad,1,939.0,1.0,Studio,Semi-Furnished,Ground,25,37352
Kolkata,2,933.0,2.0,Independent House,Fully Furnished,Low,24,44604
Chennai,2,1503.0,2.0,Independent House,Semi-Furnished,Middle,5,70961
Mumbai,3,1633.0,2.0,Apartment,Unfurnished,Low,0,69540
Bangalore,4,2107.0,4.0,Villa,Semi-Furnished,Low,21,86295
Kolkata,5,2663.0,5.0,Apartment,Semi-Furnished,Low,28,113757
Mumbai,3,1404.0,2.0,Apartment,Unfurnished,High,14,65083
Bangalore,3,2078.0,3.0,Apartment,Unfurnished,Middle,1,96912
Hyderabad,2,1356.0,2.0,Apartment,Unfurnished,Low,22,43750
Ahmedabad,2,608.0,1.0,Apartment,Semi-Furnished,Low,28,22238
Delhi,2,1151.0,2.0,Independent House,Unfurnished,Low,17,62853
Chennai,2,765.0,2.0,Apartment,Fully Furnished,Middle,12,55895
Pune,3,1185.0,4.0,Apartment,Semi-Furnished,Low,1,64187
Chennai,2,1460.0,3.0,Apartment,Unfurnished,Middle,7,62613
Hyderabad,2,1198.0,3.0,Apartment,Semi-Furnished,High,26,53833
Mumbai,2,1296.0,2.0,Apartment,Semi-Furnished,High,23,74506
Pune,4,1902.0,3.0,Apartment,Semi-Furnished,Middle,4,92550
Delhi,2,984.0,1.0,Apartment,Semi-Furnished,Middle,21,47475
Hyderabad,3,1385.0,2.0,Apartment,Unfurnished,Middle,26,47856
Pune,3,1967.0,4.0,Apartment,Semi-Furnished,Ground,22,83977
Hyderabad,2,751.0,2.0,Independent House,Unfurnished,Middle,14,40987
Ahmedabad,3,1636.0,3.0,Apartment,Semi-Furnished,High,24,71131
Hyderabad,4,1533.0,5.0,Apartment,Unfurnished,High,12,69075
Delhi,2,727.0,2.0,Apartment,Semi-Furnished,Middle,22,37907
Kolkata,4,2279.0,3.0,Apartment,Fully Furnished,Low,29,95598
Bangalore,2,962.0,2.0,Apartment,Unfurnished,Low,24,53125
Pune,1,480.0,1.0,Apartment,Unfurnished,Middle,20,34844
Ahmedabad,4,1741.0,3.0,Apartment,Semi-Furnished,Middle,16,75807
Delhi,4,1655.0,3.0,Apartment,Semi-Furnished,Low,3,75595
Hyderabad,5,2629.0,5.0,Apartment,Fully Furnished,Ground,6,121326
Ahmedabad,3,2014.0,3.0,Apartment,Semi-Furnished,Ground,1,83538
Delhi,4,1548.0,5.0,Villa,Semi-Furnished,Ground,8,90813
Kolkata,3,1331.0,3.0,Apartment,Fully Furnished,High,1,50555
Ahmedabad,4,2300.0,4.0,Independent House,Semi-Furnished,Low,16,104084
Ahmedabad,3,1341.0,3.0,Apartment,Semi-Furnished,Ground,20,50784
Bangalore,2,1341.0,3.0,Apartment,Semi-Furnished,Middle,17,48058
Chennai,4,1726.0,4.0,Independent House,Semi-Furnished,Middle,5,74087
Pune,2,1565.0,3.0,Apartment,Semi-Furnished,Middle,17,67515
Bangalore,2,1288.0,2.0,Apartment,Unfurnished,High,26,61956
Mumbai,2,1203.0,2.0,Studio,Semi-Furnished,Low,21,71640
Pune,3,1296.0,3.0,Studio,Unfurnished,High,5,46179
Bangalore,2,1540.0,2.0,Studio,Semi-Furnished,High,29,68953
Hyderabad,1,411.0,1.0,Apartment,Fully Furnished,Middle,25,37082
Pune,4,1700.0,4.0,Apartment,Semi-Furnished,High,1,72927
Pune,2,1056.0,3.0,Apartment,Fully Furnished,Low,1,51994
Delhi,3,1067.0,2.0,Apartment,Semi-Furnished,Low,5,58034
Hyderabad,1,350.0,1.0,Apartment,Fully Furnished,High,8,30230
Mumbai,1,644.0,1.0,Studio,Semi-Furnished,High,29,40504
Chennai,2,687.0,2.0,Apartment,Unfurnished,Ground,29,28457
Ahmedabad,3,1671.0,4.0,Apartment,Semi-Furnished,Middle,3,79499
Kolkata,1,350.0,1.0,Apartment,Fully Furnished,High,9,29175
Bangalore,4,1882.0,4.0,Apartment,Semi-Furnished,Ground,19,79428
Delhi,2,789.0,2.0,Apartment,Semi-Furnished,Low,29,45223
Bangalore,2,691.0,2.0,Apartment,Semi-Furnished,Middle,1,64168
Mumbai,2,967.0,2.0,Apartment,Fully Furnished,Middle,12,64743
Ahmedabad,1,506.0,1.0,Independent House,Semi-Furnished,Low,3,41421
Mumbai,3,1910.0,2.0,Apartment,Semi-Furnished,High,10,96266
Pune,4,2627.0,4.0,Apartment,Unfurnished,Low,9,83550
Kolkata,3,2039.0,4.0,Apartment,Fully Furnished,Low,12,83192
Mumbai,2,877.0,2.0,Independent House,Unfurnished,High,6,74497
Bangalore,2,1382.0,,Villa,Semi-Furnished,Middle,3,78625
Hyderabad,2,957.0,2.0,Apartment,Semi-Furnished,Middle,21,47451
Hyderabad,4,1795.0,4.0,Independent House,Unfurnished,Middle,4,69749
Pune,2,762.0,3.0,Apartment,Unfurnished,Middle,6,41156
Chennai,3,1921.0,4.0,Independent House,Unfurnished,Ground,10,78985
Bangalore,2,1169.0,3.0,Villa,Semi-Furnished,Low,26,71862
Bangalore,2,1508.0,2.0,Independent House,Fully Furnished,High,2,80938
Mumbai,2,1274.0,1.0,Apartment,Fully Furnished,Middle,26,75056
Kolkata,1,932.0,1.0,Apartment,Unfurnished,Ground,12,43325
Bangalore,3,1315.0,3.0,Apartment,Unfurnished,Middle,29,53036
Delhi,2,1186.0,1.0,Apartment,Semi-Furnished,Low,27,48340
Chennai,3,1521.0,3.0,Apartment,Unfurnished,High,2,65855
Mumbai,1,419.0,2.0,Apartment,Fully Furnished,Low,4,56112
Delhi,4,2439.0,4.0,Apartment,Fully Furnished,Low,13,99149
Pune,2,1054.0,3.0,Villa,Fully Furnished,Middle,28,69704
Hyderabad,4,2273.0,5.0,Villa,Semi-Furnished,High,19,88529
Pune,3,1818.0,3.0,Independent House,Fully Furnished,Low,4,89360
Hyderabad,5,2071.0,6.0,Apartment,Semi-Furnished,High,30,88962
Pune,2,1539.0,3.0,Apartment,Fully Furnished,Low,29,49476
Bangalore,3,850.0,3.0,Apartment,Fully Furnished,Middle,16,72981
Delhi,2,1415.0,2.0,Apartment,Unfurnished,Middle,13,68925
Hyderabad,2,1263.0,1.0,Independent House,Fully Furnished,Middle,30,61719
Mumbai,2,1151.0,3.0,Apartment,Unfurnished,Ground,15,50305
Delhi,1,761.0,1.0,Apartment,Fully Furnished,Middle,19,50126
Mumbai,5,2827.0,5.0,Independent House,Unfurnished,High,5,125963
Delhi,1,723.0,1.0,Apartment,Unfurnished,High,22,37960
Delhi,3,1628.0,3.0,Apartment,Fully Furnished,Low,23,82373
Pune,3,1510.0,4.0,Apartment,Fully Furnished,Low,4,77660
Hyderabad,2,973.0,1.0,Apartment,Unfurnished,Middle,17,35359
Hyderabad,3,1575.0,4.0,Studio,Semi-Furnished,Low,17,73339
Kolkata,1,350.0,1.0,Villa,Semi-Furnished,Ground,14,39856
Delhi,2,1127.0,2.0,Apartment,Fully Furnished,High,18,58478
Bangalore,2,1051.0,2.0,Apartment,Semi-Furnished,Middle,3,59554
Bangalore,4,2367.0,4.0,Apartment,Fully Furnished,Middle,5,112217
Mumbai,3,1800.0,4.0,Studio,,Ground,20,67917
Mumbai,5,3121.0,5.0,Apartment,Fully Furnished,Low,20,106088
Pune,1,993.0,1.0,Studio,Semi-Furnished,Middle,8,48754
Delhi,2,1107.0,3.0,Apartment,Unfurnished,Middle,8,65221
Mumbai,2,791.0,3.0,Villa,Semi-Furnished,High,26,54557
Mumbai,1,350.0,2.0,Villa,Fully Furnished,Low,27,56658
Chennai,2,847.0,2.0,Villa,Fully Furnished,High,18,72392
Delhi,3,1387.0,4.0,Villa,Fully Furnished,Middle,24,76389
Ahmedabad,2,930.0,2.0,Apartment,Semi-Furnished,Low,16,42513
Pune,2,1506.0,3.0,Independent House,Unfurnished,Middle,19,65335
Mumbai,4,1483.0,4.0,Independent House,Semi-Furnished,Middle,13,87580
Pune,3,1367.0,2.0,Villa,Semi-Furnished,Low,26,60713
Hyderabad,2,778.0,3.0,Apartment,Semi-Furnished,Ground,7,49097
Pune,2,897.0,2.0,Apartment,Semi-Furnished,Low,8,54518
Ahmedabad,2,1525.0,2.0,Independent House,Unfurnished,High,20,57129
Bangalore,1,350.0,1.0,Apartment,Fully Furnished,High,1,43464
Ahmedabad,3,1589.0,3.0,Independent House,Unfurnished,Low,23,62178
Bangalore,2,1215.0,2.0,Apartment,Semi-Furnished,Middle,7,62889
Pune,4,2216.0,3.0,Apartment,Semi-Furnished,High,24,79685
Bangalore,3,1957.0,3.0,Apartment,Fully Furnished,High,21,71727
Hyderabad,3,1331.0,3.0,Villa,Fully Furnished,Middle,26,66668
Delhi,2,1362.0,1.0,Independent House,Semi-Furnished,Middle,8,64060
Bangalore,2,1490.0,2.0,Studio,Semi-Furnished,Low,12,55786
Bangalore,3,1525.0,3.0,Apartment,Semi-Furnished,Ground,25,74031
Pune,2,1427.0,1.0,Apartment,Unfurnished,Middle,9,63744
Hyderabad,2,649.0,3.0,Apartment,Unfurnished,Low,23,42772
Kolkata,2,1273.0,2.0,Apartment,Fully Furnished,Middle,12,59363
Kolkata,1,687.0,1.0,Apartment,Semi-Furnished,Low,26,33208
Kolkata,3,1576.0,3.0,Apartment,Fully Furnished,Middle,4,64761
Kolkata,2,350.0,2.0,Apartment,Fully Furnished,High,29,45615
Delhi,2,741.0,3.0,Villa,Unfurnished,Middle,14,47773
Ahmedabad,2,1257.0,1.0,Independent House,Semi-Furnished,Middle,28,39746
Pune,3,1687.0,3.0,Apartment,Semi-Furnished,Middle,19,61881
Pune,4,2124.0,4.0,Apartment,Fully Furnished,Middle,6,100309
Chennai,4,1722.0,5.0,Apartment,Fully Furnished,Middle,21,65430
Hyderabad,2,1133.0,2.0,Apartment,Semi-Furnished,Low,11,45600
Kolkata,1,521.0,1.0,Apartment,Fully Furnished,High,19,28779
Delhi,2,784.0,1.0,Apartment,Unfurnished,Ground,15,34687
Hyderabad,3,1623.0,4.0,Apartment,Semi-Furnished,High,1,81052
Kolkata,2,744.0,3.0,Studio,Unfurnished,Middle,9,22659
Delhi,3,1920.0,3.0,Apartment,Unfurnished,Middle,8,72457
Hyderabad,1,911.0,1.0,Apartment,Unfurnished,Low,19,36666
Pune,3,1867.0,4.0,Apartment,Unfurnished,Middle,2,81742
Pune,2,795.0,2.0,Apartment,Unfurnished,Ground,10,37163
Ahmedabad,3,1774.0,2.0,Apartment,Unfurnished,High,27,50559
Mumbai,2,1004.0,2.0,Apartment,Semi-Furnished,Low,9,64610
Ahmedabad,3,2319.0,4.0,Apartment,Unfurnished,Low,12,73781
Bangalore,1,505.0,1.0,Apartment,Fully Furnished,Low,21,49307
Ahmedabad,2,1077.0,3.0,Apartment,Unfurnished,Middle,1,68160
Kolkata,3,1633.0,3.0,Apartment,Semi-Furnished,Middle,15,68257
Chennai,2,897.0,2.0,Villa,Unfurnished,Low,7,49321
Hyderabad,3,1720.0,3.0,Apartment,Semi-Furnished,High,24,66138
Chennai,3,1619.0,3.0,Independent House,Semi-Furnished,Low,19,85313
Mumbai,3,1844.0,2.0,Apartment,Semi-Furnished,Middle,9,75980
Bangalore,2,1000.0,2.0,Apartment,Semi-Furnished,Low,22,58024
Hyderabad,2,624.0,2.0,Apartment,Unfurnished,Low,28,25260
Delhi,3,843.0,4.0,Apartment,Fully Furnished,Ground,16,63261
Kolkata,2,1194.0,3.0,Studio,Fully Furnished,Low,17,54017
Bangalore,3,1609.0,3.0,Apartment,Unfurnished,High,19,63403
Pune,2,942.0,1.0,Apartment,Fully Furnished,Middle,20,53390
Mumbai,2,1248.0,3.0,Independent House,Semi-Furnished,Middle,9,86163
Bangalore,2,1320.0,3.0,Apartment,Semi-Furnished,Low,29,62024
Kolkata,1,356.0,1.0,Apartment,Semi-Furnished,Middle,27,22578
Ahmedabad,2,,2.0,Independent House,Fully Furnished,Middle,27,47080
Bangalore,3,1739.0,2.0,Apartment,Unfurnished,Low,23,63625
Ahmedabad,3,1030.0,4.0,Villa,Semi-Furnished,Low,1,61140
Kolkata,2,796.0,2.0,Apartment,Unfurnished,High,1,41557
Pune,4,2007.0,4.0,Apartment,Fully Furnished,Low,30,89755
Hyderabad,2,1388.0,3.0,Studio,Unfurnished,Middle,9,51101
Delhi,4,1591.0,4.0,Villa,Semi-Furnished,High,20,93062
Pune,3,1762.0,4.0,Independent House,Semi-Furnished,Middle,1,91687
Ahmedabad,3,1070.0,3.0,Apartment,Semi-Furnished,Middle,29,37459
Ahmedabad,1,565.0,1.0,Apartment,Semi-Furnished,High,13,35736
Delhi,2,914.0,2.0,Villa,Unfurnished,Middle,18,57372
Hyderabad,1,350.0,1.0,Apartment,Unfurnished,Ground,29,21881
Bangalore,3,1705.0,2.0,Villa,Unfurnished,Low,25,80472
Delhi,2,1151.0,2.0,Independent House,Unfurnished,Low,8,50556
Mumbai,3,1565.0,3.0,Independent House,Semi-Furnished,Middle,26,88446
Mumbai,2,1111.0,3.0,Apartment,Unfurnished,Low,15,59748
Kolkata,3,2036.0,3.0,Apartment,Unfurnished,Middle,24,71116
Pune,1,732.0,1.0,Independent House,Unfurnished,High,21,40388
Ahmedabad,1,444.0,2.0,Studio,Semi-Furnished,High,24,32396
Hyderabad,2,1390.0,2.0,Villa,Unfurnished,Middle,23,67923
Kolkata,2,1255.0,2.0,Villa,Unfurnished,High,27,51281
Pune,2,1190.0,2.0,Apartment,Fully Furnished,Low,28,62409
Pune,3,1180.0,4.0,Apartment,Unfurnished,Low,2,36476
Kolkata,1,392.0,1.0,Villa,Unfurnished,High,23,37143
Chennai,2,1281.0,2.0,Apartment,Semi-Furnished,High,10,43765
Pune,3,2103.0,3.0,Apartment,Semi-Furnished,Low,22,85147
Chennai,1,617.0,1.0,Independent House,Fully Furnished,Middle,11,47392
Mumbai,4,1960.0,4.0,Independent House,Fully Furnished,High,24,116902
Mumbai,5,2320.0,5.0,Apartment,Semi-Furnished,High,6,105720
Pune,1,874.0,1.0,Apartment,Unfurnished,Middle,20,41760
Mumbai,2,1270.0,2.0,Independent House,Semi-Furnished,Low,4,90763
Hyderabad,2,958.0,1.0,Studio,Unfurnished,Low,19,33663
Chennai,3,1492.0,4.0,Apartment,Fully Furnished,High,1,82452
Chennai,3,1753.0,2.0,Independent House,Semi-Furnished,Middle,20,63025
Pune,3,1507.0,4.0,Apartment,Semi-Furnished,Middle,25,69154
Mumbai,3,894.0,3.0,Apartment,Semi-Furnished,Low,3,66710
Delhi,1,674.0,2.0,Villa,Semi-Furnished,Middle,16,49329
Ahmedabad,3,1235.0,4.0,Apartment,Semi-Furnished,Middle,17,59899
Kolkata,3,1818.0,3.0,Independent House,Unfurnished,Middle,26,76966
Kolkata,3,1661.0,3.0,Apartment,Semi-Furnished,Ground,1,72837
Chennai,4,2116.0,4.0,Apartment,Fully Furnished,Middle,8,94604
Pune,3,1817.0,3.0,Apartment,Unfurnished,Middle,17,69443
Pune,2,928.0,2.0,Apartment,Fully Furnished,High,11,47794
Hyderabad,2,1122.0,3.0,Villa,Fully Furnished,Low,9,60828
Bangalore,2,790.0,2.0,Apartment,Fully Furnished,High,6,55116
Ahmedabad,1,388.0,1.0,Independent House,Fully Furnished,Ground,29,33496
Bangalore,4,2581.0,4.0,Apartment,Fully Furnished,Middle,2,99557
Chennai,1,350.0,2.0,Apartment,Unfurnished,Ground,17,24735
Kolkata,3,1294.0,3.0,Villa,Semi-Furnished,High,23,61303
Hyderabad,2,831.0,2.0,Apartment,Semi-Furnished,Middle,27,41410
Hyderabad,1,740.0,2.0,Independent House,Unfurnished,Middle,1,48362
Hyderabad,4,1474.0,4.0,Independent House,Fully Furnished,Middle,28,78371
Chennai,4,2434.0,5.0,Independent House,Semi-Furnished,Middle,24,92100
Bangalore,2,873.0,2.0,Apartment,Semi-Furnished,Low,2,53344
Kolkata,2,1016.0,3.0,Apartment,Fully Furnished,High,14,49952
Hyderabad,1,350.0,1.0,Independent House,Unfurnished,Middle,8,25128
Kolkata,2,1288.0,3.0,Apartment,Semi-Furnished,Middle,2,55410
Mumbai,2,782.0,2.0,Apartment,Unfurnished,Low,24,49250
Pune,2,891.0,3.0,Apartment,Unfurnished,Middle,5,52759
Pune,5,1956.0,6.0,Apartment,Unfurnished,Low,10,80818
Kolkata,3,1151.0,4.0,Independent House,Semi-Furnished,High,1,73900
Delhi,4,2322.0,4.0,Apartment,Unfurnished,Low,16,89588
Delhi,3,1161.0,3.0,Apartment,Fully Furnished,Middle,30,68662
Chennai,2,1605.0,2.0,Apartment,Fully Furnished,High,2,62989
Chennai,4,2307.0,4.0,Apartment,Unfurnished,High,6,80219
Pune,2,857.0,3.0,Apartment,Fully Furnished,Low,30,41048
Mumbai,4,1891.0,3.0,Villa,Semi-Furnished,Low,9,115612
Ahmedabad,2,1156.0,2.0,Independent House,Unfurnished,Low,18,48407
Bangalore,1,391.0,2.0,Villa,Fully Furnished,Low,2,51105
Bangalore,4,2574.0,4.0,Apartment,Fully Furnished,Middle,27,97048
Chennai,3,1753.0,3.0,Apartment,Fully Furnished,Ground,22,81215
Mumbai,4,2170.0,4.0,Apartment,Semi-Furnished,Middle,22,100229
Chennai,4,2600.0,3.0,Studio,Semi-Furnished,Middle,19,73929
Ahmedabad,1,396.0,1.0,Apartment,Semi-Furnished,High,0,37124
Bangalore,2,1356.0,2.0,Villa,Semi-Furnished,Middle,9,82001
Kolkata,2,1223.0,3.0,Independent House,Semi-Furnished,Ground,12,60774
Chennai,3,1648.0,3.0,Villa,Unfurnished,Low,7,60942
Hyderabad,3,1661.0,2.0,Apartment,Unfurnished,Middle,23,69003
Kolkata,2,1117.0,3.0,Apartment,Fully Furnished,High,21,60331
Ahmedabad,2,798.0,3.0,Independent House,Semi-Furnished,Middle,26,36981
Ahmedabad,3,1950.0,2.0,Apartment,Unfurnished,High,14,72843
Chennai,1,373.0,1.0,Villa,Fully Furnished,Ground,0,35251
Pune,3,1846.0,4.0,Studio,Fully Furnished,Middle,27,80541
Chennai,3,1701.0,3.0,Apartment,Fully Furnished,Ground,25,73566
Pune,4,1506.0,4.0,Apartment,Unfurnished,Low,11,71322
Ahmedabad,2,1101.0,1.0,Independent House,Semi-Furnished,High,2,59508
Mumbai,1,350.0,1.0,Independent House,Fully Furnished,Middle,27,52568
Ahmedabad,2,642.0,3.0,Apartment,Semi-Furnished,Low,29,30902
Bangalore,1,701.0,1.0,Villa,Semi-Furnished,High,27,46658
Kolkata,5,2421.0,6.0,Apartment,Unfurnished,Middle,5,101077
Kolkata,1,726.0,1.0,Apartment,Semi-Furnished,Middle,9,37915
Delhi,3,1551.0,3.0,Apartment,Semi-Furnished,Ground,5,73879
Delhi,2,1351.0,2.0,Apartment,Semi-Furnished,High,16,57462
Ahmedabad,2,882.0,2.0,Studio,Fully Furnished,Middle,26,45616
Bangalore,1,359.0,1.0,Villa,Unfurnished,High,6,39883
Delhi,3,1418.0,3.0,Independent House,Semi-Furnished,High,26,65012
Kolkata,3,1250.0,2.0,Villa,Fully Furnished,Low,13,68341
Chennai,2,759.0,2.0,Apartment,Semi-Furnished,High,1,49812
Mumbai,4,1977.0,4.0,Apartment,Unfurnished,Low,23,97409
Mumbai,2,911.0,1.0,Villa,Semi-Furnished,Middle,13,71852
Bangalore,2,1062.0,1.0,Apartment,Unfurnished,Middle,5,62169
Ahmedabad,2,1189.0,3.0,Apartment,Semi-Furnished,Middle,0,40940
Delhi,1,552.0,1.0,Villa,Unfurnished,Middle,17,47197
Chennai,4,2134.0,4.0,Apartment,Semi-Furnished,Low,5,76104
Mumbai,2,1249.0,2.0,Apartment,Fully Furnished,High,17,76265
Mumbai,1,728.0,2.0,Apartment,Fully Furnished,Ground,29,56554
Hyderabad,2,1240.0,2.0,Studio,Fully Furnished,Low,3,55200
Ahmedabad,3,1592.0,3.0,Studio,Semi-Furnished,Ground,24,53579
Hyderabad,2,1293.0,2.0,Apartment,Unfurnished,Low,13,62533
Kolkata,3,2023.0,2.0,Villa,Fully Furnished,Middle,2,86656
Mumbai,1,420.0,2.0,Independent House,Semi-Furnished,Ground,13,49968
Bangalore,2,995.0,2.0,Apartment,Semi-Furnished,Low,4,61056
Pune,3,1211.0,3.0,Apartment,Unfurnished,Ground,13,52911
Pune,1,862.0,2.0,Apartment,Unfurnished,High,18,53133
Chennai,4,2420.0,4.0,Apartment,Unfurnished,High,7,86776
Mumbai,1,908.0,1.0,Apartment,Semi-Furnished,Middle,25,51024
Mumbai,3,1849.0,4.0,Apartment,Fully Furnished,Middle,4,102065
Kolkata,2,1145.0,2.0,Studio,Semi-Furnished,High,9,48696
Mumbai,3,1127.0,3.0,Apartment,Semi-Furnished,Low,12,55864
Bangalore,1,700.0,2.0,Independent House,Fully Furnished,Middle,5,69693
Hyderabad,1,408.0,1.0,Apartment,Semi-Furnished,Low,21,28658
Mumbai,2,622.0,2.0,Apartment,Unfurnished,Middle,19,51574
Mumbai,1,350.0,2.0,Villa,Fully Furnished,High,9,66626
Kolkata,2,1253.0,1.0,Apartment,Fully Furnished,High,12,66246
Ahmedabad,2,946.0,2.0,Studio,Semi-Furnished,Middle,26,42749
Delhi,3,1862.0,3.0,Studio,Unfurnished,High,19,62019
Ahmedabad,3,1750.0,3.0,Independent House,Unfurnished,Ground,9,65065
Kolkata,3,1652.0,3.0,Apartment,Fully Furnished,High,0,75256
Ahmedabad,3,1205.0,2.0,Studio,Unfurnished,High,21,43492
Kolkata,2,480.0,3.0,Apartment,Fully Furnished,Middle,29,23344
Bangalore,2,1112.0,2.0,Studio,Semi-Furnished,Low,3,65382
Chennai,2,1419.0,2.0,Apartment,Semi-Furnished,High,12,61905
Mumbai,4,2098.0,5.0,Apartment,Unfurnished,Low,5,87644
Kolkata,2,1174.0,3.0,Independent House,Unfurnished,Low,7,57912
Kolkata,1,636.0,1.0,Apartment,Unfurnished,Middle,8,20497
Delhi,3,1948.0,4.0,Independent House,Semi-Furnished,Low,8,71285
Kolkata,2,1171.0,2.0,Apartment,Semi-Furnished,Low,29,33407
Pune,4,1895.0,5.0,Apartment,Fully Furnished,Middle,13,96374
Chennai,4,2499.0,4.0,Apartment,Semi-Furnished,Low,0,83548
Mumbai,1,599.0,2.0,Apartment,Semi-Furnished,Middle,4,51676
Mumbai,1,407.0,2.0,Apartment,,Low,27,53129
Delhi,2,800.0,2.0,Apartment,Semi-Furnished,Low,22,52282
Bangalore,3,1617.0,3.0,Apartment,Fully Furnished,Middle,16,74693
Mumbai,2,657.0,2.0,Apartment,Semi-Furnished,Middle,5,49216
Pune,3,2048.0,3.0,Apartment,Semi-Furnished,Middle,16,72883
Mumbai,3,1016.0,2.0,Apartment,Fully Furnished,High,21,67186
Pune,2,1190.0,2.0,Villa,Fully Furnished,High,22,73468
Chennai,1,492.0,2.0,Villa,Unfurnished,Middle,4,44555
Chennai,3,1913.0,3.0,Studio,Unfurnished,Middle,1,83145
Hyderabad,2,955.0,1.0,Apartment,Semi-Furnished,High,17,57549
Hyderabad,3,2047.0,3.0,Apartment,Semi-Furnished,Ground,5,87580
Pune,2,1147.0,1.0,Apartment,Fully Furnished,High,27,64227
Bangalore,3,1074.0,2.0,Villa,Unfurnished,Ground,13,65969
Mumbai,4,1564.0,3.0,Apartment,Semi-Furnished,Ground,30,82382
Kolkata,4,2026.0,3.0,Apartment,Unfurnished,Low,21,73137
Mumbai,2,1034.0,1.0,Independent House,Fully Furnished,High,0,88286
Hyderabad,2,846.0,3.0,Independent House,Unfurnished,High,10,53112
Ahmedabad,3,1895.0,3.0,Independent House,Fully Furnished,Low,9,64534
Kolkata,2,699.0,2.0,Apartment,Semi-Furnished,Middle,14,49161
Pune,2,,2.0,Apartment,Unfurnished,Middle,8,50297
Kolkata,4,2498.0,5.0,Apartment,Unfurnished,Low,6,92678
Ahmedabad,2,1194.0,2.0,Apartment,Semi-Furnished,High,11,53736
Mumbai,1,710.0,1.0,Apartment,Unfurnished,Middle,7,51287
Mumbai,1,751.0,1.0,Apartment,Fully Furnished,Middle,26,62174
Bangalore,3,1522.0,2.0,Apartment,Semi-Furnished,Middle,9,71444
Delhi,3,1621.0,2.0,Villa,Unfurnished,Ground,1,86197
Kolkata,2,873.0,2.0,Apartment,Semi-Furnished,High,21,36716
Hyderabad,2,1208.0,1.0,Studio,Fully Furnished,Ground,13,52914
Ahmedabad,2,1513.0,2.0,Independent House,Semi-Furnished,Middle,8,63788
Ahmedabad,3,1599.0,3.0,Villa,Semi-Furnished,Low,0,83471
Ahmedabad,1,469.0,1.0,Apartment,Fully Furnished,Middle,15,25879
Hyderabad,4,1927.0,5.0,Apartment,Unfurnished,Low,26,68964
Delhi,2,851.0,2.0,Apartment,Fully Furnished,High,4,58925
Mumbai,5,2903.0,5.0,Apartment,Semi-Furnished,Middle,7,138775
Bangalore,1,350.0,1.0,Apartment,Unfurnished,High,29,32036
Bangalore,3,1422.0,3.0,Apartment,Fully Furnished,High,19,66321
Hyderabad,2,1029.0,3.0,Independent House,Semi-Furnished,Low,0,59280
Bangalore,1,579.0,2.0,Apartment,Unfurnished,Middle,22,40244
Ahmedabad,4,1855.0,5.0,Independent House,Unfurnished,High,16,74433
Chennai,4,1633.0,3.0,Villa,Semi-Furnished,Low,6,69255
Delhi,2,921.0,2.0,Studio,Semi-Furnished,Ground,30,52154
Mumbai,3,1959.0,2.0,Apartment,Unfurnished,High,25,89799
Chennai,2,1130.0,2.0,Apartment,Semi-Furnished,Middle,10,61090
Delhi,4,2386.0,4.0,Apartment,Unfurnished,Middle,6,98147
Pune,2,1188.0,2.0,Apartment,Unfurnished,Middle,29,64030
Kolkata,2,1023.0,1.0,Apartment,Fully Furnished,Low,6,63373
Hyderabad,2,849.0,2.0,Studio,Unfurnished,Middle,20,41618
Ahmedabad,2,1037.0,3.0,Studio,Semi-Furnished,Middle,28,47043
Bangalore,4,2366.0,4.0,Apartment,Unfurnished,Low,3,88032
Pune,1,639.0,1.0,Independent House,Unfurnished,High,19,36510
Bangalore,1,551.0,1.0,Apartment,Unfurnished,Middle,0,42942
Chennai,3,1595.0,3.0,Apartment,Semi-Furnished,Middle,14,60510
Mumbai,3,2139.0,4.0,Independent House,Unfurnished,High,26,84024
Mumbai,2,917.0,2.0,Apartment,Unfurnished,Middle,1,52665
Mumbai,2,1086.0,2.0,Independent House,Fully Furnished,Middle,27,66352
Ahmedabad,4,2827.0,5.0,Studio,Unfurnished,Low,22,84136
Bangalore,2,975.0,1.0,Apartment,Semi-Furnished,Low,23,51214
Pune,3,1096.0,3.0,Studio,Semi-Furnished,Middle,30,50930
Mumbai,3,2007.0,3.0,Apartment,Fully Furnished,Low,23,77466
Pune,2,1088.0,2.0,Apartment,Fully Furnished,Ground,28,50191
Bangalore,4,1822.0,4.0,Apartment,Semi-Furnished,Low,8,98973
Ahmedabad,3,1409.0,3.0,Villa,Semi-Furnished,Middle,22,68404
Chennai,2,1041.0,3.0,Independent House,Semi-Furnished,High,13,48625
Ahmedabad,3,997.0,4.0,Villa,Semi-Furnished,Low,15,57549
Pune,3,1583.0,2.0,Apartment,Semi-Furnished,Middle,16,76168
Ahmedabad,3,1439.0,2.0,Apartment,Semi-Furnished,Low,23,57547
Ahmedabad,4,2183.0,5.0,Apartment,Semi-Furnished,Low,6,75339
Chennai,2,1033.0,3.0,Apartment,Unfurnished,Middle,1,44251
Bangalore,2,969.0,2.0,Apartment,Unfurnished,High,5,61189
Bangalore,2,1349.0,2.0,Apartment,Unfurnished,Middle,2,56763
Hyderabad,1,700.0,1.0,Apartment,Semi-Furnished,Middle,20,34019
Ahmedabad,1,462.0,1.0,Apartment,Semi-Furnished,Ground,5,29653
Bangalore,4,2349.0,5.0,Apartment,Fully Furnished,Low,5,88206
Bangalore,3,1933.0,4.0,Apartment,Fully Furnished,Middle,29,90475
Delhi,3,1492.0,2.0,Independent House,Fully Furnished,Middle,7,70732
Mumbai,3,1211.0,2.0,Independent House,Semi-Furnished,Low,7,87213
Hyderabad,4,2448.0,4.0,Independent House,Unfurnished,Middle,8,82763
Kolkata,2,600.0,2.0,Villa,Unfurnished,High,14,43720
Hyderabad,4,1750.0,5.0,Apartment,Unfurnished,Middle,29,61581
Hyderabad,2,727.0,2.0,Apartment,Fully Furnished,Middle,16,49444
Kolkata,4,1526.0,5.0,Apartment,Semi-Furnished,Middle,3,76752
Delhi,3,1266.0,3.0,Apartment,Unfurnished,Middle,28,56282
Ahmedabad,2,1125.0,2.0,Independent House,Unfurnished,Low,25,61466
Chennai,3,1661.0,3.0,Villa,Semi-Furnished,Low,0,76191
Bangalore,2,1193.0,1.0,Apartment,Semi-Furnished,Low,5,64256
Mumbai,1,885.0,1.0,Apartment,Semi-Furnished,High,28,59945
Pune,3,,3.0,Apartment,Fully Furnished,Ground,18,88735
Ahmedabad,2,1207.0,2.0,Apartment,Semi-Furnished,Middle,4,48664
Kolkata,1,479.0,1.0,Independent House,Unfurnished,Middle,26,29074
Chennai,4,1747.0,3.0,Independent House,Semi-Furnished,Middle,10,86024
Ahmedabad,3,1500.0,3.0,Apartment,Semi-Furnished,Middle,9,67497
Kolkata,4,2025.0,3.0,Villa,Semi-Furnished,Low,8,92859
Bangalore,3,1581.0,3.0,Apartment,Unfurnished,Ground,15,72166
Delhi,2,,2.0,Apartment,Semi-Furnished,High,18,69759
Ahmedabad,2,1130.0,2.0,Independent House,Semi-Furnished,Low,17,53662
Kolkata,3,1153.0,3.0,Studio,Fully Furnished,High,23,60223
Bangalore,5,3044.0,5.0,Studio,Semi-Furnished,Low,12,124513
Bangalore,2,1236.0,3.0,Apartment,Fully Furnished,Ground,6,62306
Delhi,4,2144.0,3.0,Apartment,Fully Furnished,Ground,16,83691
Hyderabad,4,2159.0,5.0,Apartment,Semi-Furnished,Low,8,69017
Ahmedabad,3,1102.0,2.0,Independent House,Unfurnished,Low,25,48962
Ahmedabad,4,2312.0,5.0,Independent House,Unfurnished,Middle,9,106772
Hyderabad,2,709.0,2.0,Villa,Semi-Furnished,Middle,19,49977
Mumbai,4,2482.0,4.0,Apartment,Fully Furnished,High,21,105416
Mumbai,3,1637.0,3.0,Villa,Semi-Furnished,Middle,12,79705
Hyderabad,1,568.0,1.0,Studio,Unfurnished,Middle,27,17589
Chennai,4,1959.0,4.0,Apartment,Semi-Furnished,Middle,22,84852
Pune,2,810.0,2.0,Apartment,Fully Furnished,Ground,23,44508
Bangalore,2,1001.0,3.0,Apartment,Unfurnished,Middle,15,64543
Pune,3,993.0,3.0,Apartment,Unfurnished,Low,3,47344
Bangalore,1,492.0,1.0,Independent House,Unfurnished,High,24,45400
Hyderabad,2,835.0,3.0,Apartment,Fully Furnished,Low,27,51323
Mumbai,3,1874.0,2.0,Apartment,Fully Furnished,Middle,28,74603
Chennai,1,772.0,1.0,Apartment,Semi-Furnished,Middle,9,45197
Mumbai,2,469.0,2.0,Apartment,Fully Furnished,Ground,0,47794
Pune,1,644.0,1.0,Apartment,Semi-Furnished,Low,30,25948
Mumbai,2,1295.0,2.0,Apartment,Semi-Furnished,High,29,59507
Hyderabad,3,1902.0,4.0,Independent House,Semi-Furnished,Low,7,84939
Chennai,3,1180.0,3.0,Apartment,Unfurnished,Middle,24,47932
Pune,4,1721.0,5.0,Studio,Fully Furnished,High,30,73192
Chennai,3,1408.0,3.0,Apartment,Semi-Furnished,Middle,19,53705
Ahmedabad,2,913.0,3.0,Apartment,Fully Furnished,Middle,20,62115
Bangalore,4,2167.0,5.0,Apartment,Fully Furnished,Middle,17,109126
Mumbai,3,1612.0,2.0,Independent House,Fully Furnished,Low,4,84642
Chennai,3,1165.0,4.0,Apartment,Semi-Furnished,High,10,74431
Delhi,3,1475.0,3.0,Apartment,Fully Furnished,Ground,28,82404
Ahmedabad,4,1411.0,5.0,Apartment,Unfurnished,Low,18,67710
Mumbai,3,1717.0,3.0,Apartment,Semi-Furnished,High,8,97481
Bangalore,2,903.0,3.0,Apartment,Semi-Furnished,Low,14,60120
Chennai,3,1624.0,2.0,Apartment,Unfurnished,Ground,28,53562
Pune,1,634.0,1.0,Apartment,Unfurnished,Low,4,39870
Bangalore,2,1366.0,1.0,Studio,Semi-Furnished,High,4,64522
Delhi,2,350.0,2.0,Apartment,Fully Furnished,High,22,43468
Chennai,1,596.0,1.0,Apartment,Semi-Furnished,Low,11,31221
Kolkata,1,350.0,1.0,Apartment,Fully Furnished,High,8,26242
Kolkata,1,537.0,1.0,Independent House,Unfurnished,Low,4,37496
Hyderabad,3,1346.0,2.0,Independent House,Semi-Furnished,High,9,61825
Mumbai,3,1615.0,3.0,Apartment,Fully Furnished,High,24,80901
Pune,5,2353.0,6.0,Independent House,Semi-Furnished,High,28,102518
Hyderabad,2,1061.0,2.0,Independent House,Semi-Furnished,Low,22,64877
Chennai,3,1711.0,3.0,Apartment,Unfurnished,Low,5,65014
Kolkata,4,1968.0,3.0,Apartment,Fully Furnished,Middle,9,91936
Kolkata,1,695.0,1.0,Independent House,Fully Furnished,Middle,5,52807
Kolkata,3,1633.0,2.0,Apartment,Semi-Furnished,Low,19,62608
Chennai,3,1610.0,2.0,Apartment,Semi-Furnished,Middle,9,63801
Kolkata,1,415.0,2.0,Villa,Fully Furnished,High,30,44342
Bangalore,4,1348.0,4.0,Studio,Semi-Furnished,Low,8,75940
Ahmedabad,3,2128.0,3.0,Apartment,Fully Furnished,Ground,24,72732
Chennai,1,350.0,1.0,Apartment,Semi-Furnished,Middle,2,31841
Pune,1,350.0,1.0,Apartment,Semi-Furnished,Low,10,41442
Ahmedabad,1,421.0,1.0,Apartment,Semi-Furnished,High,10,38196
Hyderabad,2,1201.0,2.0,Apartment,Unfurnished,Ground,3,61261
Pune,2,510.0,2.0,Independent House,Unfurnished,Middle,16,31379
Ahmedabad,2,1198.0,2.0,Apartment,Semi-Furnished,Ground,27,40836
Delhi,2,1096.0,1.0,Apartment,Fully Furnished,Ground,8,74442
Kolkata,4,2219.0,4.0,Apartment,Semi-Furnished,Low,30,73956
Delhi,2,979.0,1.0,Apartment,Fully Furnished,Low,5,64608
Mumbai,1,407.0,1.0,Apartment,Semi-Furnished,Low,10,48437
Mumbai,2,1070.0,2.0,Apartment,Fully Furnished,High,18,67413
Ahmedabad,2,971.0,2.0,Apartment,Fully Furnished,Low,17,41610
Delhi,2,972.0,2.0,Apartment,Fully Furnished,Low,7,65099
Chennai,2,697.0,2.0,Independent House,Semi-Furnished,High,21,48492
Pune,1,585.0,1.0,Apartment,Fully Furnished,High,29,32223
Delhi,3,1470.0,3.0,Independent House,Semi-Furnished,Middle,13,73745
Mumbai,5,2602.0,4.0,Apartment,Semi-Furnished,Ground,18,113453
Delhi,2,924.0,3.0,Apartment,Fully Furnished,High,15,64801
Chennai,2,1069.0,2.0,Apartment,Unfurnished,Middle,2,50743
Delhi,3,2021.0,2.0,Apartment,Semi-Furnished,Ground,12,81756
Pune,3,987.0,3.0,Apartment,Fully Furnished,High,23,52439
Hyderabad,2,657.0,3.0,Apartment,Unfurnished,Ground,16,37857
Chennai,4,2020.0,4.0,Apartment,Fully Furnished,Middle,18,93050
Mumbai,3,1559.0,3.0,Apartment,Semi-Furnished,Low,28,82431
Pune,2,831.0,2.0,Villa,Fully Furnished,High,4,59955
Delhi,3,1777.0,4.0,Apartment,Semi-Furnished,High,20,90695
Delhi,4,2969.0,4.0,Villa,Semi-Furnished,Middle,15,124475
Hyderabad,3,1731.0,2.0,Independent House,Semi-Furnished,Middle,29,85603
Mumbai,1,633.0,1.0,Apartment,Fully Furnished,High,13,60908
Mumbai,2,980.0,2.0,Apartment,Unfurnished,High,23,55623
Bangalore,2,1224.0,1.0,Apartment,Semi-Furnished,Middle,21,62262
Mumbai,2,1234.0,2.0,Studio,Unfurnished,Low,18,58614
Hyderabad,3,1917.0,3.0,Apartment,Fully Furnished,Low,19,79014
Kolkata,3,1177.0,3.0,Apartment,Unfurnished,Middle,3,46337
Bangalore,3,1399.0,3.0,Apartment,Unfurnished,Middle,5,65090
Bangalore,5,2426.0,5.0,Independent House,Fully Furnished,Low,8,99549
Delhi,2,994.0,1.0,Apartment,Semi-Furnished,High,7,69792
Delhi,4,1450.0,4.0,Apartment,Unfurnished,Middle,11,74510
Mumbai,3,1902.0,4.0,Independent House,Semi-Furnished,Middle,10,97375
Bangalore,2,1033.0,2.0,Studio,Semi-Furnished,Low,6,47527
Ahmedabad,3,1430.0,3.0,Studio,Fully Furnished,Low,24,75939
Delhi,1,635.0,2.0,Apartment,Semi-Furnished,Middle,24,37857
Hyderabad,3,1922.0,4.0,Villa,Unfurnished,Ground,21,82184
Ahmedabad,2,1031.0,2.0,Studio,Semi-Furnished,Ground,24,26905
Delhi,2,1054.0,2.0,Apartment,Unfurnished,Low,7,51077
Chennai,3,1377.0,3.0,Apartment,Semi-Furnished,High,9,66290
Chennai,3,2110.0,3.0,Apartment,Semi-Furnished,Low,2,93911
Delhi,2,1142.0,1.0,Apartment,Semi-Furnished,High,5,63391
Bangalore,1,832.0,1.0,Studio,Fully Furnished,Middle,10,45043
Kolkata,2,1067.0,2.0,Studio,Fully Furnished,Middle,3,47809
Kolkata,3,1606.0,4.0,Villa,Unfurnished,Middle,11,70644
Bangalore,4,1764.0,3.0,Apartment,Unfurnished,High,2,93198
Pune,4,1922.0,4.0,Independent House,Semi-Furnished,Middle,25,90238
Kolkata,2,1268.0,2.0,Independent House,Semi-Furnished,Middle,30,55932
Chennai,3,2212.0,3.0,Apartment,Semi-Furnished,Middle,20,75121
Hyderabad,2,978.0,2.0,Independent House,Fully Furnished,High,23,60647
Bangalore,3,1370.0,3.0,Villa,Fully Furnished,Ground,22,73743
Mumbai,2,1239.0,2.0,Studio,Fully Furnished,Low,9,64910
Chennai,2,421.0,1.0,Apartment,Semi-Furnished,Low,6,29877
Hyderabad,3,2024.0,4.0,Apartment,Semi-Furnished,Low,25,63081
Hyderabad,1,571.0,1.0,Studio,Unfurnished,Middle,27,27792
Bangalore,3,,3.0,Apartment,Fully Furnished,High,1,82901
Hyderabad,3,1463.0,3.0,Apartment,Unfurnished,High,27,59977
Bangalore,2,1202.0,2.0,Apartment,Unfurnished,Middle,11,60202
Kolkata,2,975.0,2.0,Apartment,Unfurnished,Ground,13,36055
Delhi,4,2204.0,3.0,Apartment,Semi-Furnished,Middle,6,77497
Chennai,3,2173.0,3.0,Independent House,Fully Furnished,Ground,16,86071
Pune,2,768.0,3.0,Apartment,Unfurnished,Low,14,44072
Delhi,2,1011.0,2.0,Apartment,Unfurnished,Low,21,61552
Chennai,3,1278.0,2.0,Studio,Unfurnished,Middle,25,42994
Bangalore,3,1986.0,2.0,Villa,Semi-Furnished,Ground,22,85357
Chennai,1,365.0,1.0,Villa,Semi-Furnished,High,25,44261
Kolkata,2,963.0,1.0,Apartment,Unfurnished,High,17,42834
Bangalore,4,2302.0,3.0,Independent House,Semi-Furnished,Ground,23,96784
Delhi,3,1618.0,3.0,Apartment,Unfurnished,Ground,23,70491
Mumbai,5,2106.0,4.0,Apartment,Fully Furnished,High,21,113038
Mumbai,3,785.0,2.0,Villa,Unfurnished,Middle,22,67213
Ahmedabad,4,1918.0,3.0,Apartment,Semi-Furnished,High,26,76007
Ahmedabad,2,952.0,2.0,Apartment,Semi-Furnished,Middle,20,41435
Chennai,3,1269.0,3.0,Villa,Semi-Furnished,Low,4,76358
Mumbai,1,350.0,1.0,Apartment,Semi-Furnished,Low,10,48015
Bangalore,3,1473.0,3.0,Apartment,Semi-Furnished,High,7,80317
Hyderabad,2,1063.0,2.0,Apartment,Unfurnished,Ground,13,42142
Bangalore,2,1088.0,2.0,Apartment,Unfurnished,High,29,46993
Hyderabad,4,2424.0,4.0,Apartment,Semi-Furnished,Middle,1,90211
Delhi,4,1937.0,4.0,Apartment,Unfurnished,Ground,19,87179
Pune,1,860.0,2.0,Apartment,Fully Furnished,Low,6,47405
Hyderabad,3,1101.0,3.0,Apartment,Semi-Furnished,Low,26,52240
Mumbai,2,1279.0,2.0,Apartment,Fully Furnished,Middle,7,78260
Bangalore,2,1070.0,2.0,Villa,Semi-Furnished,Low,3,82780
Delhi,3,1568.0,3.0,Apartment,Unfurnished,High,26,66991
Mumbai,2,1367.0,1.0,Independent House,Unfurnished,Low,9,73100
Delhi,4,2254.0,3.0,Apartment,Unfurnished,Middle,13,88894
Pune,1,674.0,1.0,Apartment,Semi-Furnished,High,21,44040
Kolkata,3,1849.0,2.0,Independent House,Unfurnished,Middle,14,75173
Bangalore,3,2266.0,3.0,Independent House,Semi-Furnished,Middle,9,93481
Chennai,2,1287.0,2.0,Apartment,Semi-Furnished,Middle,15,64955
Bangalore,2,1150.0,1.0,Apartment,Semi-Furnished,Ground,2,53925
Ahmedabad,3,1122.0,2.0,Independent House,Semi-Furnished,Low,22,53059
Pune,3,1501.0,3.0,Apartment,Unfurnished,Middle,1,65570
Bangalore,2,1303.0,2.0,Apartment,Unfurnished,High,0,64926
Ahmedabad,2,1209.0,2.0,Apartment,Fully Furnished,High,10,60462
Chennai,1,515.0,1.0,Apartment,Fully Furnished,Low,15,33742
Hyderabad,2,950.0,2.0,Independent House,Unfurnished,High,30,51919
Delhi,2,826.0,2.0,Independent House,Fully Furnished,Middle,25,67745
Chennai,1,630.0,1.0,Apartment,Semi-Furnished,Low,11,38565
Mumbai,4,1586.0,3.0,Apartment,Fully Furnished,Ground,4,93310
Pune,3,1888.0,3.0,Apartment,Semi-Furnished,Middle,28,68438
Hyderabad,4,1360.0,4.0,Apartment,Unfurnished,Middle,25,62073
Mumbai,3,1872.0,4.0,Apartment,Unfurnished,Ground,19,90099
Mumbai,4,2514.0,4.0,Apartment,Semi-Furnished,Ground,27,101608
Pune,2,1022.0,1.0,Villa,Fully Furnished,Middle,20,60638
Hyderabad,3,1868.0,3.0,Studio,Unfurnished,High,29,57356
Kolkata,5,2173.0,5.0,Apartment,Semi-Furnished,Middle,29,88209
Mumbai,3,2081.0,2.0,Apartment,Unfurnished,Low,24,89974
Mumbai,1,743.0,1.0,Apartment,Fully Furnished,Ground,14,57187
Hyderabad,3,943.0,3.0,Apartment,Semi-Furnished,High,16,60575
Bangalore,4,1641.0,5.0,Apartment,Fully Furnished,High,7,82785
Mumbai,3,1670.0,4.0,Apartment,Unfurnished,Middle,18,81048
Delhi,3,2253.0,3.0,Villa,Semi-Furnished,Ground,22,91839
Hyderabad,3,1576.0,2.0,Apartment,Semi-Furnished,High,18,76431
Mumbai,5,3150.0,5.0,Apartment,Unfurnished,Middle,11,130867
Pune,1,643.0,1.0,Apartment,Fully Furnished,High,20,42585
Chennai,3,1025.0,3.0,Villa,Fully Furnished,Low,6,70015
Delhi,2,1010.0,2.0,Apartment,Unfurnished,Middle,5,62089
Ahmedabad,3,1662.0,4.0,Apartment,Semi-Furnished,Middle,1,72470
Ahmedabad,3,1120.0,3.0,Apartment,Fully Furnished,Low,2,57903
Chennai,1,377.0,1.0,Studio,Semi-Furnished,High,8,36438
Ahmedabad,2,933.0,3.0,Independent House,Semi-Furnished,High,27,53835
Chennai,3,1508.0,4.0,Apartment,Fully Furnished,High,10,70027
Mumbai,1,414.0,1.0,Apartment,Semi-Furnished,Low,27,39769
Delhi,2,1694.0,2.0,Apartment,Semi-Furnished,Low,21,78410
Delhi,3,1315.0,3.0,Villa,Semi-Furnished,Ground,17,88542
Bangalore,2,1214.0,2.0,Independent House,Fully Furnished,High,26,79356
Chennai,2,1249.0,2.0,Apartment,Unfurnished,Low,15,54297
Delhi,4,2156.0,3.0,Independent House,Semi-Furnished,Ground,20,102849
Bangalore,2,950.0,2.0,Studio,Unfurnished,Low,9,43301
Hyderabad,2,1033.0,1.0,Apartment,Semi-Furnished,Middle,15,52280
Bangalore,3,1418.0,4.0,Apartment,Fully Furnished,Low,8,72019
Pune,3,1177.0,3.0,Apartment,Unfurnished,Low,19,42943
Kolkata,4,2650.0,3.0,Apartment,Unfurnished,Middle,1,90692
Mumbai,4,1552.0,4.0,Apartment,Semi-Furnished,Middle,17,96551
Hyderabad,3,1938.0,3.0,Apartment,Semi-Furnished,Middle,30,83696
Kolkata,2,717.0,2.0,Apartment,Semi-Furnished,Ground,15,32598
Kolkata,1,573.0,1.0,Apartment,Unfurnished,High,25,33071
Hyderabad,2,932.0,2.0,Studio,Fully Furnished,Low,19,44010
Pune,1,470.0,2.0,Apartment,Semi-Furnished,High,22,24586
Bangalore,3,1832.0,2.0,Studio,Semi-Furnished,Low,13,65432
Mumbai,3,1805.0,3.0,Studio,Unfurnished,Low,29,86764
Bangalore,1,350.0,2.0,Apartment,Semi-Furnished,Low,20,34641
Delhi,3,1891.0,4.0,Apartment,Unfurnished,Middle,22,67604
Bangalore,2,635.0,3.0,Apartment,Fully Furnished,Low,11,49546
Ahmedabad,2,543.0,2.0,Apartment,Semi-Furnished,High,3,39250
Hyderabad,3,1525.0,3.0,Apartment,Fully Furnished,Low,16,77190
Mumbai,2,1053.0,2.0,Apartment,Semi-Furnished,Low,30,66657
Bangalore,2,555.0,3.0,Independent House,Semi-Furnished,High,27,49256
Mumbai,1,535.0,1.0,Apartment,Fully Furnished,Middle,19,49243
Mumbai,2,734.0,2.0,Independent House,Semi-Furnished,Low,20,57562
Delhi,3,1539.0,2.0,Apartment,Unfurnished,Low,21,61584
Delhi,4,1878.0,4.0,Apartment,Semi-Furnished,Middle,19,95219
Hyderabad,2,1388.0,2.0,Apartment,Semi-Furnished,Low,6,75439
Pune,2,1199.0,2.0,Apartment,Semi-Furnished,Middle,27,61289
Ahmedabad,3,2170.0,4.0,Apartment,Semi-Furnished,High,3,84895
Kolkata,4,2237.0,4.0,Apartment,Semi-Furnished,Low,14,94557
Mumbai,2,1270.0,3.0,Apartment,Semi-Furnished,Low,30,63426
Pune,2,1266.0,2.0,Independent House,Unfurnished,Middle,13,52308
Kolkata,3,1720.0,2.0,Apartment,Unfurnished,Middle,19,72014
Kolkata,3,1206.0,2.0,Independent House,Semi-Furnished,Ground,21,50894
Ahmedabad,1,377.0,1.0,Apartment,Semi-Furnished,Middle,30,38547
Hyderabad,3,1237.0,3.0,Independent House,Unfurnished,Middle,0,64299
Kolkata,2,1365.0,2.0,Apartment,Fully Furnished,Middle,8,57059
Ahmedabad,2,1012.0,2.0,Apartment,Fully Furnished,Middle,21,49742
Kolkata,2,1027.0,2.0,Apartment,Fully Furnished,Middle,3,58926
Mumbai,4,2653.0,4.0,Apartment,Fully Furnished,Low,29,89501
Mumbai,2,920.0,2.0,Studio,Semi-Furnished,High,19,58919
Chennai,2,1117.0,3.0,Apartment,Semi-Furnished,High,8,49472
Pune,2,1140.0,1.0,Apartment,Semi-Furnished,Low,8,48562
Bangalore,4,2418.0,4.0,Apartment,Unfurnished,Low,21,87685
Ahmedabad,1,407.0,1.0,Apartment,Unfurnished,Middle,11,21956
Delhi,2,792.0,2.0,Apartment,Unfurnished,High,27,45248
Ahmedabad,2,1040.0,2.0,Independent House,Semi-Furnished,Low,15,54314
Bangalore,3,1666.0,4.0,Apartment,Unfurnished,Middle,4,80588
Pune,2,973.0,2.0,Apartment,Fully Furnished,Low,16,52551
Delhi,2,796.0,2.0,Apartment,Unfurnished,Middle,24,43995
Bangalore,2,1036.0,2.0,Apartment,Fully Furnished,Low,5,60879
Chennai,4,1869.0,4.0,Apartment,Fully Furnished,Middle,8,87460
Delhi,2,588.0,3.0,Studio,Unfurnished,Ground,10,33531
Mumbai,3,1491.0,3.0,Apartment,Semi-Furnished,High,1,78798
Bangalore,4,1584.0,3.0,Apartment,Fully Furnished,Middle,30,94093
Ahmedabad,4,2205.0,3.0,Villa,Fully Furnished,High,23,99612
Delhi,2,1027.0,2.0,Villa,Fully Furnished,Low,6,80850
Chennai,4,1506.0,3.0,Apartment,Fully Furnished,High,16,63207
Ahmedabad,1,350.0,1.0,Apartment,Unfurnished,Middle,10,18467
Kolkata,2,808.0,2.0,Independent House,Unfurnished,Low,21,40515
Delhi,4,2640.0,4.0,Independent House,Semi-Furnished,Low,23,87083
Delhi,2,1225.0,2.0,Apartment,Semi-Furnished,Ground,29,63649
Chennai,2,1300.0,1.0,Apartment,Unfurnished,Low,9,52878
Kolkata,2,902.0,2.0,Apartment,Unfurnished,High,25,43796
Bangalore,3,1521.0,2.0,Independent House,Semi-Furnished,Ground,0,69958
Hyderabad,2,1085.0,1.0,Apartment,Unfurnished,High,25,45338
Bangalore,3,2047.0,3.0,Independent House,Fully Furnished,Low,18,98742
Kolkata,4,1909.0,5.0,Apartment,Unfurnished,Middle,0,75723
Pune,3,1523.0,2.0,Apartment,Unfurnished,Middle,19,61316
Ahmedabad,2,889.0,1.0,Apartment,Unfurnished,Middle,19,31085
Chennai,4,2103.0,5.0,Studio,Unfurnished,Middle,5,76960
Bangalore,2,1351.0,2.0,Independent House,Semi-Furnished,Middle,15,74459
Delhi,1,579.0,1.0,Independent House,Fully Furnished,High,11,45551
Chennai,1,350.0,1.0,Apartment,Semi-Furnished,Middle,26,21737
Mumbai,3,1377.0,4.0,Independent House,Semi-Furnished,Middle,10,87400
Kolkata,1,359.0,2.0,Villa,Fully Furnished,Middle,21,51271
Ahmedabad,1,431.0,1.0,Independent House,Semi-Furnished,Low,17,39545
Bangalore,2,925.0,2.0,Independent House,Unfurnished,Ground,22,51146
Chennai,2,849.0,2.0,Apartment,Semi-Furnished,High,6,41086
Ahmedabad,3,1353.0,3.0,Independent House,Unfurnished,High,21,48797
Bangalore,3,1606.0,3.0,Apartment,Fully Furnished,High,26,84129
Chennai,3,1989.0,3.0,Apartment,Fully Furnished,High,13,89944
Delhi,2,1023.0,1.0,Studio,Semi-Furnished,Ground,24,42337
Mumbai,2,803.0,2.0,Apartment,Semi-Furnished,Middle,12,57100
Mumbai,5,2575.0,5.0,Villa,Semi-Furnished,Ground,19,128895
Pune,1,528.0,1.0,Apartment,Semi-Furnished,High,7,36420
Chennai,4,2082.0,3.0,Apartment,Semi-Furnished,Low,13,84031
Bangalore,2,1279.0,2.0,Apartment,Unfurnished,Middle,17,66340
Mumbai,4,2079.0,3.0,Apartment,Semi-Furnished,Middle,25,95260
Kolkata,2,1556.0,3.0,Independent House,Semi-Furnished,Middle,3,59855
Mumbai,2,1147.0,2.0,Apartment,Unfurnished,High,22,57784
Hyderabad,3,1540.0,3.0,Independent House,Semi-Furnished,Middle,22,62383
Hyderabad,3,966.0,3.0,Apartment,Semi-Furnished,Low,3,65839
Mumbai,2,922.0,1.0,Studio,Semi-Furnished,Low,8,54416
Chennai,2,1491.0,3.0,Apartment,Semi-Furnished,Ground,1,60737
Pune,3,459.0,3.0,Apartment,Unfurnished,High,13,34354
Mumbai,1,832.0,1.0,Studio,Semi-Furnished,Ground,11,51353
Delhi,1,350.0,2.0,Studio,Semi-Furnished,Middle,21,39357
Ahmedabad,2,1038.0,2.0,Apartment,Fully Furnished,Middle,18,44699
Bangalore,1,596.0,1.0,Studio,Semi-Furnished,Middle,17,43553
Pune,3,2070.0,3.0,Apartment,Unfurnished,Middle,26,75079
Delhi,2,1073.0,1.0,Studio,Fully Furnished,Middle,11,63067
Pune,2,1037.0,,Apartment,Fully Furnished,Low,0,52767
Delhi,2,894.0,2.0,Apartment,Unfurnished,Ground,9,53097
Bangalore,2,804.0,3.0,Independent House,Fully Furnished,High,23,61954
Bangalore,1,425.0,1.0,Villa,Semi-Furnished,Middle,1,61339
Hyderabad,1,388.0,2.0,Apartment,Fully Furnished,Low,30,34487
Chennai,1,358.0,1.0,Apartment,Semi-Furnished,Middle,13,29734
Delhi,4,3321.0,4.0,Villa,Semi-Furnished,Low,19,147004
Ahmedabad,1,618.0,1.0,Apartment,Fully Furnished,Ground,15,36104
Hyderabad,3,1730.0,3.0,Independent House,Fully Furnished,Low,18,82926
Delhi,1,350.0,1.0,Apartment,Unfurnished,Low,13,28173
Hyderabad,1,366.0,2.0,Independent House,Fully Furnished,High,28,37074
Bangalore,2,1002.0,2.0,Studio,Semi-Furnished,Low,23,46424
Pune,2,666.0,2.0,Apartment,Fully Furnished,High,13,39051
Kolkata,4,2510.0,5.0,Independent House,Unfurnished,Middle,22,90684
Hyderabad,4,2726.0,4.0,Independent House,Unfurnished,Ground,3,112097
Delhi,3,1449.0,3.0,Apartment,Semi-Furnished,Low,29,67874
Delhi,3,2014.0,3.0,Apartment,Fully Furnished,Ground,10,86403
Kolkata,2,1040.0,3.0,Villa,Semi-Furnished,Middle,29,66439
Chennai,2,1498.0,2.0,Apartment,Fully Furnished,High,26,60570
Ahmedabad,4,2094.0,4.0,Apartment,Unfurnished,Low,21,78171
Bangalore,3,1809.0,4.0,Studio,Unfurnished,Low,20,72321
Delhi,3,2018.0,4.0,Apartment,Semi-Furnished,High,1,81199
Mumbai,2,987.0,1.0,Villa,Unfurnished,High,6,71317
Pune,1,542.0,1.0,Apartment,Unfurnished,Middle,24,31098
Hyderabad,4,1758.0,4.0,Apartment,Semi-Furnished,Middle,12,79689
Chennai,2,1247.0,2.0,Apartment,Unfurnished,Middle,7,49369
Ahmedabad,2,1031.0,1.0,Apartment,Semi-Furnished,Middle,11,45216
Kolkata,1,424.0,1.0,Independent House,Unfurnished,High,6,30367
Pune,3,1239.0,2.0,Studio,Fully Furnished,Middle,26,63263
Bangalore,1,350.0,1.0,Villa,Fully Furnished,High,21,59191
Chennai,3,1749.0,4.0,Studio,Fully Furnished,Middle,28,77194
Ahmedabad,1,761.0,1.0,Independent House,Unfurnished,Middle,26,41265
Hyderabad,4,2620.0,3.0,Apartment,Fully Furnished,Middle,1,107179
Hyderabad,3,1805.0,3.0,Apartment,Semi-Furnished,Low,5,60726
Kolkata,1,457.0,2.0,Apartment,Unfurnished,Low,10,18389
Mumbai,3,1566.0,3.0,Apartment,Unfurnished,High,16,64146
Kolkata,2,961.0,3.0,Independent House,Semi-Furnished,Low,14,60830
Bangalore,1,350.0,1.0,Independent House,Semi-Furnished,Middle,21,46284
Chennai,4,1624.0,5.0,Apartment,Fully Furnished,Middle,22,83033
Chennai,2,1122.0,2.0,Apartment,Fully Furnished,High,19,58990
Delhi,2,1080.0,2.0,Apartment,Fully Furnished,Middle,25,56812
Mumbai,1,350.0,1.0,Studio,Semi-Furnished,High,10,44364
Mumbai,2,1663.0,2.0,Independent House,Semi-Furnished,High,22,83098
Chennai,4,1664.0,4.0,Independent House,Semi-Furnished,Low,8,78940
Chennai,2,1291.0,2.0,Studio,Fully Furnished,Middle,16,52517
Pune,4,2263.0,4.0,Apartment,Fully Furnished,Middle,19,90933
Ahmedabad,4,1859.0,5.0,Villa,Unfurnished,Middle,9,77558
Pune,1,350.0,1.0,Apartment,Semi-Furnished,Low,3,34862
Pune,1,425.0,1.0,Studio,Semi-Furnished,Ground,3,30014
Mumbai,4,2094.0,4.0,Apartment,Fully Furnished,Middle,15,86297
Delhi,2,1472.0,2.0,Independent House,Unfurnished,Low,0,57521
Hyderabad,1,350.0,1.0,Apartment,Semi-Furnished,Middle,22,26476
Pune,2,1218.0,2.0,Apartment,Semi-Furnished,Low,23,53555
Delhi,3,1778.0,3.0,Apartment,Unfurnished,Ground,28,61229
Kolkata,3,1221.0,2.0,Independent House,Semi-Furnished,High,26,57805
Bangalore,1,359.0,1.0,Apartment,Fully Furnished,Low,6,42118
Pune,1,586.0,1.0,Villa,Unfurnished,Low,1,41396
Kolkata,4,2084.0,4.0,Apartment,Fully Furnished,Middle,28,79964
Hyderabad,3,1868.0,3.0,Independent House,Semi-Furnished,Middle,3,79009
Bangalore,3,1127.0,3.0,Independent House,Unfurnished,Ground,1,61947
Bangalore,3,1920.0,4.0,Apartment,Fully Furnished,Middle,22,99656
Hyderabad,2,1238.0,2.0,Apartment,Fully Furnished,Middle,15,64849
Pune,3,1323.0,3.0,Apartment,Semi-Furnished,Middle,3,65374
Mumbai,2,996.0,2.0,Apartment,Unfurnished,High,22,62661
Hyderabad,2,795.0,3.0,Apartment,Unfurnished,Ground,21,35483
Hyderabad,3,1376.0,2.0,Independent House,Semi-Furnished,High,9,70731
Hyderabad,2,1085.0,2.0,Apartment,Unfurnished,High,9,46908
Bangalore,5,3053.0,5.0,Apartment,Semi-Furnished,High,2,141115
Ahmedabad,2,1309.0,2.0,Villa,Unfurnished,High,8,65969
Delhi,4,1658.0,4.0,Apartment,Fully Furnished,Ground,26,91511
Kolkata,4,2243.0,3.0,Apartment,Fully Furnished,High,30,75377
Mumbai,2,1234.0,3.0,Independent House,Fully Furnished,High,23,90711
Pune,3,1252.0,3.0,Villa,Fully Furnished,Ground,6,81035
Pune,2,766.0,2.0,Independent House,Fully Furnished,Middle,18,59445
Kolkata,4,2127.0,4.0,Apartment,Semi-Furnished,Middle,20,92534
Delhi,2,1250.0,3.0,Apartment,Fully Furnished,Middle,26,65173
Hyderabad,3,1273.0,4.0,Independent House,Semi-Furnished,High,7,61935
Ahmedabad,2,933.0,3.0,Apartment,Fully Furnished,Middle,17,52673
Mumbai,2,1143.0,2.0,Apartment,Semi-Furnished,Low,3,64877
Pune,2,1138.0,2.0,Independent House,Semi-Furnished,Low,4,63367
Kolkata,2,1000.0,3.0,Apartment,Semi-Furnished,Middle,15,60609
Chennai,3,1635.0,4.0,Independent House,,Low,17,72606
Ahmedabad,3,1653.0,3.0,Apartment,Fully Furnished,Middle,5,65053
Kolkata,3,2010.0,3.0,Apartment,Semi-Furnished,Low,22,74141
Ahmedabad,2,525.0,2.0,Apartment,Semi-Furnished,Low,23,38852
Pune,2,1154.0,1.0,Independent House,Semi-Furnished,Low,11,50165
Hyderabad,1,350.0,2.0,Apartment,Semi-Furnished,Low,19,19901
Chennai,3,1725.0,4.0,Studio,Fully Furnished,Middle,4,79456
Delhi,5,1082.0,4.0,Apartment,Fully Furnished,Ground,18,72017
Mumbai,2,1192.0,3.0,Apartment,Unfurnished,High,20,52291
Delhi,1,350.0,2.0,Independent House,Semi-Furnished,Middle,12,45108
Delhi,1,350.0,2.0,Studio,Unfurnished,Middle,21,21784
Kolkata,3,1625.0,2.0,Apartment,Unfurnished,Middle,12,57367
Ahmedabad,3,1829.0,3.0,Apartment,Unfurnished,Middle,29,64614
Mumbai,3,1674.0,3.0,Apartment,Unfurnished,Middle,3,66341
Mumbai,2,1123.0,1.0,Apartment,Semi-Furnished,High,10,70505
Pune,3,1627.0,3.0,Apartment,Fully Furnished,Low,5,87940
Pune,3,1797.0,3.0,Apartment,Semi-Furnished,High,29,87615
Mumbai,2,1120.0,2.0,Apartment,Semi-Furnished,High,8,84256
Chennai,2,910.0,1.0,Apartment,Unfurnished,High,19,37996
Bangalore,1,517.0,1.0,Apartment,Fully Furnished,Ground,28,47581
Pune,2,1146.0,3.0,Independent House,Fully Furnished,Low,29,71527
Bangalore,4,2172.0,4.0,Apartment,Semi-Furnished,Middle,6,106379
Kolkata,2,991.0,3.0,Apartment,Unfurnished,High,23,34490
Chennai,3,1624.0,3.0,Apartment,Unfurnished,Ground,11,67024
Mumbai,3,1675.0,3.0,Independent House,Semi-Furnished,Middle,9,89144
Chennai,2,757.0,2.0,Studio,Semi-Furnished,Low,2,33451
Pune,3,1647.0,3.0,Apartment,Fully Furnished,High,6,90339
Delhi,2,774.0,1.0,Independent House,Unfurnished,High,24,47205
Kolkata,2,1205.0,3.0,Apartment,Unfurnished,Low,26,53339
Mumbai,1,687.0,1.0,Independent House,Unfurnished,Ground,9,46508
Hyderabad,2,1476.0,3.0,Studio,Semi-Furnished,Middle,0,73996
Kolkata,1,393.0,1.0,Apartment,Unfurnished,Middle,11,29341
Ahmedabad,1,681.0,2.0,Apartment,Unfurnished,Middle,0,29262
Bangalore,2,1048.0,2.0,Independent House,Semi-Furnished,High,12,58420
Chennai,2,1158.0,1.0,Apartment,Unfurnished,High,6,46839
Mumbai,4,2452.0,3.0,Studio,Fully Furnished,Middle,17,110939
Kolkata,2,1092.0,3.0,Apartment,Fully Furnished,Low,7,57682
Chennai,3,1388.0,4.0,Studio,Unfurnished,Low,5,54399
Mumbai,2,1254.0,2.0,Apartment,Semi-Furnished,Middle,28,67159
Pune,3,1319.0,4.0,Studio,Unfurnished,Middle,14,53729
Kolkata,2,571.0,1.0,Independent House,Fully Furnished,Ground,17,40918
Pune,4,1468.0,5.0,Villa,Semi-Furnished,Low,3,85347
Kolkata,2,778.0,2.0,Apartment,Semi-Furnished,Middle,22,36513
Pune,3,1792.0,3.0,Apartment,Semi-Furnished,Middle,11,72770
Ahmedabad,2,1211.0,2.0,Apartment,Unfurnished,Middle,7,53301
Chennai,1,656.0,1.0,Apartment,Fully Furnished,Low,4,39064
Hyderabad,3,1692.0,3.0,Studio,Fully Furnished,Low,1,63636
Kolkata,1,633.0,1.0,Apartment,Fully Furnished,Low,17,35490
Ahmedabad,2,1100.0,3.0,Apartment,Unfurnished,High,3,59769
Kolkata,2,1142.0,3.0,Apartment,Semi-Furnished,Middle,18,59110
Pune,3,1820.0,3.0,Apartment,Semi-Furnished,Low,22,78862
Mumbai,5,2622.0,6.0,Apartment,Semi-Furnished,Low,20,97392
Kolkata,2,1344.0,2.0,Apartment,Unfurnished,Low,20,43307
Ahmedabad,3,1367.0,3.0,Apartment,Fully Furnished,Middle,25,57234
Pune,2,656.0,2.0,Apartment,Semi-Furnished,High,7,37543
Delhi,2,1643.0,2.0,Apartment,Semi-Furnished,High,29,67806
Pune,4,1863.0,4.0,Apartment,Unfurnished,High,0,74665
Chennai,4,1792.0,4.0,Villa,Semi-Furnished,Low,21,85101
Hyderabad,3,1564.0,4.0,Apartment,Unfurnished,Middle,11,69233
Delhi,2,674.0,2.0,Independent House,Fully Furnished,High,5,62047
Chennai,2,1155.0,2.0,Apartment,Unfurnished,Ground,19,50928
Chennai,2,581.0,2.0,Independent House,Unfurnished,Middle,6,40731
Chennai,2,1102.0,1.0,Apartment,Semi-Furnished,Low,29,42044
Mumbai,2,962.0,3.0,Villa,Semi-Furnished,Low,10,73320
Chennai,3,2185.0,3.0,Apartment,Semi-Furnished,Low,8,63786
Mumbai,4,1330.0,4.0,Apartment,Unfurnished,Middle,24,77423
Chennai,2,941.0,3.0,Apartment,Semi-Furnished,Middle,7,42121
Bangalore,1,564.0,1.0,Villa,Semi-Furnished,Low,16,42200
Ahmedabad,4,2351.0,4.0,Apartment,Semi-Furnished,Middle,10,84383
Delhi,1,402.0,1.0,Apartment,Semi-Furnished,Low,27,34277
Bangalore,3,1505.0,3.0,Apartment,Unfurnished,Ground,15,75056
Chennai,1,450.0,2.0,Apartment,Semi-Furnished,Middle,8,40156
Delhi,2,1278.0,2.0,Independent House,Semi-Furnished,Low,11,76753
Delhi,5,1359.0,5.0,Studio,Fully Furnished,Ground,3,72612
Kolkata,1,536.0,2.0,Apartment,Semi-Furnished,High,2,35792
Hyderabad,2,481.0,1.0,Apartment,Semi-Furnished,Middle,11,36308
Bangalore,2,1174.0,1.0,Apartment,Fully Furnished,Low,17,63357
Hyderabad,4,2905.0,4.0,Villa,Unfurnished,High,3,99881
Delhi,4,1830.0,5.0,Apartment,Semi-Furnished,Low,15,70305
Mumbai,2,1322.0,3.0,Apartment,Fully Furnished,Low,6,74764
Delhi,1,396.0,1.0,Apartment,Unfurnished,Middle,9,33733
Hyderabad,3,1144.0,3.0,Apartment,Fully Furnished,High,0,69268
Bangalore,2,1529.0,2.0,Apartment,Fully Furnished,Middle,13,73347
Chennai,3,1512.0,2.0,Studio,Unfurnished,Middle,17,55163
Kolkata,1,573.0,1.0,Independent House,Unfurnished,Low,0,23528
Kolkata,1,637.0,1.0,Studio,Unfurnished,Ground,21,22895
Kolkata,3,1481.0,3.0,Independent House,Semi-Furnished,Middle,25,52196
Chennai,2,1056.0,2.0,Apartment,Fully Furnished,Low,6,50348
Kolkata,4,1434.0,4.0,Apartment,Semi-Furnished,Ground,23,66873
Bangalore,1,590.0,2.0,Apartment,Semi-Furnished,High,17,42567
Chennai,2,915.0,2.0,Apartment,Unfurnished,Ground,16,39384
Kolkata,5,2484.0,4.0,Apartment,Semi-Furnished,Ground,10,83063
Chennai,2,1157.0,2.0,Apartment,Fully Furnished,Low,27,52474
Hyderabad,3,1864.0,4.0,Apartment,Semi-Furnished,Middle,1,92123
Ahmedabad,2,907.0,2.0,Apartment,Semi-Furnished,Middle,7,45521
Ahmedabad,3,1376.0,2.0,Studio,Unfurnished,Low,4,55614
Bangalore,3,1617.0,2.0,Apartment,Unfurnished,High,26,57543
Pune,2,1044.0,2.0,Apartment,Unfurnished,Low,30,41101
Mumbai,3,1591.0,4.0,Apartment,Unfurnished,Middle,21,75554
Kolkata,3,1550.0,3.0,Apartment,Semi-Furnished,Low,3,67093
Mumbai,2,865.0,2.0,Studio,Semi-Furnished,Low,2,49254
Chennai,2,918.0,2.0,Apartment,Fully Furnished,High,10,55823
Mumbai,3,1561.0,3.0,Apartment,Unfurnished,Middle,24,78531
Bangalore,1,538.0,1.0,Apartment,Unfurnished,Middle,20,35090
Bangalore,2,754.0,2.0,Apartment,Semi-Furnished,Low,22,46332
Delhi,2,1129.0,3.0,Apartment,Fully Furnished,Low,14,68400
Ahmedabad,2,871.0,2.0,Apartment,Semi-Furnished,Low,27,39593
Kolkata,3,1862.0,3.0,Apartment,Fully Furnished,Middle,22,76503
Delhi,2,1206.0,2.0,Studio,Unfurnished,Ground,6,59711
Mumbai,4,2412.0,5.0,Apartment,Fully Furnished,Middle,23,109747
Pune,2,1553.0,2.0,Apartment,Semi-Furnished,Middle,2,60400
Delhi,2,989.0,2.0,Apartment,Unfurnished,High,16,55563
Delhi,3,1521.0,4.0,Apartment,Unfurnished,Low,19,72367
Bangalore,2,954.0,2.0,Studio,Fully Furnished,High,16,66433
Pune,2,1158.0,2.0,Apartment,Unfurnished,Middle,19,44136
Chennai,1,450.0,1.0,Apartment,Fully Furnished,Low,10,29004
Mumbai,2,864.0,1.0,Apartment,Fully Furnished,Middle,17,61745
Delhi,2,1471.0,2.0,Apartment,Unfurnished,Ground,23,59217
Pune,5,2875.0,4.0,Apartment,Fully Furnished,High,5,129671
Ahmedabad,2,813.0,2.0,Villa,Fully Furnished,Middle,13,58503
Kolkata,4,2091.0,4.0,Apartment,Unfurnished,Middle,4,64351
Pune,3,2100.0,3.0,Apartment,,High,14,94661
Ahmedabad,2,929.0,2.0,Apartment,Fully Furnished,Middle,29,40617
Mumbai,2,1154.0,1.0,Apartment,Semi-Furnished,Middle,1,73776
Pune,4,2256.0,4.0,Apartment,Fully Furnished,Middle,25,77580
Ahmedabad,4,1544.0,3.0,Apartment,Fully Furnished,High,18,73396
Pune,1,543.0,1.0,Villa,Semi-Furnished,High,14,52605
Pune,2,878.0,2.0,Apartment,Unfurnished,High,8,48198
Kolkata,2,1028.0,3.0,Villa,Semi-Furnished,Low,30,55499
Ahmedabad,1,538.0,1.0,Apartment,Fully Furnished,Middle,4,32990
Ahmedabad,3,2153.0,3.0,Apartment,Unfurnished,Low,1,67901
Delhi,4,2814.0,4.0,Apartment,Fully Furnished,Ground,0,119427
Mumbai,2,1100.0,,Apartment,Unfurnished,Low,20,58870
Kolkata,3,1419.0,3.0,Independent House,Unfurnished,High,2,63690
Pune,3,1068.0,3.0,Apartment,Semi-Furnished,Middle,29,54214
Pune,2,1367.0,2.0,Independent House,Fully Furnished,Low,4,63314
Delhi,1,667.0,1.0,Apartment,Semi-Furnished,Middle,29,39425
Mumbai,3,970.0,2.0,Apartment,Semi-Furnished,High,23,64933
Bangalore,4,1987.0,5.0,Apartment,Unfurnished,Middle,19,87237
Kolkata,3,841.0,4.0,Apartment,Fully Furnished,High,15,56801
Delhi,1,688.0,1.0,Independent House,Semi-Furnished,High,5,60892
Mumbai,2,1416.0,3.0,Apartment,Semi-Furnished,Middle,7,83986
Kolkata,1,421.0,1.0,Apartment,Unfurnished,Ground,2,27796
Pune,3,1430.0,2.0,Villa,Semi-Furnished,Middle,25,75228
Mumbai,3,1478.0,3.0,Villa,Fully Furnished,Low,11,87940
Mumbai,1,960.0,1.0,Studio,Fully Furnished,High,23,65400
Chennai,3,1977.0,3.0,Apartment,Unfurnished,Low,0,65141
Mumbai,2,665.0,3.0,Apartment,Unfurnished,Low,25,39887
Bangalore,3,2062.0,3.0,Apartment,Fully Furnished,Middle,19,91204
Mumbai,5,3382.0,5.0,Apartment,Semi-Furnished,Ground,21,117114
Bangalore,1,350.0,2.0,Apartment,Semi-Furnished,Low,13,38854
Pune,4,2243.0,4.0,Apartment,Fully Furnished,High,10,102205
Bangalore,1,527.0,1.0,Apartment,Semi-Furnished,High,19,31950
Kolkata,2,990.0,1.0,Apartment,Unfurnished,Low,6,41361
Pune,4,1972.0,4.0,Apartment,Fully Furnished,High,3,91290
Pune,4,2358.0,5.0,Apartment,Unfurnished,Ground,5,103095
Bangalore,2,1579.0,2.0,Apartment,Semi-Furnished,Middle,13,84970
Ahmedabad,3,1451.0,2.0,Apartment,Semi-Furnished,Middle,9,56102
Delhi,3,1277.0,3.0,Apartment,Semi-Furnished,Middle,29,68159
Hyderabad,3,1810.0,3.0,Villa,Fully Furnished,Low,3,79670
Ahmedabad,1,622.0,1.0,Apartment,Unfurnished,High,12,34478
Mumbai,3,1246.0,3.0,Villa,Semi-Furnished,Low,21,83942
Chennai,2,768.0,2.0,Independent House,Semi-Furnished,Middle,7,44251
Hyderabad,2,650.0,2.0,Independent House,Unfurnished,Low,17,38920
Mumbai,2,949.0,2.0,Villa,Semi-Furnished,Middle,4,72636
Ahmedabad,2,1063.0,3.0,Apartment,Semi-Furnished,Low,11,50461
Ahmedabad,4,1321.0,5.0,Apartment,Unfurnished,Low,29,59101
Mumbai,2,1097.0,1.0,Studio,Unfurnished,Middle,22,50199
Pune,4,1343.0,4.0,Apartment,Fully Furnished,Low,4,62852
Mumbai,2,870.0,2.0,Apartment,Semi-Furnished,Ground,6,68000
Chennai,3,1425.0,3.0,Independent House,Semi-Furnished,High,18,67868
Ahmedabad,3,1649.0,2.0,Studio,Semi-Furnished,High,13,58247
Mumbai,3,1877.0,3.0,Villa,Unfurnished,High,10,95680
Bangalore,3,1486.0,3.0,Apartment,Semi-Furnished,High,19,70267
Hyderabad,3,1654.0,2.0,Independent House,Unfurnished,Ground,20,62759
Bangalore,4,2422.0,5.0,Apartment,Fully Furnished,Low,27,109158
Chennai,3,1693.0,4.0,Apartment,Semi-Furnished,Middle,10,67080
Mumbai,1,642.0,1.0,Studio,Unfurnished,High,28,42302
Kolkata,4,1558.0,5.0,Studio,Unfurnished,Low,2,73622
Chennai,2,892.0,2.0,Apartment,Semi-Furnished,Middle,12,45701
Pune,2,1188.0,3.0,Apartment,Semi-Furnished,High,5,60369
Bangalore,4,1644.0,5.0,Apartment,Semi-Furnished,Low,25,71037
Bangalore,2,1215.0,2.0,Apartment,Semi-Furnished,Middle,15,53096
Delhi,3,1466.0,2.0,Villa,Semi-Furnished,Middle,27,63325
Mumbai,2,1314.0,3.0,Apartment,Unfurnished,Middle,30,52786
Pune,1,350.0,1.0,Villa,Semi-Furnished,Middle,22,41274
Kolkata,2,1167.0,1.0,Independent House,Semi-Furnished,Low,5,60446
Bangalore,1,350.0,2.0,Studio,Fully Furnished,Low,5,41310
Bangalore,3,1844.0,2.0,Apartment,Semi-Furnished,Low,20,80719
Pune,2,1140.0,2.0,Apartment,Semi-Furnished,High,5,56068
Chennai,2,1150.0,2.0,Studio,Unfurnished,Low,21,43954
Chennai,1,385.0,1.0,Apartment,Fully Furnished,High,12,39579
Mumbai,2,1124.0,3.0,Studio,Semi-Furnished,High,25,50459
Ahmedabad,3,1175.0,3.0,Apartment,Unfurnished,High,7,53092
Delhi,1,350.0,1.0,Apartment,Semi-Furnished,Low,16,32374
Bangalore,3,1034.0,3.0,Apartment,Fully Furnished,Low,1,67089
Ahmedabad,4,2003.0,3.0,Apartment,Semi-Furnished,Middle,28,85594
Ahmedabad,3,1671.0,4.0,Apartment,Fully Furnished,Low,5,63544
Delhi,3,575.0,2.0,Apartment,Semi-Furnished,Low,5,44539
Ahmedabad,1,805.0,1.0,Studio,Semi-Furnished,High,6,32625
Ahmedabad,2,1003.0,3.0,Independent House,Semi-Furnished,Low,0,61146
Chennai,4,1475.0,5.0,Villa,Semi-Furnished,High,21,83425
Chennai,3,1348.0,3.0,Studio,Unfurnished,Middle,7,65763
Hyderabad,3,2228.0,3.0,Apartment,Semi-Furnished,Middle,2,79853
Kolkata,3,2159.0,2.0,Apartment,Fully Furnished,Middle,3,68529
Mumbai,2,1097.0,1.0,Independent House,Fully Furnished,Middle,30,64709
Ahmedabad,1,618.0,2.0,Apartment,Semi-Furnished,Middle,16,30125
Hyderabad,3,1432.0,4.0,Apartment,Fully Furnished,Middle,2,75697
Kolkata,3,1599.0,3.0,Apartment,Fully Furnished,Low,29,73381
Hyderabad,2,1410.0,1.0,Apartment,Unfurnished,High,22,64163
Hyderabad,4,2328.0,3.0,Apartment,Unfurnished,Low,28,70245
Mumbai,2,1103.0,3.0,Apartment,Semi-Furnished,Middle,24,58695
Mumbai,2,798.0,1.0,Apartment,Semi-Furnished,Low,1,51014
Pune,4,1823.0,4.0,Apartment,Semi-Furnished,Middle,13,89590
Delhi,3,1557.0,3.0,Villa,Unfurnished,Ground,27,64661
Delhi,2,1069.0,3.0,Independent House,Semi-Furnished,Low,5,57492
Pune,1,356.0,2.0,Apartment,Unfurnished,High,22,25693
Pune,2,1162.0,1.0,Studio,Unfurnished,Middle,17,37120
Chennai,3,1337.0,3.0,Apartment,Unfurnished,Middle,23,59833
Kolkata,2,1071.0,2.0,Apartment,Semi-Furnished,Low,1,58883
Hyderabad,3,1607.0,4.0,Apartment,Semi-Furnished,Middle,11,77850
Ahmedabad,4,2100.0,5.0,Apartment,Semi-Furnished,High,25,85329
Pune,3,1572.0,4.0,Apartment,Semi-Furnished,Low,4,69364
Bangalore,2,675.0,2.0,Apartment,Semi-Furnished,Middle,9,62627
Delhi,3,1667.0,2.0,Apartment,Semi-Furnished,Middle,14,69211
Pune,2,1727.0,2.0,Independent House,Unfurnished,Middle,12,84499
Bangalore,1,350.0,2.0,Apartment,Unfurnished,Low,9,41665
Bangalore,1,712.0,1.0,Apartment,Unfurnished,Low,21,37266
Bangalore,2,782.0,1.0,Independent House,Unfurnished,Ground,28,37188
Chennai,4,2097.0,3.0,Independent House,Semi-Furnished,Low,16,83577
Chennai,2,1036.0,3.0,Apartment,Fully Furnished,Ground,12,63697
Ahmedabad,2,1101.0,3.0,Studio,Semi-Furnished,High,6,56877
Ahmedabad,5,3165.0,6.0,Villa,Semi-Furnished,Ground,21,113779
Bangalore,1,350.0,2.0,Apartment,Unfurnished,High,3,35394
Kolkata,3,1488.0,4.0,Independent House,Fully Furnished,Middle,1,81485
Chennai,2,798.0,3.0,Apartment,Unfurnished,Middle,21,43520
Hyderabad,1,466.0,1.0,Apartment,Unfurnished,Ground,24,24091
Bangalore,4,1716.0,4.0,Studio,Fully Furnished,Low,23,84917
Hyderabad,1,814.0,1.0,Independent House,Unfurnished,High,25,42468
Hyderabad,2,1220.0,3.0,Apartment,Unfurnished,Middle,21,65520
Bangalore,2,1230.0,2.0,Studio,Semi-Furnished,Ground,4,65810
Delhi,1,617.0,1.0,Independent House,Fully Furnished,Middle,9,52865
Kolkata,1,350.0,1.0,Apartment,Unfurnished,Low,22,21019
Bangalore,1,467.0,1.0,Independent House,Semi-Furnished,Middle,29,41803
Ahmedabad,1,611.0,1.0,Studio,Semi-Furnished,High,18,30070
Bangalore,3,1489.0,3.0,Apartment,Semi-Furnished,High,8,72357
Chennai,2,1108.0,2.0,Apartment,Fully Furnished,High,21,49234
Bangalore,2,614.0,1.0,Apartment,Unfurnished,Middle,26,39920
Delhi,2,1162.0,2.0,Apartment,Semi-Furnished,Ground,1,61119
Chennai,4,2899.0,3.0,Apartment,Unfurnished,High,20,111203
Ahmedabad,4,1793.0,4.0,Apartment,Unfurnished,Middle,24,64568
Mumbai,3,1584.0,2.0,Apartment,Semi-Furnished,High,21,72327
Mumbai,4,2618.0,4.0,Villa,Fully Furnished,Middle,8,108855
Hyderabad,2,1129.0,2.0,Independent House,Unfurnished,Low,30,48068
Kolkata,2,931.0,2.0,Apartment,Semi-Furnished,Ground,12,42244
Hyderabad,3,1435.0,2.0,Independent House,Fully Furnished,Middle,0,80190
Delhi,3,1277.0,3.0,Apartment,Unfurnished,Middle,14,53811
Pune,2,1273.0,2.0,Studio,Fully Furnished,High,29,60899
Ahmedabad,2,978.0,2.0,Apartment,Unfurnished,Ground,12,38622
Kolkata,5,2930.0,5.0,Apartment,Fully Furnished,High,13,97750
Ahmedabad,3,1391.0,3.0,Apartment,Fully Furnished,Middle,10,56176
Mumbai,2,1203.0,2.0,Apartment,Semi-Furnished,Middle,1,77812
Hyderabad,3,1767.0,3.0,Apartment,Semi-Furnished,Middle,24,79095
Ahmedabad,2,709.0,2.0,Studio,Fully Furnished,Low,24,31685
Mumbai,1,680.0,1.0,Apartment,Unfurnished,Low,0,53207
Delhi,2,998.0,1.0,Studio,Unfurnished,Ground,10,41773
Delhi,2,885.0,1.0,Independent House,Fully Furnished,Low,20,55864
Pune,1,494.0,1.0,Apartment,Semi-Furnished,Middle,21,35904
Ahmedabad,3,2210.0,4.0,Apartment,Fully Furnished,Middle,15,85800
Pune,2,1307.0,2.0,Apartment,Semi-Furnished,Middle,4,63249
Chennai,3,1725.0,3.0,Studio,Semi-Furnished,High,26,76525
Kolkata,1,765.0,1.0,Villa,Semi-Furnished,Middle,25,47006
Ahmedabad,1,828.0,1.0,Villa,Fully Furnished,High,29,42028
Delhi,4,2123.0,4.0,Apartment,Semi-Furnished,Middle,18,88728
Hyderabad,3,2092.0,4.0,Apartment,Fully Furnished,High,21,74670
Mumbai,4,2148.0,5.0,Apartment,Semi-Furnished,Middle,24,100352
Bangalore,5,3210.0,4.0,Villa,Unfurnished,Low,9,131569
Pune,2,947.0,2.0,Apartment,Fully Furnished,Middle,19,47624
Bangalore,2,1003.0,3.0,Apartment,Semi-Furnished,Low,14,62513
Ahmedabad,4,1111.0,5.0,Independent House,Fully Furnished,Low,1,66318
Hyderabad,5,3107.0,5.0,Apartment,Fully Furnished,Low,29,107230
Pune,3,1312.0,3.0,Independent House,Unfurnished,High,2,65461
Bangalore,3,1475.0,2.0,Apartment,Semi-Furnished,Middle,13,79478
Kolkata,3,1489.0,4.0,Apartment,Fully Furnished,Middle,22,63650
Hyderabad,2,1296.0,2.0,Apartment,Fully Furnished,Ground,16,51174
Mumbai,3,1238.0,3.0,Independent House,Semi-Furnished,Low,6,86258
Kolkata,3,978.0,3.0,Apartment,Fully Furnished,High,13,61906
Hyderabad,3,1022.0,3.0,Apartment,Fully Furnished,Middle,25,61310
Chennai,1,353.0,1.0,Apartment,Fully Furnished,Middle,28,41213
Pune,2,899.0,3.0,Studio,Fully Furnished,Ground,9,48605
Delhi,1,535.0,1.0,Independent House,Semi-Furnished,Low,27,38103
Mumbai,2,1374.0,1.0,Apartment,Unfurnished,Low,15,65651
Ahmedabad,4,2221.0,4.0,Apartment,Fully Furnished,Low,29,80168
Kolkata,1,430.0,2.0,Apartment,Semi-Furnished,Low,13,31998
Kolkata,2,826.0,3.0,Independent House,Unfurnished,Ground,13,49513
Bangalore,2,823.0,2.0,Independent House,Fully Furnished,High,22,70684
Pune,3,2041.0,3.0,Apartment,Semi-Furnished,Middle,9,91815
Ahmedabad,2,1390.0,2.0,Villa,Unfurnished,High,14,60712
Delhi,2,867.0,2.0,Independent House,Unfurnished,Low,25,52037
Hyderabad,1,466.0,2.0,Apartment,Fully Furnished,Low,21,37770
Delhi,2,688.0,3.0,Apartment,Fully Furnished,Middle,17,39809
Pune,2,1261.0,1.0,Villa,Semi-Furnished,Ground,0,77542
Pune,2,843.0,2.0,Independent House,Semi-Furnished,Ground,2,49493
Chennai,4,,4.0,Apartment,Semi-Furnished,Middle,8,94067
Chennai,2,842.0,3.0,Apartment,Fully Furnished,High,9,55096
Delhi,1,554.0,1.0,Studio,Semi-Furnished,Low,28,23337
Hyderabad,3,1546.0,3.0,Independent House,Semi-Furnished,High,4,71057
Delhi,2,1038.0,1.0,Studio,Semi-Furnished,Low,4,58577
Pune,3,2355.0,4.0,Independent House,Semi-Furnished,Middle,14,90619
Pune,2,1010.0,1.0,Apartment,Semi-Furnished,High,25,53679
Bangalore,3,1727.0,3.0,Apartment,Semi-Furnished,Middle,25,73676
Chennai,3,1644.0,2.0,Independent House,Semi-Furnished,High,3,72092
Ahmedabad,4,2082.0,4.0,Independent House,Unfurnished,High,3,70915
Ahmedabad,2,1101.0,3.0,Independent House,Fully Furnished,Middle,22,53974
Ahmedabad,2,1158.0,1.0,Studio,Unfurnished,Middle,26,37227
Bangalore,2,1004.0,2.0,Apartment,Fully Furnished,Middle,25,59637
Mumbai,4,2285.0,5.0,Independent House,Unfurnished,Middle,17,102412
Ahmedabad,4,2327.0,3.0,Apartment,Unfurnished,Low,28,76600
Pune,1,367.0,2.0,Villa,Semi-Furnished,Low,6,36037
Bangalore,1,568.0,1.0,Apartment,Semi-Furnished,Low,19,50448
Delhi,2,1303.0,1.0,Studio,Semi-Furnished,Middle,21,53371
Chennai,1,350.0,1.0,Apartment,Semi-Furnished,Low,29,32476
Chennai,2,725.0,1.0,Apartment,Semi-Furnished,Low,0,41637
Hyderabad,1,710.0,1.0,Apartment,Semi-Furnished,Ground,27,36399
Delhi,3,1481.0,3.0,Independent House,Fully Furnished,Low,13,84736
Hyderabad,4,2371.0,4.0,Independent House,Unfurnished,Middle,6,87495
Bangalore,5,2155.0,5.0,Independent House,Unfurnished,Low,18,98910
Kolkata,2,1144.0,2.0,Apartment,Fully Furnished,Ground,30,61222
Ahmedabad,3,1608.0,3.0,Studio,Unfurnished,Ground,8,67905
Mumbai,4,1670.0,3.0,Apartment,Fully Furnished,High,20,94903
Delhi,1,509.0,2.0,Apartment,Semi-Furnished,Ground,30,42682
Delhi,3,1501.0,3.0,Apartment,Fully Furnished,Middle,11,72971
Delhi,2,661.0,2.0,Villa,Unfurnished,Middle,21,49901
Hyderabad,2,1047.0,2.0,Independent House,Semi-Furnished,Low,9,52389
Bangalore,2,844.0,3.0,Apartment,Unfurnished,High,5,45513
Delhi,1,391.0,1.0,Apartment,Semi-Furnished,Ground,22,24862
Kolkata,3,1176.0,3.0,Apartment,Semi-Furnished,High,2,50268
Delhi,2,1305.0,1.0,Apartment,Fully Furnished,Low,10,64981
Chennai,2,1382.0,2.0,Apartment,Unfurnished,Low,0,56130
Ahmedabad,1,350.0,1.0,Apartment,Semi-Furnished,Middle,0,31431
Mumbai,4,2607.0,4.0,Apartment,Unfurnished,High,6,116266
Ahmedabad,2,803.0,2.0,Independent House,Semi-Furnished,Middle,10,40771
Chennai,3,1718.0,3.0,Independent House,Semi-Furnished,High,27,86336
Chennai,3,1707.0,3.0,Apartment,Unfurnished,Ground,9,62163
Mumbai,2,551.0,2.0,Apartment,Unfurnished,High,28,38647
Kolkata,2,1651.0,2.0,Apartment,Unfurnished,Low,1,62957
Bangalore,3,1782.0,3.0,Apartment,Unfurnished,Low,6,91743
Chennai,1,706.0,1.0,Independent House,Unfurnished,Ground,30,29839
Bangalore,1,350.0,2.0,Independent House,Fully Furnished,High,27,47988
Chennai,3,1157.0,3.0,Apartment,Unfurnished,Middle,23,54551
Pune,2,989.0,2.0,Apartment,Fully Furnished,Ground,0,57489
Mumbai,2,1554.0,,Apartment,Unfurnished,Low,4,63838
Chennai,2,1191.0,3.0,Apartment,Unfurnished,Low,25,45726
Pune,2,976.0,3.0,Apartment,Unfurnished,Ground,17,50862
Ahmedabad,3,1037.0,3.0,Apartment,Fully Furnished,Low,28,58510
Hyderabad,3,616.0,4.0,Apartment,Fully Furnished,Low,2,52763
Pune,3,1640.0,3.0,Independent House,Unfurnished,High,4,70381
Delhi,3,1641.0,4.0,Apartment,Unfurnished,High,9,78506
Chennai,2,741.0,2.0,Independent House,Fully Furnished,Low,4,50470
Pune,2,1186.0,1.0,Apartment,Fully Furnished,High,29,53626
Bangalore,2,546.0,3.0,Independent House,Semi-Furnished,Middle,17,57516
Hyderabad,2,1175.0,1.0,Apartment,Fully Furnished,Middle,13,57308
Kolkata,5,2563.0,5.0,Apartment,Fully Furnished,Middle,3,119653
Chennai,3,1440.0,4.0,Apartment,Fully Furnished,High,6,74538
Delhi,1,840.0,1.0,Studio,Semi-Furnished,Low,21,35077
Kolkata,1,384.0,1.0,Apartment,Unfurnished,Low,30,15408
Pune,1,850.0,1.0,Apartment,Semi-Furnished,Middle,18,49990
Kolkata,2,1538.0,1.0,Studio,Unfurnished,High,28,59841
Kolkata,1,556.0,1.0,Independent House,Unfurnished,Low,19,24207
Hyderabad,2,1104.0,1.0,Apartment,Semi-Furnished,High,27,42554
Ahmedabad,4,1757.0,4.0,Apartment,Semi-Furnished,Low,6,79667
Kolkata,3,2024.0,3.0,Independent House,Semi-Furnished,Low,10,86781
Kolkata,2,1088.0,1.0,Apartment,Unfurnished,Low,16,38154
Chennai,2,1042.0,2.0,Apartment,Fully Furnished,Middle,28,59320
Ahmedabad,2,857.0,1.0,Independent House,Unfurnished,High,13,41310
Hyderabad,3,1140.0,3.0,Apartment,Fully Furnished,Middle,7,57854
Delhi,3,1935.0,3.0,Independent House,Semi-Furnished,Middle,23,82885
Pune,4,2618.0,4.0,Apartment,Unfurnished,High,18,76313
Hyderabad,2,795.0,2.0,Apartment,Fully Furnished,Ground,21,48483
Hyderabad,3,2362.0,4.0,Independent House,Unfurnished,Low,30,96443
Mumbai,1,350.0,1.0,Villa,Unfurnished,High,26,43530
Hyderabad,3,1346.0,4.0,Apartment,Unfurnished,Middle,1,55924
Ahmedabad,2,1078.0,2.0,Apartment,Semi-Furnished,Ground,7,49660
Mumbai,2,1520.0,2.0,Apartment,Fully Furnished,Middle,26,82803
Pune,3,983.0,4.0,Apartment,Fully Furnished,Ground,10,57371
Kolkata,2,841.0,2.0,Apartment,Fully Furnished,Middle,28,42925
Chennai,1,415.0,1.0,Apartment,Semi-Furnished,Middle,23,32610
Chennai,1,382.0,2.0,Apartment,Semi-Furnished,Low,18,31238
Pune,1,554.0,1.0,Apartment,Semi-Furnished,High,5,32082
Pune,1,350.0,2.0,Apartment,Unfurnished,High,10,38511
Ahmedabad,1,350.0,,Apartment,Fully Furnished,Middle,16,35101
Bangalore,2,1038.0,2.0,Apartment,Fully Furnished,Low,15,59938
Kolkata,2,814.0,1.0,Apartment,Fully Furnished,Ground,19,26207
Pune,5,2614.0,5.0,Apartment,Fully Furnished,Middle,28,111641
Hyderabad,2,962.0,3.0,Apartment,Semi-Furnished,Low,8,64471
Ahmedabad,1,931.0,1.0,Independent House,Unfurnished,Low,29,40035
Chennai,2,1121.0,3.0,Apartment,Fully Furnished,Middle,12,56830
Delhi,4,1356.0,5.0,Apartment,Fully Furnished,High,6,84876
Ahmedabad,3,1516.0,4.0,Apartment,Semi-Furnished,High,15,68873
Chennai,2,1641.0,1.0,Apartment,Fully Furnished,High,3,66206
Mumbai,3,1258.0,2.0,Apartment,Unfurnished,High,30,78653
Ahmedabad,3,2030.0,4.0,Apartment,Semi-Furnished,Middle,10,67207
Chennai,3,1646.0,3.0,Apartment,Fully Furnished,High,18,65131
Bangalore,3,1345.0,3.0,Apartment,Fully Furnished,High,13,78378
Ahmedabad,4,1625.0,5.0,Apartment,Fully Furnished,Middle,25,69582
Ahmedabad,4,2418.0,4.0,Studio,Unfurnished,High,14,83387
Kolkata,3,1996.0,3.0,Independent House,Unfurnished,High,7,88694
Pune,2,792.0,3.0,Apartment,Semi-Furnished,Low,11,41580
Kolkata,3,1481.0,3.0,Apartment,Semi-Furnished,High,10,64144
Ahmedabad,3,1452.0,4.0,Apartment,Unfurnished,Low,23,48700
Pune,1,575.0,1.0,Apartment,Semi-Furnished,High,28,27652
Chennai,5,2129.0,6.0,Independent House,Semi-Furnished,High,5,87909
Delhi,2,816.0,3.0,Apartment,Semi-Furnished,High,22,57758
Delhi,2,1339.0,3.0,Apartment,Fully Furnished,Middle,12,72790
Ahmedabad,4,2244.0,5.0,Apartment,Unfurnished,Low,17,76753
Bangalore,2,743.0,2.0,Apartment,Fully Furnished,Low,2,53787
Mumbai,2,1340.0,2.0,Independent House,Unfurnished,Low,28,72324
Chennai,1,350.0,1.0,Apartment,Fully Furnished,Low,29,30335
Pune,2,802.0,2.0,Apartment,Semi-Furnished,High,19,49092
Ahmedabad,1,350.0,1.0,Apartment,Semi-Furnished,Low,21,22090
Chennai,2,1036.0,,Apartment,Semi-Furnished,Middle,1,52487
Ahmedabad,2,1056.0,2.0,Apartment,Fully Furnished,Middle,2,59430
Bangalore,5,2220.0,5.0,Studio,Semi-Furnished,Ground,29,98154
Hyderabad,5,2715.0,6.0,Apartment,Unfurnished,Low,30,115031
Hyderabad,1,350.0,1.0,Apartment,Unfurnished,High,7,22251
Bangalore,3,1852.0,2.0,Independent House,Unfurnished,High,2,93830
Pune,1,626.0,,Apartment,Semi-Furnished,Middle,9,32309
Kolkata,1,572.0,1.0,Villa,Semi-Furnished,Ground,30,40403
Bangalore,1,350.0,2.0,Apartment,Semi-Furnished,Low,23,41251
Ahmedabad,5,3010.0,5.0,Apartment,Unfurnished,Middle,6,103716
Pune,4,2038.0,4.0,Apartment,Semi-Furnished,High,8,87737
Delhi,2,915.0,2.0,Apartment,Unfurnished,High,21,44890
Bangalore,1,807.0,1.0,Apartment,Fully Furnished,Low,28,48752
Pune,2,1277.0,3.0,Apartment,Fully Furnished,Middle,20,69445
Bangalore,2,1041.0,2.0,Apartment,Fully Furnished,Middle,17,66481
Bangalore,3,1885.0,3.0,Apartment,Semi-Furnished,Ground,26,66799
Kolkata,2,1406.0,3.0,Apartment,Semi-Furnished,Low,15,49893
Kolkata,3,1553.0,4.0,Apartment,Unfurnished,Low,16,59815
Ahmedabad,2,1257.0,2.0,Apartment,Unfurnished,Middle,19,58321
Pune,4,2100.0,3.0,Apartment,Semi-Furnished,Low,6,90393
Pune,3,1341.0,3.0,Independent House,Semi-Furnished,Middle,18,66839
Mumbai,2,1089.0,2.0,Studio,Fully Furnished,Middle,4,77359
Bangalore,3,1573.0,3.0,Apartment,Unfurnished,Middle,23,57312
Hyderabad,3,2250.0,4.0,Apartment,Semi-Furnished,Low,14,98720
Bangalore,2,864.0,2.0,Apartment,Unfurnished,Middle,1,49246
Bangalore,2,490.0,2.0,Studio,Semi-Furnished,Ground,24,37107
Pune,4,2132.0,4.0,Villa,Semi-Furnished,High,14,86637
Bangalore,1,632.0,1.0,Independent House,Fully Furnished,High,20,42876
Chennai,1,805.0,1.0,Independent House,Fully Furnished,Ground,4,48900
Bangalore,2,675.0,2.0,Independent House,Fully Furnished,Middle,13,58265
Chennai,3,1726.0,4.0,Apartment,Semi-Furnished,Low,18,54926
Kolkata,3,1894.0,4.0,Apartment,Semi-Furnished,Middle,1,60407
Hyderabad,4,1873.0,4.0,Independent House,Fully Furnished,Low,24,82257
Ahmedabad,2,1290.0,2.0,Apartment,Semi-Furnished,Low,26,53838
Pune,1,350.0,1.0,Studio,Fully Furnished,Middle,19,27881
Bangalore,3,1583.0,4.0,Apartment,Fully Furnished,Low,20,73225
Chennai,3,1283.0,4.0,Apartment,Semi-Furnished,Middle,18,61758
Chennai,1,350.0,1.0,Apartment,Unfurnished,High,5,27978
Kolkata,1,413.0,2.0,Apartment,Unfurnished,High,20,22446
Chennai,1,510.0,2.0,Apartment,Unfurnished,Low,18,19071
Ahmedabad,3,1737.0,3.0,Apartment,Fully Furnished,Middle,9,74539
Delhi,4,2645.0,4.0,Independent House,Fully Furnished,Middle,15,97649
Mumbai,3,1245.0,4.0,Apartment,Semi-Furnished,Low,29,56804
Ahmedabad,5,2683.0,5.0,Apartment,Unfurnished,Middle,16,106826
Hyderabad,1,487.0,1.0,Apartment,Semi-Furnished,High,9,39886
Ahmedabad,4,,4.0,Villa,Fully Furnished,Middle,30,102918
Kolkata,3,1414.0,2.0,Villa,Semi-Furnished,Middle,12,66723
Kolkata,2,945.0,3.0,Apartment,Unfurnished,Low,12,46427
Ahmedabad,5,2770.0,5.0,Apartment,Fully Furnished,Middle,26,108585
Bangalore,2,954.0,2.0,Studio,Semi-Furnished,High,13,54837
Delhi,4,1859.0,3.0,Apartment,Semi-Furnished,High,18,78513
Bangalore,4,1893.0,4.0,Apartment,Fully Furnished,Middle,18,97846
Bangalore,3,1315.0,3.0,Independent House,Fully Furnished,High,4,91995
Ahmedabad,3,1383.0,4.0,Apartment,Semi-Furnished,Middle,8,57131
Pune,1,458.0,2.0,Studio,Fully Furnished,Ground,14,37056
Pune,2,966.0,3.0,Apartment,Semi-Furnished,High,27,52793
Pune,2,903.0,2.0,Apartment,Semi-Furnished,Middle,11,57127
Delhi,3,1595.0,3.0,Studio,Fully Furnished,Ground,3,72408
Bangalore,3,1778.0,2.0,Apartment,Semi-Furnished,Middle,27,79732
Mumbai,4,1941.0,4.0,Apartment,Semi-Furnished,Middle,17,80327
Hyderabad,1,722.0,1.0,Villa,Semi-Furnished,Low,0,52028
Pune,3,1016.0,3.0,Apartment,Semi-Furnished,Middle,11,52846
Pune,4,1953.0,3.0,Apartment,Semi-Furnished,High,22,62617
Kolkata,3,925.0,3.0,Apartment,Fully Furnished,Low,24,52925
Bangalore,1,484.0,1.0,Apartment,Unfurnished,Middle,21,33629
Bangalore,1,727.0,1.0,Studio,Fully Furnished,Low,8,47820
Delhi,1,350.0,1.0,Apartment,Fully Furnished,Low,3,35553
Delhi,3,1254.0,3.0,Independent House,Unfurnished,High,5,73191
Pune,3,1528.0,3.0,Apartment,Semi-Furnished,High,1,82432
Bangalore,5,2453.0,5.0,Apartment,Unfurnished,Ground,10,105899
Mumbai,2,1128.0,2.0,Apartment,Unfurnished,Low,10,66718
Hyderabad,2,883.0,3.0,Studio,Fully Furnished,Low,25,42949
Ahmedabad,3,1210.0,3.0,Apartment,Semi-Furnished,Low,4,65758
Bangalore,3,954.0,3.0,Independent House,Unfurnished,Ground,22,61008
Kolkata,4,2756.0,3.0,Apartment,Semi-Furnished,Middle,27,86439
Ahmedabad,3,1302.0,3.0,Apartment,Unfurnished,Middle,5,59716
Bangalore,2,961.0,2.0,Apartment,Semi-Furnished,Low,28,48401
Chennai,3,1164.0,3.0,Apartment,Unfurnished,Low,0,41325
Delhi,4,2397.0,4.0,Apartment,Unfurnished,Middle,2,101967
Kolkata,2,1690.0,2.0,Apartment,Semi-Furnished,Ground,20,60302
Hyderabad,2,864.0,3.0,Apartment,Semi-Furnished,Low,30,33574
Pune,1,400.0,1.0,Apartment,Unfurnished,Middle,8,29208
Kolkata,1,897.0,1.0,Studio,Semi-Furnished,Middle,0,53901
Bangalore,3,1960.0,2.0,Independent House,Unfurnished,Middle,25,76350
Pune,1,548.0,2.0,Apartment,Fully Furnished,High,24,39211
Bangalore,2,863.0,3.0,Apartment,Unfurnished,High,12,49695
Pune,2,1333.0,3.0,Apartment,Fully Furnished,High,16,58454
Hyderabad,3,1420.0,4.0,Apartment,Semi-Furnished,Middle,15,64431
Delhi,2,1133.0,2.0,Apartment,Fully Furnished,Ground,30,66111
Hyderabad,3,1310.0,4.0,Apartment,Semi-Furnished,Ground,11,64043
Chennai,1,568.0,1.0,Studio,Unfurnished,Middle,29,22639
Mumbai,1,787.0,1.0,Apartment,Unfurnished,Low,1,50902
Delhi,2,866.0,2.0,Independent House,Fully Furnished,Middle,3,51701
Hyderabad,2,1454.0,1.0,Apartment,Semi-Furnished,Middle,12,58059
Chennai,2,675.0,2.0,Apartment,Unfurnished,Low,5,37479
Mumbai,1,450.0,1.0,Independent House,Semi-Furnished,High,16,50732
Chennai,4,1304.0,4.0,Studio,Unfurnished,Low,22,54724
Bangalore,3,1894.0,3.0,Apartment,Semi-Furnished,Ground,28,71270
Ahmedabad,1,701.0,2.0,Apartment,Fully Furnished,High,15,38515
Bangalore,1,350.0,2.0,Apartment,Unfurnished,Middle,24,32696
Pune,5,2128.0,5.0,Apartment,Semi-Furnished,Low,24,78872
Delhi,3,1864.0,3.0,Apartment,Semi-Furnished,High,8,82118
Bangalore,2,557.0,2.0,Studio,Semi-Furnished,High,14,42576
Kolkata,3,1826.0,3.0,Independent House,Unfurnished,Ground,1,63690
Chennai,3,1082.0,3.0,Apartment,Unfurnished,High,28,43351
Delhi,3,1231.0,3.0,Apartment,Semi-Furnished,Middle,1,64920
Ahmedabad,2,1112.0,2.0,Apartment,Fully Furnished,Middle,16,55361
Kolkata,2,793.0,2.0,Apartment,Unfurnished,Low,13,28075
Bangalore,1,375.0,1.0,Apartment,Fully Furnished,Middle,14,44911
Pune,4,1917.0,4.0,Apartment,Semi-Furnished,Low,25,76422
Hyderabad,3,965.0,3.0,Apartment,Unfurnished,Ground,1,61218
Pune,2,989.0,3.0,Apartment,Semi-Furnished,Low,2,56020
Kolkata,4,2101.0,3.0,Apartment,Semi-Furnished,Low,17,81267
Mumbai,4,1291.0,3.0,Independent House,Semi-Furnished,High,4,80051
Bangalore,5,2151.0,5.0,Apartment,Semi-Furnished,Ground,3,101419
Kolkata,4,2436.0,4.0,Apartment,Fully Furnished,Low,28,76831
Mumbai,5,2943.0,6.0,Apartment,Fully Furnished,Middle,6,110705
Mumbai,2,1445.0,2.0,Apartment,Unfurnished,Low,6,71204
Chennai,4,2023.0,3.0,Apartment,Fully Furnished,High,22,93410
Delhi,3,1350.0,2.0,Apartment,Semi-Furnished,Middle,4,72457
Chennai,2,1106.0,2.0,Independent House,Fully Furnished,Middle,27,47498
Bangalore,1,945.0,1.0,Independent House,Fully Furnished,Low,25,66967
Mumbai,5,3129.0,4.0,Independent House,Semi-Furnished,Low,19,110414
Ahmedabad,2,761.0,3.0,Apartment,Semi-Furnished,Low,14,48638
Kolkata,4,2025.0,3.0,Apartment,Unfurnished,Low,23,69874
Hyderabad,1,396.0,1.0,Apartment,Unfurnished,High,19,39722
Mumbai,1,350.0,1.0,Apartment,Unfurnished,Ground,4,51483
Kolkata,2,1322.0,2.0,Studio,Fully Furnished,High,23,54152
Ahmedabad,2,847.0,1.0,Independent House,Unfurnished,Low,13,37467
Hyderabad,3,1619.0,3.0,Apartment,Semi-Furnished,Middle,28,82497
Chennai,3,1236.0,2.0,Apartment,Fully Furnished,High,29,56909
Chennai,1,390.0,1.0,Apartment,Semi-Furnished,Middle,2,30175
Delhi,1,350.0,1.0,Villa,Semi-Furnished,Ground,22,38298
Kolkata,2,844.0,2.0,Apartment,Semi-Furnished,Middle,0,48387
Mumbai,2,873.0,2.0,Villa,Semi-Furnished,Low,1,74520
Pune,3,1231.0,,Independent House,Fully Furnished,High,27,67815
Chennai,2,770.0,1.0,Apartment,Semi-Furnished,Middle,12,42331
Chennai,1,432.0,1.0,Apartment,Semi-Furnished,Middle,29,27081
Delhi,2,863.0,2.0,Apartment,Fully Furnished,Ground,28,49150
Hyderabad,1,610.0,1.0,Apartment,Fully Furnished,High,1,44361
Delhi,1,671.0,1.0,Apartment,Unfurnished,Low,10,39644
Ahmedabad,2,1031.0,2.0,Apartment,Fully Furnished,Low,4,49782
Mumbai,4,2136.0,4.0,Apartment,Fully Furnished,High,11,94831
Kolkata,4,2384.0,5.0,Apartment,Unfurnished,Ground,17,81746
Bangalore,3,1622.0,2.0,Apartment,Fully Furnished,Middle,19,79340
Bangalore,2,859.0,2.0,Villa,Unfurnished,Ground,16,53725
Kolkata,2,952.0,3.0,Apartment,Semi-Furnished,Middle,12,41481
Hyderabad,2,621.0,2.0,Independent House,Semi-Furnished,High,5,53805
Ahmedabad,3,,3.0,Villa,Unfurnished,Low,9,76653
Chennai,5,2377.0,5.0,Apartment,Unfurnished,Low,28,97133
Hyderabad,1,717.0,1.0,Independent House,Semi-Furnished,High,0,47256
Chennai,1,426.0,1.0,Apartment,Fully Furnished,Ground,17,37956
Chennai,3,1766.0,2.0,Apartment,Semi-Furnished,Low,30,78099
Bangalore,3,1465.0,3.0,Apartment,Semi-Furnished,Middle,3,69719
Hyderabad,4,1630.0,3.0,Apartment,Semi-Furnished,Middle,3,65847
Ahmedabad,3,2051.0,3.0,Apartment,Semi-Furnished,Middle,8,69866
Delhi,4,2056.0,3.0,Independent House,Unfurnished,High,4,95052
Chennai,2,1032.0,3.0,Studio,Semi-Furnished,High,9,58159
Pune,4,2504.0,4.0,Apartment,Semi-Furnished,High,11,92227
Pune,5,2900.0,5.0,Apartment,Unfurnished,Low,19,111913
Delhi,4,2970.0,5.0,Apartment,Fully Furnished,Middle,4,124211
Pune,2,1303.0,2.0,Apartment,Semi-Furnished,High,22,59992
Mumbai,2,616.0,2.0,Apartment,Fully Furnished,Ground,24,54534
Chennai,2,597.0,2.0,Studio,Fully Furnished,Low,24,33945
Delhi,2,1384.0,2.0,Apartment,Unfurnished,High,0,62881
Hyderabad,4,2454.0,4.0,Apartment,Unfurnished,Middle,19,93666
Chennai,1,591.0,1.0,Apartment,Fully Furnished,Middle,30,27185
Delhi,2,1069.0,1.0,Villa,Semi-Furnished,Low,14,62829
Bangalore,3,1320.0,4.0,Apartment,Fully Furnished,Low,19,75434
Ahmedabad,1,350.0,2.0,Villa,Semi-Furnished,High,6,50838
Hyderabad,2,855.0,2.0,Apartment,Fully Furnished,Low,11,56678
Ahmedabad,2,880.0,2.0,Studio,Semi-Furnished,Low,13,37459
Bangalore,3,2026.0,3.0,Apartment,Unfurnished,Middle,21,95262
Chennai,1,350.0,1.0,Apartment,Fully Furnished,Low,23,33105
Hyderabad,4,2352.0,4.0,Apartment,Semi-Furnished,High,11,75897
Ahmedabad,2,887.0,1.0,Studio,Semi-Furnished,Middle,19,48067
Pune,4,2659.0,4.0,Apartment,Semi-Furnished,Middle,15,97597
Ahmedabad,2,1138.0,3.0,Apartment,Fully Furnished,Middle,27,55785
Delhi,2,628.0,3.0,Apartment,Unfurnished,Ground,23,39657
Chennai,1,845.0,1.0,Apartment,Unfurnished,Middle,10,36558
Mumbai,1,350.0,1.0,Apartment,Semi-Furnished,Low,21,39352
Ahmedabad,2,1042.0,1.0,Apartment,Fully Furnished,Middle,17,44102
Hyderabad,1,611.0,1.0,Apartment,Semi-Furnished,High,0,40123
Hyderabad,2,745.0,3.0,Independent House,Unfurnished,Low,25,34461
Kolkata,3,1989.0,3.0,Apartment,Semi-Furnished,Ground,13,86636
Ahmedabad,2,1136.0,2.0,Apartment,Semi-Furnished,Ground,12,56635
Chennai,1,599.0,2.0,Apartment,Semi-Furnished,High,24,42488
Chennai,3,1916.0,2.0,Apartment,Semi-Furnished,Middle,7,85399
Bangalore,4,3030.0,5.0,Independent House,Semi-Furnished,Middle,15,138557
Kolkata,1,803.0,1.0,Apartment,Semi-Furnished,Middle,29,39335
Ahmedabad,1,361.0,1.0,Apartment,Fully Furnished,Low,0,35149
Pune,5,2416.0,4.0,Apartment,Semi-Furnished,Ground,27,90013
Bangalore,1,612.0,1.0,Villa,Unfurnished,Low,30,34488
Kolkata,5,2001.0,6.0,Studio,Unfurnished,High,3,73495
Ahmedabad,1,530.0,1.0,Apartment,Unfurnished,Middle,15,37993
Ahmedabad,4,2539.0,4.0,Apartment,Semi-Furnished,High,12,89387
Bangalore,2,1195.0,1.0,Independent House,Semi-Furnished,Low,17,66180
Pune,4,2258.0,3.0,Apartment,Semi-Furnished,Middle,1,92614
Kolkata,2,960.0,1.0,Apartment,Unfurnished,Ground,22,33948
Ahmedabad,3,1675.0,3.0,Independent House,Semi-Furnished,Ground,9,80679
Ahmedabad,1,521.0,1.0,Apartment,Semi-Furnished,Middle,4,34828
Kolkata,2,529.0,2.0,Apartment,Unfurnished,Middle,10,42161
Mumbai,3,1542.0,4.0,Apartment,Semi-Furnished,High,1,93378
Bangalore,2,1114.0,3.0,Apartment,Fully Furnished,Ground,0,69937
Bangalore,4,1582.0,5.0,Independent House,Fully Furnished,High,16,81938
Hyderabad,2,1132.0,2.0,Apartment,Unfurnished,Middle,3,49571
Pune,4,1900.0,3.0,Apartment,Semi-Furnished,High,29,69350
Delhi,2,930.0,2.0,Villa,Semi-Furnished,Middle,19,67608
Mumbai,5,2344.0,6.0,Apartment,Unfurnished,Low,1,84562
Kolkata,4,1198.0,4.0,Independent House,Semi-Furnished,Low,17,63468
Kolkata,2,1181.0,2.0,Studio,Semi-Furnished,Middle,3,57870
Kolkata,4,1699.0,4.0,Apartment,Semi-Furnished,Ground,23,78505
Mumbai,4,1846.0,5.0,Apartment,Semi-Furnished,High,21,100863
Ahmedabad,2,927.0,1.0,Independent House,Semi-Furnished,High,0,65166
Kolkata,3,1489.0,4.0,Apartment,Semi-Furnished,High,13,65226
Kolkata,1,636.0,1.0,Apartment,Semi-Furnished,High,23,24585
Pune,3,1719.0,4.0,Studio,Unfurnished,Middle,20,63090
Chennai,1,687.0,1.0,Apartment,Fully Furnished,Middle,28,41155
Chennai,1,350.0,1.0,Apartment,Unfurnished,Middle,12,23590
Hyderabad,2,1031.0,2.0,Studio,Semi-Furnished,Low,9,44864
Hyderabad,3,1865.0,2.0,Apartment,Fully Furnished,Ground,12,67757
Kolkata,4,1147.0,4.0,Apartment,Semi-Furnished,Low,10,64209
Pune,5,2501.0,4.0,Studio,Semi-Furnished,Low,5,83103
Kolkata,2,1218.0,2.0,Apartment,Fully Furnished,High,22,58355
Hyderabad,1,773.0,1.0,Apartment,Semi-Furnished,High,25,40223
Mumbai,3,1521.0,3.0,Apartment,Semi-Furnished,High,5,83604
Mumbai,3,1681.0,3.0,Independent House,Fully Furnished,High,18,80703
Ahmedabad,2,1209.0,2.0,Apartment,Unfurnished,Ground,9,54838
Delhi,2,1410.0,1.0,Apartment,Semi-Furnished,Ground,17,57635
Chennai,2,879.0,2.0,Apartment,Fully Furnished,Middle,12,62566
Pune,2,1049.0,2.0,Apartment,Unfurnished,Ground,15,41147
Bangalore,3,1078.0,2.0,Apartment,Unfurnished,High,17,60235
Chennai,2,1056.0,3.0,Apartment,Semi-Furnished,Middle,2,61531
Bangalore,4,2145.0,4.0,Villa,Fully Furnished,High,14,108693
Delhi,2,1340.0,2.0,Apartment,Unfurnished,Low,21,66712
Delhi,2,914.0,3.0,Villa,Semi-Furnished,Middle,16,69236
Kolkata,4,2078.0,4.0,Apartment,Fully Furnished,Middle,2,95489
Hyderabad,2,898.0,2.0,Apartment,Unfurnished,Low,27,40185
Delhi,2,1242.0,2.0,Independent House,Fully Furnished,Low,29,58173
Delhi,3,1466.0,3.0,Apartment,Semi-Furnished,Middle,1,65614
Bangalore,2,862.0,1.0,Apartment,Fully Furnished,Low,26,56407
Hyderabad,4,2352.0,4.0,Apartment,Unfurnished,Middle,12,81321
Delhi,2,1091.0,2.0,Studio,Unfurnished,Middle,3,57724
Chennai,3,1931.0,3.0,Apartment,Semi-Furnished,Middle,0,88952
Ahmedabad,1,431.0,1.0,Apartment,Unfurnished,Ground,10,32922
Delhi,2,875.0,1.0,Independent House,Unfurnished,High,30,55018
Ahmedabad,5,2240.0,6.0,Villa,Fully Furnished,Ground,18,109726
Hyderabad,3,1887.0,3.0,Independent House,Unfurnished,Low,10,68035
Kolkata,1,350.0,1.0,Apartment,Semi-Furnished,Ground,19,23162
Pune,2,972.0,2.0,Apartment,Semi-Furnished,High,4,56367
Hyderabad,2,677.0,2.0,Independent House,Unfurnished,Ground,14,40119
Bangalore,3,1782.0,3.0,Independent House,Unfurnished,Low,19,65618
Pune,3,1231.0,3.0,Apartment,Semi-Furnished,Middle,28,57309
Chennai,3,908.0,3.0,Apartment,Semi-Furnished,High,4,69642
Mumbai,2,808.0,2.0,Villa,Fully Furnished,High,16,82211
Ahmedabad,3,1476.0,3.0,Apartment,Semi-Furnished,Low,7,67579
Ahmedabad,2,815.0,3.0,Apartment,Fully Furnished,Middle,1,56615
Ahmedabad,1,350.0,1.0,Independent House,Unfurnished,Low,5,33747
Hyderabad,3,1034.0,3.0,Studio,Semi-Furnished,High,17,41216
Ahmedabad,4,2119.0,4.0,Apartment,Fully Furnished,High,26,84076
Kolkata,3,969.0,4.0,Apartment,Unfurnished,Low,17,30687
Ahmedabad,3,1568.0,4.0,Apartment,Fully Furnished,Middle,13,70777
Bangalore,3,2065.0,2.0,Apartment,Semi-Furnished,Middle,23,70473
Chennai,4,2053.0,4.0,Apartment,Fully Furnished,High,2,80232
Ahmedabad,2,795.0,2.0,Apartment,Unfurnished,High,27,37520
Ahmedabad,2,864.0,2.0,Apartment,Semi-Furnished,High,23,36399
Pune,5,3688.0,4.0,Apartment,Fully Furnished,Low,1,148366
Chennai,4,1554.0,4.0,Apartment,Semi-Furnished,Middle,16,65597
Ahmedabad,2,903.0,3.0,Apartment,Semi-Furnished,Low,0,43946
Hyderabad,2,,2.0,Studio,Semi-Furnished,High,22,40682
Delhi,2,932.0,2.0,Studio,Semi-Furnished,High,7,59178
Kolkata,1,362.0,1.0,Apartment,Semi-Furnished,Middle,30,28491
Hyderabad,4,2047.0,4.0,Independent House,Semi-Furnished,Middle,0,101199
Mumbai,2,1021.0,2.0,Villa,Semi-Furnished,High,27,81021
Hyderabad,4,2446.0,3.0,Villa,Unfurnished,High,18,83166
Pune,2,1130.0,2.0,Apartment,Fully Furnished,Ground,11,65885
Pune,2,985.0,2.0,Independent House,Semi-Furnished,Middle,3,54955
Ahmedabad,1,351.0,1.0,Apartment,Semi-Furnished,Middle,30,17293
Hyderabad,3,1197.0,2.0,Apartment,Semi-Furnished,Low,30,61811
Pune,3,1332.0,2.0,Apartment,Unfurnished,Low,11,50995
Delhi,3,1354.0,2.0,Apartment,Unfurnished,Low,23,54818
Chennai,1,674.0,1.0,Independent House,Fully Furnished,Low,22,51662
Hyderabad,2,1233.0,2.0,Apartment,Semi-Furnished,Low,20,59799
Kolkata,1,423.0,2.0,Villa,Unfurnished,High,11,43640
Delhi,2,817.0,2.0,Apartment,Semi-Furnished,High,6,56771
Ahmedabad,3,1598.0,4.0,Apartment,Fully Furnished,Low,17,78226
Chennai,3,1627.0,4.0,Apartment,Fully Furnished,Low,6,76094
Kolkata,3,1391.0,3.0,Apartment,Semi-Furnished,Middle,10,76890
Ahmedabad,2,1120.0,1.0,Studio,Unfurnished,Middle,0,36619
Kolkata,2,1245.0,1.0,Apartment,Unfurnished,Low,21,38588
Ahmedabad,2,975.0,2.0,Apartment,Fully Furnished,High,7,44395
Kolkata,1,595.0,1.0,Apartment,Fully Furnished,Ground,6,33492
Chennai,4,1804.0,4.0,Apartment,Semi-Furnished,Ground,30,59307
Delhi,3,1393.0,2.0,Apartment,Fully Furnished,Middle,20,70696
Kolkata,2,1035.0,2.0,Apartment,Fully Furnished,Low,26,51467
Kolkata,1,350.0,1.0,Apartment,Unfurnished,Low,18,20232
Bangalore,4,1443.0,5.0,Independent House,Unfurnished,High,27,74700
Hyderabad,3,1702.0,2.0,Independent House,Unfurnished,Low,22,66191
Chennai,3,1359.0,3.0,Apartment,Semi-Furnished,High,8,48981
Ahmedabad,2,779.0,2.0,Studio,Semi-Furnished,Ground,26,38722
Chennai,2,825.0,2.0,Independent House,Semi-Furnished,High,9,55662
Pune,5,2449.0,4.0,Apartment,Unfurnished,High,22,90652
Ahmedabad,3,1453.0,3.0,Studio,Semi-Furnished,Middle,0,69282
Chennai,2,558.0,2.0,Villa,Unfurnished,High,25,34808
Delhi,4,2106.0,3.0,Independent House,Semi-Furnished,Middle,12,91041
Ahmedabad,3,1331.0,4.0,Apartment,Semi-Furnished,High,30,65046
Ahmedabad,2,1224.0,2.0,Apartment,Unfurnished,Low,26,47960
Chennai,2,1041.0,1.0,Studio,Semi-Furnished,High,12,33755
Ahmedabad,2,1157.0,1.0,Apartment,Fully Furnished,High,15,63071
Bangalore,1,512.0,1.0,Apartment,Fully Furnished,Middle,22,42593
Hyderabad,3,1787.0,3.0,Apartment,Unfurnished,High,25,57741
Ahmedabad,2,1442.0,2.0,Apartment,Unfurnished,Low,28,39851
Hyderabad,3,1775.0,3.0,Apartment,Semi-Furnished,Low,14,70011
Chennai,5,2739.0,5.0,Apartment,Unfurnished,Low,1,94677
Kolkata,1,350.0,1.0,Apartment,Fully Furnished,Ground,14,22631
Mumbai,2,958.0,2.0,Apartment,Semi-Furnished,Low,6,52449
Mumbai,3,961.0,3.0,Apartment,,Middle,11,75516
Kolkata,3,1468.0,3.0,Apartment,Fully Furnished,High,11,69625
Kolkata,3,1760.0,4.0,Apartment,Unfurnished,High,4,57835
Kolkata,2,1047.0,2.0,Apartment,Semi-Furnished,Middle,5,65872
Delhi,2,853.0,2.0,Apartment,Unfurnished,High,5,46913
Mumbai,3,1444.0,3.0,Apartment,Unfurnished,Low,25,59286
Kolkata,5,2959.0,4.0,Apartment,Fully Furnished,Middle,18,106250
Delhi,2,826.0,2.0,Independent House,Fully Furnished,High,14,51034
Pune,4,1535.0,4.0,Villa,Semi-Furnished,Middle,8,88536
Ahmedabad,2,970.0,1.0,Apartment,Semi-Furnished,Middle,12,44525
Delhi,5,2612.0,4.0,Apartment,Semi-Furnished,Low,2,99297
Mumbai,3,1386.0,3.0,Villa,Unfurnished,Low,14,77986
Chennai,2,1129.0,1.0,Apartment,Semi-Furnished,Low,1,54055
Pune,3,1968.0,4.0,Apartment,Fully Furnished,Middle,30,75899
Mumbai,2,785.0,2.0,Apartment,Unfurnished,Middle,1,56173
Ahmedabad,2,1110.0,2.0,Apartment,Fully Furnished,High,28,51467
Delhi,1,353.0,1.0,Apartment,Unfurnished,Middle,6,30564
Bangalore,1,405.0,1.0,Apartment,Fully Furnished,Low,26,47646
Hyderabad,2,1135.0,2.0,Apartment,Unfurnished,Middle,13,42485
Ahmedabad,3,1371.0,4.0,Apartment,Fully Furnished,Middle,12,63534
Mumbai,3,1037.0,,Apartment,Fully Furnished,High,11,86644
Kolkata,1,878.0,1.0,Apartment,Unfurnished,Ground,6,49620
Delhi,4,2460.0,5.0,Apartment,Unfurnished,Low,1,104865
Kolkata,3,1949.0,3.0,Apartment,Semi-Furnished,High,14,67353
Kolkata,5,2450.0,5.0,Apartment,Fully Furnished,Middle,3,96437
Kolkata,3,1227.0,4.0,Apartment,Semi-Furnished,Ground,20,54904
Kolkata,1,350.0,1.0,Apartment,Semi-Furnished,Low,17,32017
Kolkata,2,1460.0,2.0,Villa,Unfurnished,High,23,53473
Pune,3,2168.0,3.0,Apartment,Semi-Furnished,High,5,88614
Mumbai,1,423.0,1.0,Studio,Unfurnished,Low,29,31360
Ahmedabad,1,408.0,1.0,Apartment,Semi-Furnished,Ground,20,20144
Mumbai,1,585.0,1.0,Apartment,Unfurnished,Ground,23,39784
Ahmedabad,2,636.0,3.0,Apartment,Fully Furnished,Middle,21,37403
Hyderabad,2,960.0,2.0,Apartment,Semi-Furnished,Middle,24,43715
Delhi,2,1423.0,1.0,Apartment,Semi-Furnished,Low,10,69179
Bangalore,1,350.0,1.0,Villa,Semi-Furnished,Ground,6,47085
Pune,3,1801.0,3.0,Apartment,Semi-Furnished,Middle,7,87437
Delhi,3,1465.0,3.0,Apartment,Semi-Furnished,Low,9,68091
Pune,2,1007.0,2.0,Apartment,Unfurnished,Low,6,53419
Ahmedabad,1,350.0,1.0,Apartment,Fully Furnished,High,6,30337
Mumbai,1,350.0,1.0,Apartment,Fully Furnished,Middle,30,48428
Kolkata,2,1234.0,3.0,Apartment,Semi-Furnished,Low,23,52314
Hyderabad,1,544.0,1.0,Apartment,Unfurnished,Middle,5,28844
Hyderabad,2,889.0,1.0,Villa,Unfurnished,Low,25,42829
Chennai,3,1667.0,3.0,Apartment,Fully Furnished,Middle,3,84748
Bangalore,2,1225.0,3.0,Apartment,Semi-Furnished,High,8,69981
Hyderabad,2,462.0,3.0,Apartment,Fully Furnished,Middle,23,43296
Kolkata,2,1025.0,2.0,Apartment,Unfurnished,Low,3,52340
Mumbai,3,2249.0,2.0,Apartment,Fully Furnished,Low,2,91785
Bangalore,4,2036.0,4.0,Independent House,Fully Furnished,Low,28,89142
Ahmedabad,3,1506.0,3.0,Apartment,Semi-Furnished,Low,24,61016
Delhi,2,739.0,3.0,Apartment,Unfurnished,Low,11,43240
Ahmedabad,2,1150.0,1.0,Apartment,Fully Furnished,Ground,30,52379
Kolkata,2,1033.0,3.0,Independent House,Unfurnished,Low,20,48899
Kolkata,4,2057.0,5.0,Apartment,Semi-Furnished,High,29,71918
Hyderabad,1,879.0,2.0,Apartment,Fully Furnished,Low,30,42223
Bangalore,5,2333.0,6.0,Apartment,Fully Furnished,High,10,108101
Mumbai,3,1739.0,3.0,Apartment,Fully Furnished,Middle,10,93275
Ahmedabad,3,1535.0,3.0,Apartment,Fully Furnished,Middle,7,71800
Chennai,1,1093.0,1.0,Apartment,Unfurnished,Middle,29,51456
Ahmedabad,3,1211.0,2.0,Apartment,Semi-Furnished,Middle,8,63745
Pune,2,1272.0,2.0,Apartment,Fully Furnished,Middle,5,73420
Pune,1,799.0,1.0,Apartment,Fully Furnished,Middle,24,38686
Mumbai,2,1104.0,2.0,Apartment,Fully Furnished,High,29,66016
Mumbai,4,2474.0,3.0,Independent House,Semi-Furnished,Low,25,97015
Pune,2,1356.0,3.0,Apartment,Semi-Furnished,Low,2,60564
Chennai,2,1025.0,2.0,Villa,Unfurnished,Middle,21,46804
Bangalore,1,350.0,1.0,Independent House,Semi-Furnished,High,9,53584
Pune,3,1620.0,3.0,Apartment,Unfurnished,Low,12,61048
Mumbai,3,1537.0,3.0,Apartment,Semi-Furnished,High,8,79227
Hyderabad,3,1198.0,3.0,Apartment,Fully Furnished,High,17,43683
Delhi,2,708.0,1.0,Villa,Unfurnished,Low,2,60686
Chennai,2,964.0,2.0,Independent House,Semi-Furnished,Low,6,63654
Kolkata,3,1778.0,3.0,Apartment,Semi-Furnished,Middle,4,68509
Chennai,2,765.0,2.0,Apartment,Semi-Furnished,Low,15,50030
Hyderabad,4,1673.0,3.0,Independent House,Unfurnished,Ground,8,64088
Hyderabad,3,1642.0,3.0,Apartment,Unfurnished,High,26,69366
Kolkata,2,953.0,2.0,Studio,Fully Furnished,Middle,27,48911
Ahmedabad,2,979.0,1.0,Apartment,Unfurnished,Middle,28,31149
Mumbai,3,1146.0,3.0,Independent House,Unfurnished,Low,12,63212
Pune,1,350.0,1.0,Apartment,Fully Furnished,Middle,11,36763
Ahmedabad,2,844.0,3.0,Apartment,Semi-Furnished,Middle,0,46295
Bangalore,3,1547.0,3.0,Apartment,Fully Furnished,Middle,30,66234
Chennai,2,1027.0,1.0,Studio,Fully Furnished,Ground,23,42074
Kolkata,3,1553.0,3.0,Apartment,Fully Furnished,High,26,64984
Chennai,1,350.0,1.0,Apartment,Unfurnished,High,21,22412
Ahmedabad,3,1496.0,3.0,Independent House,Unfurnished,Middle,28,60477
Hyderabad,1,930.0,2.0,Villa,Unfurnished,Middle,17,53539
Pune,1,937.0,2.0,Apartment,Semi-Furnished,Low,29,40634
Chennai,4,1954.0,4.0,Apartment,Unfurnished,Ground,5,61964
Bangalore,3,1022.0,3.0,Apartment,Semi-Furnished,Low,16,59617
Hyderabad,2,1310.0,2.0,Independent House,Fully Furnished,Middle,22,67480
Bangalore,2,872.0,2.0,Apartment,Unfurnished,High,24,46855
Pune,3,1852.0,3.0,Apartment,Unfurnished,Low,18,66639
Chennai,2,890.0,1.0,Apartment,Semi-Furnished,High,19,43712
Delhi,5,2428.0,5.0,Apartment,Unfurnished,Middle,28,96308
Ahmedabad,5,3174.0,5.0,Apartment,Fully Furnished,High,30,117742
Chennai,3,2073.0,4.0,Apartment,Semi-Furnished,Middle,5,68716
Ahmedabad,2,756.0,1.0,Apartment,Unfurnished,Ground,4,40313
Pune,2,1190.0,2.0,Villa,Unfurnished,Middle,30,43120
Chennai,3,1570.0,3.0,Apartment,Unfurnished,Middle,1,56479
Ahmedabad,1,389.0,1.0,Apartment,Semi-Furnished,Middle,23,36311
Kolkata,2,804.0,2.0,Apartment,Semi-Furnished,High,25,34272
Ahmedabad,1,742.0,2.0,Studio,Semi-Furnished,Low,9,44554
Chennai,1,633.0,1.0,Studio,Unfurnished,Ground,25,12359
Mumbai,2,1472.0,2.0,Apartment,Semi-Furnished,Low,26,74956
Chennai,2,666.0,1.0,Independent House,Fully Furnished,Low,10,44501
Chennai,3,1374.0,4.0,Apartment,Unfurnished,Low,23,51981
Ahmedabad,2,921.0,2.0,Villa,Fully Furnished,Low,29,49046
Bangalore,2,776.0,3.0,Apartment,Fully Furnished,Ground,1,63643
Delhi,1,555.0,1.0,Apartment,Unfurnished,High,17,28734
Bangalore,2,1306.0,3.0,Apartment,Semi-Furnished,Low,25,81930
Ahmedabad,2,1817.0,1.0,Villa,Unfurnished,Low,29,67092
Bangalore,3,1479.0,3.0,Villa,Unfurnished,Ground,28,65732
Hyderabad,5,2645.0,6.0,Apartment,Semi-Furnished,High,15,90240
Mumbai,1,593.0,1.0,Studio,Semi-Furnished,Middle,22,46368
Bangalore,2,1108.0,1.0,Apartment,Fully Furnished,High,2,58033
Kolkata,2,887.0,2.0,Apartment,Fully Furnished,Ground,24,41659
Pune,5,2287.0,5.0,Villa,Fully Furnished,Low,10,115664
Kolkata,3,1635.0,4.0,Apartment,Unfurnished,Low,21,52528
Pune,4,1832.0,4.0,Apartment,Semi-Furnished,High,2,73323
Chennai,2,946.0,3.0,Studio,Semi-Furnished,Low,5,41727
Hyderabad,5,2602.0,4.0,Apartment,Semi-Furnished,Low,23,96434
Mumbai,1,350.0,1.0,Villa,Fully Furnished,High,22,63077
Kolkata,1,490.0,1.0,Villa,Semi-Furnished,Low,28,31848
Mumbai,4,2310.0,4.0,Apartment,Semi-Furnished,Low,22,92897
Kolkata,4,2645.0,5.0,Independent House,Semi-Furnished,Middle,29,109477
Chennai,1,455.0,1.0,Apartment,Unfurnished,Low,4,31982
Pune,1,451.0,1.0,Apartment,Unfurnished,Ground,9,24208
Delhi,1,875.0,2.0,Apartment,Fully Furnished,High,19,53775
Hyderabad,1,377.0,1.0,Apartment,Fully Furnished,Low,10,37731
Kolkata,2,609.0,3.0,Villa,Semi-Furnished,Low,27,58937
Kolkata,5,2707.0,5.0,Apartment,Unfurnished,Low,23,99878
Chennai,3,1974.0,2.0,Apartment,Fully Furnished,Low,24,90101
Hyderabad,3,1766.0,2.0,Villa,Semi-Furnished,Middle,17,83412
Pune,3,1462.0,3.0,Apartment,Unfurnished,High,26,74243
Pune,2,889.0,2.0,Apartment,Unfurnished,Middle,20,39726
Kolkata,3,1480.0,3.0,Villa,Unfurnished,Middle,6,75274
Delhi,3,1516.0,3.0,Apartment,Semi-Furnished,Low,15,73772
Delhi,2,1029.0,3.0,Independent House,Semi-Furnished,High,20,56129
Mumbai,3,1626.0,3.0,Apartment,Semi-Furnished,Middle,23,74167
Hyderabad,2,908.0,2.0,Apartment,Semi-Furnished,Middle,14,49861
Hyderabad,3,1773.0,3.0,Apartment,Semi-Furnished,High,7,88628
Pune,5,2619.0,5.0,Independent House,Fully Furnished,Middle,27,103875
Mumbai,2,1101.0,1.0,Apartment,Fully Furnished,High,20,64238
Chennai,3,834.0,3.0,Independent House,Fully Furnished,Middle,7,73650
Hyderabad,1,350.0,1.0,Apartment,Unfurnished,Low,27,29692
Mumbai,3,1184.0,3.0,Apartment,Fully Furnished,High,1,83621
Mumbai,2,710.0,2.0,Apartment,Unfurnished,Middle,14,57877
Kolkata,1,460.0,1.0,Independent House,Unfurnished,Low,14,31040
Pune,2,1048.0,1.0,Independent House,Unfurnished,Middle,11,56958
Mumbai,3,1787.0,3.0,Studio,Unfurnished,Middle,10,75440
Ahmedabad,1,466.0,1.0,Apartment,Semi-Furnished,High,4,32522
Delhi,4,2420.0,4.0,Apartment,Semi-Furnished,Low,20,94927
Ahmedabad,1,419.0,1.0,Independent House,Unfurnished,High,26,29945
Delhi,4,2115.0,4.0,Apartment,Fully Furnished,Low,8,91945
Bangalore,3,1539.0,3.0,Villa,Semi-Furnished,High,25,76229
Pune,2,1058.0,2.0,Studio,,Middle,11,52565
Kolkata,2,1188.0,1.0,Apartment,Unfurnished,High,30,40101
Chennai,3,1702.0,3.0,Apartment,Semi-Furnished,Middle,1,65539
Ahmedabad,3,1677.0,3.0,Villa,Fully Furnished,High,30,91089
Ahmedabad,3,1536.0,2.0,Villa,Semi-Furnished,Low,30,68025
Bangalore,2,911.0,2.0,Apartment,Unfurnished,Ground,2,50098
Delhi,2,419.0,2.0,Villa,Unfurnished,Ground,25,41068
Kolkata,5,2916.0,6.0,Studio,Unfurnished,Middle,24,87668
Bangalore,2,1735.0,2.0,Apartment,Fully Furnished,Middle,21,81754
Pune,2,487.0,3.0,Independent House,Fully Furnished,Low,5,43911
Kolkata,2,784.0,2.0,Apartment,Unfurnished,Ground,25,38658
Pune,3,1933.0,3.0,Apartment,Unfurnished,Middle,19,70566
Mumbai,3,1453.0,2.0,Apartment,Unfurnished,Low,18,68936
Hyderabad,2,1180.0,2.0,Independent House,Fully Furnished,High,7,66483
Mumbai,1,350.0,1.0,Apartment,Fully Furnished,Ground,16,48358
Pune,1,507.0,1.0,Apartment,Semi-Furnished,Low,8,38742
Ahmedabad,2,1338.0,2.0,Villa,Fully Furnished,Middle,0,73829
Kolkata,2,832.0,2.0,Independent House,Unfurnished,Low,12,39852
Delhi,5,2253.0,5.0,Apartment,Semi-Furnished,Middle,17,87365
Chennai,2,1150.0,2.0,Apartment,Fully Furnished,Low,19,45521
Delhi,2,1054.0,2.0,Studio,Fully Furnished,Ground,20,57818
Kolkata,4,2030.0,5.0,Apartment,Semi-Furnished,Middle,19,86038
Mumbai,2,830.0,2.0,Apartment,Unfurnished,High,11,58859
Chennai,3,1536.0,4.0,Apartment,Fully Furnished,Middle,11,76395
Kolkata,1,516.0,1.0,Apartment,Semi-Furnished,Low,11,33365
Pune,2,736.0,2.0,Villa,Unfurnished,Low,25,44963
Ahmedabad,4,2143.0,4.0,Apartment,Semi-Furnished,Middle,9,67968
Delhi,3,1412.0,2.0,Independent House,Unfurnished,Ground,7,67874
Pune,2,1062.0,2.0,Apartment,Semi-Furnished,Ground,27,52890
Chennai,3,1327.0,3.0,Apartment,Unfurnished,High,11,47947
Chennai,4,1760.0,4.0,Apartment,Semi-Furnished,Middle,24,80217
Delhi,2,519.0,2.0,Villa,Semi-Furnished,Middle,20,55264
Pune,2,1298.0,1.0,Studio,Semi-Furnished,Ground,15,39176
Bangalore,4,1399.0,3.0,Independent House,Unfurnished,Low,17,86102
Pune,1,350.0,1.0,Apartment,Semi-Furnished,Low,16,28645
Chennai,3,1169.0,2.0,Apartment,Semi-Furnished,Low,10,43969
Pune,3,1259.0,3.0,Apartment,Semi-Furnished,High,8,67348
Ahmedabad,3,1868.0,3.0,Villa,Unfurnished,Middle,20,75196
Kolkata,2,932.0,2.0,Apartment,Fully Furnished,Low,2,52944
Mumbai,2,1201.0,1.0,Apartment,Semi-Furnished,High,3,75113
Ahmedabad,3,2130.0,3.0,Apartment,Unfurnished,Middle,16,58800
Bangalore,2,905.0,3.0,Apartment,Semi-Furnished,Low,28,58451
Hyderabad,2,981.0,2.0,Independent House,Unfurnished,High,7,47930
Kolkata,2,1374.0,3.0,Villa,Fully Furnished,Low,16,72415
Mumbai,1,350.0,2.0,Villa,Semi-Furnished,Middle,4,66440
Hyderabad,5,3167.0,5.0,Apartment,Fully Furnished,Low,15,91851
Delhi,2,1052.0,3.0,Apartment,Semi-Furnished,Middle,16,58945
Hyderabad,5,2812.0,5.0,Independent House,Fully Furnished,Middle,7,118345
Kolkata,1,505.0,1.0,Apartment,Fully Furnished,Low,20,40150
Pune,3,1542.0,3.0,Independent House,Fully Furnished,High,11,81942
Kolkata,2,1094.0,2.0,Apartment,Semi-Furnished,High,14,57146
Ahmedabad,3,1603.0,3.0,Apartment,Semi-Furnished,High,4,77108
Hyderabad,3,1409.0,3.0,Independent House,Unfurnished,Low,22,60951
Chennai,1,826.0,1.0,Apartment,Fully Furnished,Low,21,40570
Mumbai,4,1677.0,4.0,Apartment,Semi-Furnished,Low,9,94571
Mumbai,2,1615.0,2.0,Apartment,Semi-Furnished,Middle,14,72639
Hyderabad,3,816.0,3.0,Apartment,Semi-Furnished,High,8,46697
Mumbai,5,2547.0,5.0,Apartment,Semi-Furnished,Middle,14,113797
Chennai,4,1593.0,4.0,Apartment,Semi-Furnished,Middle,14,66896
Kolkata,4,1627.0,4.0,Apartment,Fully Furnished,Middle,15,70950
Mumbai,2,873.0,2.0,Apartment,Semi-Furnished,Low,26,59185
Hyderabad,1,503.0,1.0,Independent House,Fully Furnished,Ground,26,42301
Bangalore,2,940.0,2.0,Studio,Unfurnished,Low,23,47060
Bangalore,2,881.0,1.0,Studio,Unfurnished,Middle,7,57466
Delhi,3,1356.0,2.0,Apartment,Unfurnished,Middle,18,69513
Ahmedabad,1,887.0,1.0,Apartment,Unfurnished,High,12,31205
Mumbai,3,1326.0,3.0,Studio,Unfurnished,Low,13,73176
Ahmedabad,2,887.0,2.0,Apartment,Unfurnished,Ground,2,21993
Kolkata,2,1107.0,3.0,Apartment,Semi-Furnished,High,4,49281
Hyderabad,3,1590.0,2.0,Apartment,Unfurnished,Middle,23,73265
Mumbai,2,801.0,2.0,Apartment,Semi-Furnished,High,30,50477
Pune,3,1680.0,3.0,Independent House,Fully Furnished,Ground,18,86732
Chennai,1,568.0,2.0,Independent House,Semi-Furnished,Low,2,41836
Mumbai,3,1615.0,3.0,Studio,Fully Furnished,Middle,15,74514
Mumbai,1,782.0,2.0,Apartment,Semi-Furnished,Middle,7,64001
Ahmedabad,2,1205.0,2.0,Apartment,Fully Furnished,Middle,29,58946
Ahmedabad,3,1834.0,3.0,Independent House,Semi-Furnished,High,3,77390
Bangalore,4,2292.0,4.0,Apartment,Fully Furnished,High,11,100000
Chennai,2,1398.0,2.0,Apartment,Unfurnished,Low,27,39512
Hyderabad,2,1281.0,2.0,Independent House,Semi-Furnished,High,15,62356
Mumbai,2,1074.0,2.0,Apartment,Fully Furnished,High,16,78646
Bangalore,2,1049.0,2.0,Apartment,Unfurnished,Middle,4,48973
Ahmedabad,3,1908.0,3.0,Apartment,Semi-Furnished,Middle,14,78774
Delhi,3,2299.0,3.0,Independent House,Semi-Furnished,Middle,4,86436
Chennai,1,533.0,1.0,Independent House,Semi-Furnished,Middle,19,45258
Bangalore,2,1154.0,1.0,Independent House,Unfurnished,Middle,15,53270
Bangalore,3,1902.0,3.0,Apartment,Fully Furnished,High,5,80825
Kolkata,2,1460.0,2.0,Apartment,Semi-Furnished,Middle,3,51573
Bangalore,3,1339.0,2.0,Apartment,Unfurnished,Low,22,53261
Kolkata,1,713.0,1.0,Apartment,Semi-Furnished,Middle,30,36253
Mumbai,3,1887.0,3.0,Apartment,Unfurnished,Middle,7,92481
Mumbai,1,655.0,1.0,Apartment,Fully Furnished,Low,10,51436
Ahmedabad,3,1459.0,3.0,Apartment,Unfurnished,Middle,10,42859
Delhi,2,966.0,2.0,Independent House,Fully Furnished,High,10,66997
Pune,2,562.0,2.0,Studio,Semi-Furnished,Ground,16,24803
Pune,4,2403.0,5.0,Apartment,Semi-Furnished,High,27,94631
Pune,1,626.0,1.0,Apartment,Fully Furnished,Middle,11,36971
Ahmedabad,2,1566.0,2.0,Studio,Fully Furnished,Middle,13,67887
Kolkata,2,1023.0,2.0,Studio,Unfurnished,High,30,45215
Ahmedabad,2,929.0,1.0,Apartment,Semi-Furnished,High,7,37909
Chennai,4,1737.0,5.0,Apartment,Semi-Furnished,Low,29,58622
Chennai,3,1896.0,3.0,Apartment,Semi-Furnished,High,19,80795
Delhi,1,366.0,1.0,Studio,Semi-Furnished,Low,26,27451
Chennai,3,1512.0,3.0,Studio,Semi-Furnished,Low,24,58639
Pune,2,1015.0,2.0,Independent House,Fully Furnished,Middle,17,67834
Pune,4,1842.0,4.0,Studio,Semi-Furnished,High,1,59418
Ahmedabad,2,927.0,2.0,Apartment,Unfurnished,Ground,2,35806
Bangalore,3,1302.0,4.0,Apartment,Fully Furnished,Middle,10,81687
Chennai,2,1224.0,1.0,Apartment,Semi-Furnished,Middle,21,56779
Ahmedabad,2,1356.0,2.0,Apartment,Unfurnished,Middle,19,51627
Mumbai,2,1296.0,2.0,Independent House,Unfurnished,Middle,4,74908
Mumbai,2,1363.0,1.0,Studio,Unfurnished,Middle,7,63175
Bangalore,3,744.0,4.0,Apartment,Unfurnished,Middle,6,59256
Bangalore,2,1178.0,3.0,Apartment,Fully Furnished,Middle,30,57599
Bangalore,4,2165.0,5.0,Apartment,Unfurnished,Low,7,83046
Ahmedabad,2,1169.0,2.0,Apartment,Semi-Furnished,Low,18,45263
Mumbai,3,1989.0,3.0,Villa,Semi-Furnished,Low,10,95736
Pune,4,1066.0,5.0,Apartment,Semi-Furnished,Middle,17,48949
Bangalore,3,1514.0,3.0,Apartment,Semi-Furnished,High,21,70952
Delhi,4,2282.0,4.0,Apartment,Semi-Furnished,Low,15,91797
Kolkata,3,1871.0,3.0,Apartment,Semi-Furnished,Low,18,64088
Ahmedabad,2,1118.0,3.0,Independent House,Semi-Furnished,Middle,14,58179
Bangalore,3,1492.0,3.0,Apartment,Fully Furnished,Ground,28,62007
Kolkata,1,986.0,2.0,Apartment,Semi-Furnished,High,14,47325
Hyderabad,2,1026.0,2.0,Apartment,Semi-Furnished,Low,27,49331
Bangalore,2,1234.0,2.0,Apartment,Semi-Furnished,High,28,51105
Mumbai,3,1742.0,3.0,Apartment,Fully Furnished,Middle,16,82262
Chennai,2,548.0,2.0,Apartment,Semi-Furnished,High,14,39747
Bangalore,2,1005.0,3.0,Apartment,Semi-Furnished,Low,7,56835
Ahmedabad,2,1087.0,1.0,Studio,Unfurnished,Low,10,32948
Chennai,5,1780.0,4.0,Apartment,Fully Furnished,Low,2,91354
Hyderabad,1,422.0,2.0,Apartment,Fully Furnished,Middle,12,41214
Delhi,1,434.0,1.0,Villa,Semi-Furnished,Ground,5,42397
Chennai,2,995.0,2.0,Independent House,Semi-Furnished,Middle,8,66468
Kolkata,5,2604.0,5.0,Apartment,Semi-Furnished,High,22,85900
Pune,5,3387.0,6.0,Independent House,Unfurnished,Ground,19,123493
Bangalore,3,1511.0,4.0,Apartment,Semi-Furnished,Low,28,71507
Hyderabad,4,2595.0,4.0,Apartment,Fully Furnished,Low,21,98096
Hyderabad,2,1733.0,2.0,Apartment,Fully Furnished,High,15,72555
Chennai,5,2833.0,5.0,Apartment,Unfurnished,High,25,119743
Delhi,1,656.0,1.0,Apartment,Unfurnished,Low,24,26810
Mumbai,1,628.0,1.0,Apartment,Fully Furnished,Low,11,52018
Bangalore,1,350.0,2.0,Villa,Fully Furnished,Ground,16,46927
Hyderabad,3,1533.0,4.0,Apartment,Unfurnished,Middle,30,66482
Delhi,3,1519.0,,Apartment,Semi-Furnished,Middle,1,69363
Pune,2,935.0,1.0,Villa,Semi-Furnished,Middle,0,68113
Hyderabad,5,2084.0,5.0,Apartment,Unfurnished,Low,15,82309
Delhi,2,1239.0,3.0,Apartment,Semi-Furnished,Low,4,74426
Ahmedabad,1,469.0,1.0,Independent House,Semi-Furnished,Ground,20,34712
Mumbai,2,1480.0,2.0,Apartment,Fully Furnished,Middle,16,79319
Mumbai,3,1654.0,3.0,Apartment,Fully Furnished,Low,26,77246
Hyderabad,3,1445.0,3.0,Independent House,Fully Furnished,Ground,30,56547
Kolkata,2,946.0,1.0,Apartment,Fully Furnished,Low,16,48294
Hyderabad,3,1666.0,3.0,Apartment,Fully Furnished,Low,23,72960
Chennai,2,1567.0,2.0,Apartment,Semi-Furnished,Middle,7,57048
Bangalore,3,1524.0,3.0,Independent House,Unfurnished,Low,14,77388
Delhi,5,2838.0,6.0,Apartment,Unfurnished,High,28,120323
Hyderabad,1,575.0,1.0,Apartment,Semi-Furnished,Low,11,31412
Bangalore,4,2278.0,5.0,Apartment,Semi-Furnished,Middle,16,80081
Chennai,3,1437.0,3.0,Apartment,Fully Furnished,Middle,9,64274
Ahmedabad,2,750.0,2.0,Independent House,Semi-Furnished,High,25,38286
Ahmedabad,4,1919.0,4.0,Apartment,Unfurnished,High,11,60764
Bangalore,2,1148.0,2.0,Villa,Semi-Furnished,Low,27,55977
Hyderabad,2,760.0,2.0,Apartment,Fully Furnished,Middle,27,46027
Mumbai,2,1234.0,3.0,Apartment,Fully Furnished,Low,22,71807
Delhi,2,1226.0,2.0,Apartment,Unfurnished,Low,19,52018
Delhi,3,1989.0,3.0,Apartment,Unfurnished,Middle,16,71198
Ahmedabad,3,1129.0,2.0,Apartment,Semi-Furnished,Middle,19,48723
Ahmedabad,4,1959.0,4.0,Studio,Unfurnished,High,11,59814
Mumbai,2,986.0,1.0,Studio,Semi-Furnished,Middle,7,70247
Kolkata,1,350.0,1.0,Apartment,Semi-Furnished,Low,26,29318
Hyderabad,1,858.0,1.0,Apartment,Unfurnished,Middle,17,30153
Ahmedabad,2,997.0,2.0,Studio,Unfurnished,Middle,14,51582
Ahmedabad,5,3122.0,5.0,Independent House,Fully Furnished,High,8,103456
Ahmedabad,3,1771.0,2.0,Apartment,Unfurnished,Low,22,67887
Delhi,2,797.0,2.0,Independent House,Unfurnished,Low,20,41839
Hyderabad,4,2382.0,4.0,Independent House,Unfurnished,Middle,13,83224
Chennai,3,1432.0,3.0,Apartment,Unfurnished,High,7,55287
Hyderabad,1,473.0,1.0,Villa,Semi-Furnished,High,13,51171
Bangalore,3,1437.0,4.0,Apartment,Unfurnished,High,26,64917
Mumbai,2,1146.0,3.0,Apartment,Semi-Furnished,High,10,72606
Kolkata,1,350.0,1.0,Apartment,Fully Furnished,Low,12,44122
Ahmedabad,2,1512.0,3.0,Apartment,Fully Furnished,Middle,6,72155
Ahmedabad,2,1167.0,2.0,Apartment,Unfurnished,High,10,40142
Hyderabad,2,749.0,1.0,Independent House,Unfurnished,High,24,40715
Kolkata,2,1246.0,2.0,Apartment,Semi-Furnished,Middle,25,53792
Ahmedabad,1,405.0,1.0,Apartment,Unfurnished,Middle,30,20724
Kolkata,3,1965.0,2.0,Apartment,Fully Furnished,Low,11,80599
Chennai,5,2884.0,5.0,Studio,Semi-Furnished,Middle,10,123773
Pune,3,1654.0,3.0,Villa,Unfurnished,Middle,5,71845
Mumbai,2,533.0,1.0,Apartment,Fully Furnished,Middle,8,56972
Kolkata,2,945.0,2.0,Apartment,Unfurnished,Middle,10,31820
Delhi,2,1272.0,3.0,Apartment,Unfurnished,High,0,71823
Bangalore,1,697.0,1.0,Apartment,Fully Furnished,High,18,42448
Delhi,2,924.0,2.0,Apartment,Semi-Furnished,Low,15,55636
Ahmedabad,3,1387.0,4.0,Apartment,Fully Furnished,Middle,16,59574
Chennai,3,1392.0,2.0,Villa,Unfurnished,Low,19,48677
Chennai,3,1243.0,4.0,Independent House,Unfurnished,Low,6,59651
Delhi,2,1229.0,2.0,Apartment,Unfurnished,Middle,0,70784
Mumbai,2,1052.0,2.0,Apartment,Unfurnished,Middle,12,70163
Delhi,3,1993.0,3.0,Villa,Semi-Furnished,Ground,14,89500
Hyderabad,2,881.0,3.0,Apartment,Semi-Furnished,Middle,2,47945
Ahmedabad,2,902.0,2.0,Apartment,Semi-Furnished,Low,3,52314
Ahmedabad,2,1077.0,2.0,Apartment,Unfurnished,Middle,30,41943
Delhi,2,1630.0,1.0,Apartment,Semi-Furnished,High,30,64281
Bangalore,1,775.0,2.0,Studio,Unfurnished,Ground,29,26127
Bangalore,3,1908.0,3.0,Apartment,Fully Furnished,Low,2,90367
Ahmedabad,4,2517.0,4.0,Apartment,Fully Furnished,Low,8,79418
Pune,2,1357.0,2.0,Independent House,Semi-Furnished,Middle,26,57739
Bangalore,1,350.0,1.0,Independent House,Unfurnished,High,14,35965
Delhi,3,1448.0,3.0,Apartment,Semi-Furnished,Low,5,72409
Bangalore,2,886.0,2.0,Apartment,Fully Furnished,Middle,25,70824
Ahmedabad,2,894.0,3.0,Apartment,Semi-Furnished,Ground,5,57099
Mumbai,1,520.0,1.0,Studio,Semi-Furnished,Middle,24,45754
Kolkata,2,1198.0,2.0,Apartment,Fully Furnished,Middle,29,67347
Bangalore,3,1538.0,3.0,Villa,Semi-Furnished,Middle,7,91645
Hyderabad,3,1456.0,2.0,Villa,Unfurnished,Middle,21,58761
Mumbai,2,1423.0,2.0,Apartment,Semi-Furnished,Middle,23,76945
Pune,2,837.0,2.0,Villa,Semi-Furnished,High,14,54352
Hyderabad,1,350.0,1.0,Apartment,Unfurnished,Middle,24,30557
Delhi,1,701.0,1.0,Villa,Unfurnished,Low,26,42924
Kolkata,5,2804.0,5.0,Apartment,Fully Furnished,Low,11,100069
Delhi,3,2421.0,2.0,Apartment,Unfurnished,Low,12,81898
Kolkata,2,739.0,2.0,Independent House,Fully Furnished,Middle,19,42721
Kolkata,3,2027.0,4.0,Studio,Fully Furnished,Low,4,87886
Delhi,4,1463.0,4.0,Apartment,Unfurnished,Middle,5,75415
Hyderabad,3,1601.0,4.0,Independent House,Unfurnished,Middle,6,74495
Hyderabad,1,664.0,2.0,Independent House,Unfurnished,Low,25,39014
Kolkata,2,1239.0,2.0,Independent House,Semi-Furnished,Middle,4,64409
Hyderabad,3,1364.0,3.0,Apartment,Fully Furnished,Middle,27,63203
Kolkata,2,1190.0,2.0,Independent House,Semi-Furnished,Ground,4,53713
Ahmedabad,5,2164.0,5.0,Apartment,Unfurnished,Low,28,79451
Kolkata,3,2100.0,3.0,Apartment,Unfurnished,Low,9,64252
Ahmedabad,4,1845.0,4.0,Apartment,Semi-Furnished,High,4,78147
Mumbai,2,1271.0,2.0,Villa,Unfurnished,Middle,26,65669
Chennai,4,1827.0,4.0,Apartment,Unfurnished,Middle,6,75355
Mumbai,2,967.0,1.0,Apartment,Unfurnished,Middle,13,62040
Delhi,5,3315.0,6.0,Apartment,Unfurnished,Middle,25,127882
Chennai,1,429.0,2.0,Apartment,Unfurnished,Middle,14,25351
Bangalore,2,1234.0,3.0,Apartment,Fully Furnished,High,25,69251
Delhi,3,1491.0,4.0,Apartment,Semi-Furnished,High,18,79063
Pune,2,694.0,1.0,Villa,Semi-Furnished,Middle,30,46334
Mumbai,2,886.0,2.0,Apartment,Unfurnished,Middle,9,50726
Hyderabad,5,2972.0,4.0,Studio,Fully Furnished,Low,23,117695
Mumbai,2,1087.0,2.0,Apartment,Unfurnished,Middle,9,55767
Hyderabad,3,1823.0,3.0,Independent House,Fully Furnished,Middle,19,74740
Chennai,1,747.0,1.0,Independent House,Fully Furnished,Middle,13,51704
Pune,4,1475.0,4.0,Independent House,Fully Furnished,Low,30,66952
Chennai,3,1158.0,2.0,Apartment,Semi-Furnished,High,3,63378
Pune,2,911.0,2.0,Independent House,Semi-Furnished,High,13,64059
Mumbai,1,368.0,1.0,Apartment,Fully Furnished,Low,5,55747
Hyderabad,3,1439.0,3.0,Apartment,Semi-Furnished,Low,14,71461
Chennai,1,623.0,1.0,Apartment,Semi-Furnished,Low,23,38928
Pune,1,350.0,2.0,Apartment,Semi-Furnished,Low,29,26020
Kolkata,3,2083.0,3.0,Apartment,Unfurnished,High,8,77134
Delhi,2,781.0,3.0,Independent House,Fully Furnished,Low,0,62349
Delhi,2,1140.0,2.0,Studio,Semi-Furnished,Middle,17,45805
Chennai,3,1583.0,3.0,Apartment,Unfurnished,Ground,14,53964
Hyderabad,1,608.0,1.0,Apartment,Semi-Furnished,Middle,14,39650
Kolkata,2,981.0,2.0,Apartment,Semi-Furnished,Low,25,31907
Chennai,1,777.0,2.0,Independent House,Unfurnished,Low,5,43917
Mumbai,3,1644.0,3.0,Studio,Semi-Furnished,High,14,81968
Pune,3,1654.0,3.0,Apartment,Unfurnished,Low,26,67989
Ahmedabad,3,1345.0,3.0,Villa,Unfurnished,Low,6,67391
Mumbai,2,1138.0,2.0,Apartment,Semi-Furnished,Middle,13,69825
Delhi,1,404.0,1.0,Apartment,Semi-Furnished,Ground,26,32790
Pune,1,935.0,2.0,Apartment,Semi-Furnished,Middle,9,52503
Chennai,2,927.0,2.0,Apartment,Semi-Furnished,High,20,55902
Mumbai,4,2735.0,3.0,Apartment,Fully Furnished,Low,11,118210
Bangalore,2,572.0,2.0,Apartment,Unfurnished,Middle,4,43628
Ahmedabad,2,1082.0,2.0,Apartment,Semi-Furnished,Ground,21,52665
Hyderabad,1,350.0,1.0,Apartment,Fully Furnished,Middle,5,31996
Kolkata,3,1674.0,4.0,Apartment,Unfurnished,High,3,73268
Kolkata,3,1055.0,3.0,Apartment,Unfurnished,Middle,13,57281
Hyderabad,3,2159.0,3.0,Independent House,Unfurnished,Middle,9,84639
Bangalore,4,2149.0,4.0,Apartment,Unfurnished,Ground,6,90901
Delhi,2,1040.0,2.0,Apartment,Unfurnished,Low,27,42549
Pune,1,456.0,1.0,Apartment,Semi-Furnished,Middle,8,38819
Hyderabad,2,1188.0,2.0,Apartment,Semi-Furnished,Low,15,43103
Bangalore,3,2319.0,3.0,Apartment,Unfurnished,Middle,13,77405
Chennai,3,1864.0,2.0,Apartment,Unfurnished,Ground,1,53821
Ahmedabad,2,1429.0,2.0,Apartment,Semi-Furnished,Middle,23,56858
Kolkata,3,1443.0,3.0,Villa,Fully Furnished,Low,9,63423
Ahmedabad,3,2038.0,3.0,Studio,Unfurnished,Middle,9,84257
Bangalore,4,2526.0,5.0,Villa,Semi-Furnished,High,5,108038
Ahmedabad,3,671.0,4.0,Studio,Unfurnished,High,2,36199
Delhi,3,1497.0,2.0,Apartment,Semi-Furnished,Low,29,70874
Delhi,2,859.0,2.0,Studio,Unfurnished,Ground,1,40105
Mumbai,3,1410.0,3.0,Apartment,Unfurnished,High,25,74817
Hyderabad,4,2709.0,5.0,Independent House,Semi-Furnished,Low,29,110805
Mumbai,2,1461.0,2.0,Studio,Fully Furnished,Middle,9,75892
Ahmedabad,3,1736.0,3.0,Independent House,Semi-Furnished,Ground,5,74760
Kolkata,3,1997.0,3.0,Studio,Fully Furnished,Middle,21,66907
Bangalore,1,696.0,2.0,Apartment,Semi-Furnished,Middle,20,52012
Pune,3,1534.0,3.0,Apartment,Semi-Furnished,Middle,19,71870
Ahmedabad,1,405.0,1.0,Apartment,Semi-Furnished,High,24,28871
Pune,5,2920.0,5.0,Apartment,Unfurnished,Ground,1,106418
Delhi,3,1367.0,4.0,Villa,Semi-Furnished,Low,3,81629
Pune,1,350.0,1.0,Villa,Fully Furnished,Low,0,43447
Pune,1,350.0,1.0,Apartment,Fully Furnished,Middle,11,39351
Kolkata,3,1979.0,3.0,Apartment,Semi-Furnished,Low,9,69627
Pune,2,987.0,2.0,Apartment,Semi-Furnished,Middle,27,51150
Ahmedabad,1,377.0,1.0,Apartment,Unfurnished,High,3,31760
Bangalore,2,648.0,2.0,Apartment,Semi-Furnished,High,11,48384
Pune,2,921.0,2.0,Apartment,Fully Furnished,Ground,23,49922
Chennai,1,350.0,1.0,Apartment,Unfurnished,High,9,27428
Pune,3,1378.0,3.0,Independent House,Fully Furnished,Middle,18,77587
Pune,4,1656.0,4.0,Independent House,Semi-Furnished,High,2,85329
Mumbai,3,1760.0,4.0,Apartment,Semi-Furnished,Middle,27,88956
Bangalore,3,893.0,4.0,Apartment,Unfurnished,Middle,21,53123
Ahmedabad,2,989.0,2.0,Independent House,Unfurnished,Middle,13,48439
Delhi,2,732.0,2.0,Apartment,Fully Furnished,Low,14,48913
Mumbai,2,1268.0,3.0,Studio,Fully Furnished,Middle,1,73340
Ahmedabad,3,1908.0,3.0,Apartment,Fully Furnished,Middle,15,70261
Hyderabad,4,1615.0,3.0,Villa,Semi-Furnished,Middle,30,71539
Bangalore,3,1279.0,3.0,Apartment,Unfurnished,Middle,29,65874
Chennai,4,1839.0,4.0,Independent House,Unfurnished,Ground,3,78926
Bangalore,3,1418.0,3.0,Apartment,Unfurnished,Low,26,59501
Hyderabad,2,1170.0,2.0,Studio,Semi-Furnished,Middle,28,51187
Hyderabad,2,969.0,3.0,Apartment,Fully Furnished,Middle,30,40487
Hyderabad,1,488.0,1.0,Apartment,Semi-Furnished,Low,29,21383
Kolkata,1,350.0,1.0,Studio,Fully Furnished,Middle,4,33608
Delhi,3,1606.0,3.0,Apartment,Unfurnished,Low,23,61054
Pune,2,1224.0,2.0,Villa,Fully Furnished,High,13,70820
Bangalore,2,969.0,2.0,Studio,Fully Furnished,Middle,3,57509
Ahmedabad,2,1104.0,1.0,Apartment,Unfurnished,Middle,26,37072
Kolkata,2,1050.0,2.0,Apartment,Semi-Furnished,Low,13,45205
Ahmedabad,2,1417.0,1.0,Independent House,Semi-Furnished,Low,4,51754
Pune,2,440.0,3.0,Villa,Semi-Furnished,Ground,12,51555
Pune,2,933.0,1.0,Apartment,Fully Furnished,Middle,19,53003
Chennai,3,1780.0,2.0,Apartment,Semi-Furnished,Ground,27,58836
Hyderabad,2,1363.0,3.0,Apartment,Unfurnished,Low,18,58931
Delhi,3,1611.0,3.0,Independent House,Unfurnished,High,5,78590
Chennai,4,1990.0,4.0,Apartment,Semi-Furnished,Middle,8,71313
Mumbai,4,1766.0,3.0,Apartment,Semi-Furnished,High,21,79640
Kolkata,4,1674.0,4.0,Independent House,Fully Furnished,Ground,22,73475
Kolkata,2,1645.0,3.0,Villa,Fully Furnished,High,28,66358
Delhi,1,728.0,1.0,Apartment,Fully Furnished,High,7,37595
Pune,2,987.0,1.0,Apartment,Unfurnished,High,0,42659
Ahmedabad,2,876.0,2.0,Independent House,Unfurnished,Low,6,46299
Kolkata,4,2979.0,5.0,Independent House,Unfurnished,Ground,23,102938
Delhi,3,1393.0,4.0,Independent House,Unfurnished,High,28,59145
Kolkata,1,350.0,1.0,Apartment,Fully Furnished,Low,28,22594
Kolkata,1,595.0,1.0,Apartment,Fully Furnished,Middle,28,33408
Hyderabad,1,374.0,1.0,Apartment,Semi-Furnished,Middle,11,30656
Mumbai,3,1812.0,4.0,Studio,Fully Furnished,High,6,93255
Hyderabad,3,1496.0,2.0,Independent House,Semi-Furnished,Middle,16,51593
Mumbai,4,1601.0,3.0,Apartment,Semi-Furnished,Low,17,94189
Kolkata,4,2626.0,4.0,Apartment,Semi-Furnished,Middle,15,110115
Chennai,2,1129.0,2.0,Apartment,Semi-Furnished,Middle,3,56912
Ahmedabad,2,1264.0,2.0,Apartment,Unfurnished,Middle,4,54364
Pune,2,1041.0,1.0,Apartment,Unfurnished,Middle,8,42820
Kolkata,2,1295.0,2.0,Studio,Semi-Furnished,Ground,8,55603
Mumbai,4,,4.0,Apartment,Semi-Furnished,High,26,78614
Mumbai,3,1517.0,3.0,Apartment,Fully Furnished,Low,11,76340
Mumbai,3,1774.0,3.0,Independent House,Semi-Furnished,Middle,1,97924
Kolkata,2,949.0,2.0,Apartment,Fully Furnished,Ground,22,53249
Delhi,1,449.0,1.0,Apartment,Fully Furnished,Low,2,50579
Chennai,1,427.0,1.0,Villa,Semi-Furnished,Middle,7,48903
Delhi,2,1485.0,2.0,Apartment,Unfurnished,Middle,8,72507
Pune,3,1533.0,3.0,Studio,Semi-Furnished,Middle,10,56162
Kolkata,2,1393.0,1.0,Apartment,Fully Furnished,Low,12,55953
Mumbai,3,1315.0,3.0,Apartment,Semi-Furnished,High,19,77251
Chennai,3,1892.0,3.0,Apartment,Fully Furnished,Middle,17,80991
Chennai,2,835.0,1.0,Apartment,Fully Furnished,Middle,13,52602
Bangalore,3,1988.0,3.0,Studio,Unfurnished,Low,25,61681
Pune,2,1069.0,2.0,Apartment,Semi-Furnished,Low,24,41791
Ahmedabad,3,1979.0,2.0,Apartment,Fully Furnished,Middle,10,79472
Ahmedabad,3,1995.0,3.0,Apartment,Unfurnished,Low,1,76603
Chennai,5,2635.0,4.0,Studio,Semi-Furnished,Middle,14,77502
Kolkata,2,885.0,2.0,Villa,Unfurnished,Low,1,42685
Mumbai,2,1142.0,1.0,Apartment,Unfurnished,High,28,53581
Mumbai,1,403.0,1.0,Apartment,Unfurnished,Middle,12,37360
Chennai,2,1314.0,2.0,Apartment,Semi-Furnished,Low,24,61738
Delhi,3,1462.0,3.0,Apartment,Fully Furnished,Ground,21,72218
Pune,4,1660.0,4.0,Apartment,Semi-Furnished,High,10,84484
Mumbai,2,1290.0,2.0,Independent House,,Low,20,75128
Chennai,1,511.0,1.0,Apartment,Semi-Furnished,Middle,26,28747
Mumbai,2,1051.0,1.0,Apartment,Fully Furnished,Low,14,63966
Ahmedabad,2,1243.0,2.0,Apartment,Fully Furnished,Middle,5,56903
Chennai,2,357.0,2.0,Apartment,Unfurnished,Middle,14,39475
Pune,2,949.0,2.0,Apartment,Unfurnished,Ground,24,37734
Chennai,3,723.0,2.0,Apartment,Fully Furnished,Ground,27,45134
Bangalore,1,350.0,1.0,Apartment,Semi-Furnished,High,15,43037
Chennai,2,1181.0,3.0,Apartment,Semi-Furnished,High,0,48752
Chennai,3,1807.0,3.0,Apartment,Semi-Furnished,Low,22,75463
Kolkata,2,987.0,3.0,Independent House,Fully Furnished,Middle,7,67110
Ahmedabad,3,1447.0,4.0,Independent House,Unfurnished,High,19,54024
Pune,3,1244.0,3.0,Apartment,Unfurnished,Middle,28,47998
Kolkata,3,1727.0,3.0,Apartment,Unfurnished,Middle,7,60333
Chennai,2,1690.0,2.0,Apartment,Unfurnished,Ground,9,57111
Pune,2,1273.0,1.0,Independent House,Unfurnished,Middle,0,64295
Bangalore,3,1463.0,4.0,Independent House,Semi-Furnished,High,10,76142
Pune,3,1294.0,4.0,Independent House,Unfurnished,Middle,7,77147
Mumbai,2,786.0,2.0,Apartment,Unfurnished,High,14,45651
Kolkata,1,350.0,1.0,Apartment,Semi-Furnished,High,18,29397
Pune,1,925.0,1.0,Apartment,Semi-Furnished,Middle,30,45719
Ahmedabad,1,350.0,1.0,Apartment,Semi-Furnished,Middle,13,26738
Bangalore,3,2004.0,3.0,Apartment,Unfurnished,High,3,87807
Hyderabad,1,989.0,1.0,Apartment,Semi-Furnished,Low,7,48972
Chennai,2,1139.0,2.0,Independent House,Semi-Furnished,Middle,23,43992
Pune,3,1569.0,3.0,Apartment,Semi-Furnished,Middle,26,67855
Chennai,2,499.0,1.0,Apartment,Unfurnished,Middle,28,21863
Delhi,3,1671.0,2.0,Apartment,Semi-Furnished,Middle,11,81662
Mumbai,3,1540.0,4.0,Apartment,Semi-Furnished,Middle,17,75169
Kolkata,2,1028.0,3.0,Apartment,Fully Furnished,High,8,56007
Mumbai,3,1824.0,3.0,Independent House,Semi-Furnished,High,3,106407
Delhi,3,2074.0,3.0,Studio,Fully Furnished,Low,30,73172
Delhi,2,1081.0,3.0,Independent House,Fully Furnished,Middle,5,63775
Kolkata,2,940.0,3.0,Apartment,Unfurnished,High,13,36354
Pune,2,953.0,3.0,Apartment,Semi-Furnished,Low,12,55052
Delhi,4,1511.0,5.0,Independent House,Unfurnished,Low,7,83232
Hyderabad,3,1288.0,3.0,Studio,Semi-Furnished,Middle,19,55703
Chennai,1,350.0,2.0,Apartment,Unfurnished,Ground,23,34907
Chennai,3,1845.0,3.0,Apartment,Unfurnished,High,28,61624
Bangalore,2,886.0,2.0,Apartment,Fully Furnished,High,6,56334
Ahmedabad,3,1725.0,3.0,Villa,Semi-Furnished,Middle,13,89897
Delhi,3,1232.0,3.0,Independent House,Fully Furnished,Ground,7,77066
Delhi,2,663.0,2.0,Apartment,Unfurnished,Low,11,35137
Hyderabad,3,1505.0,4.0,Villa,Unfurnished,Ground,19,67514
Mumbai,3,1159.0,2.0,Studio,Unfurnished,Low,30,56489
Mumbai,3,1384.0,3.0,Apartment,Semi-Furnished,High,1,69500
Chennai,1,350.0,2.0,Apartment,Fully Furnished,Low,3,33678
Chennai,3,1972.0,2.0,Villa,Semi-Furnished,Low,20,74246
Pune,4,1823.0,4.0,Apartment,Unfurnished,Middle,3,65198
Kolkata,1,732.0,1.0,Villa,Semi-Furnished,High,10,53120
Ahmedabad,2,1432.0,2.0,Apartment,Semi-Furnished,Ground,23,49625
Hyderabad,2,1325.0,3.0,Apartment,Semi-Furnished,Middle,9,65774
Kolkata,3,1360.0,3.0,Apartment,Semi-Furnished,Low,4,47931
Kolkata,3,1628.0,3.0,Apartment,Semi-Furnished,Low,8,66402
Bangalore,1,350.0,1.0,Studio,Fully Furnished,Low,6,43503
Kolkata,4,1481.0,4.0,Apartment,Semi-Furnished,High,22,74822
Bangalore,2,1432.0,3.0,Apartment,Semi-Furnished,High,29,61219
Kolkata,3,1242.0,,Apartment,Semi-Furnished,Middle,11,52149
Hyderabad,2,766.0,2.0,Apartment,Semi-Furnished,Ground,30,36952
Bangalore,2,921.0,2.0,Villa,Fully Furnished,High,4,68211
Mumbai,1,962.0,1.0,Independent House,Semi-Furnished,Middle,2,76922
Bangalore,1,498.0,1.0,Studio,Semi-Furnished,Middle,7,34518
Bangalore,3,1157.0,3.0,Apartment,Fully Furnished,High,19,60907
Hyderabad,2,964.0,2.0,Apartment,Semi-Furnished,Middle,2,53261
Hyderabad,1,592.0,1.0,Independent House,Semi-Furnished,Low,3,41050
Bangalore,1,1117.0,1.0,Independent House,Semi-Furnished,Ground,11,59170
Ahmedabad,1,546.0,1.0,Apartment,Fully Furnished,Low,29,40443
Delhi,3,1606.0,4.0,Apartment,Unfurnished,Ground,29,55685
Ahmedabad,3,1840.0,3.0,Apartment,Fully Furnished,High,0,69920
Hyderabad,1,378.0,2.0,Independent House,Unfurnished,Ground,7,37028
Ahmedabad,3,1449.0,3.0,Apartment,Unfurnished,High,8,55391
Ahmedabad,1,758.0,1.0,Apartment,Fully Furnished,Ground,2,46608
Pune,4,1370.0,3.0,Apartment,Unfurnished,High,25,63094
Pune,4,2376.0,4.0,Apartment,Unfurnished,Low,5,86797
Mumbai,3,1635.0,3.0,Apartment,Semi-Furnished,Middle,19,70231
Kolkata,4,1998.0,3.0,Apartment,Semi-Furnished,Low,8,80879
Bangalore,3,1748.0,3.0,Apartment,Fully Furnished,Ground,1,84409
Delhi,3,1587.0,3.0,Apartment,Fully Furnished,Middle,2,78901
Mumbai,3,1230.0,4.0,Apartment,Unfurnished,High,13,68149
Bangalore,2,794.0,2.0,Apartment,Semi-Furnished,Low,12,52813
Ahmedabad,2,875.0,2.0,Apartment,Unfurnished,High,13,38098
Hyderabad,2,1244.0,2.0,Studio,Semi-Furnished,Middle,13,49131
Pune,3,655.0,3.0,Independent House,Semi-Furnished,Middle,16,52685
Chennai,1,350.0,1.0,Apartment,Unfurnished,Middle,14,24572
Delhi,2,523.0,1.0,Apartment,Semi-Furnished,High,11,45744
Ahmedabad,2,1127.0,2.0,Apartment,Unfurnished,Low,6,37949
Chennai,2,635.0,3.0,Villa,Fully Furnished,Ground,8,54880
Pune,3,1817.0,3.0,Apartment,Fully Furnished,High,11,77211
Ahmedabad,4,1694.0,4.0,Apartment,Unfurnished,High,29,68692
Kolkata,3,1685.0,3.0,Apartment,Semi-Furnished,Ground,29,70583
Kolkata,3,1370.0,2.0,Apartment,Unfurnished,Low,16,57187
Chennai,3,1452.0,3.0,Apartment,Semi-Furnished,High,26,77274
Hyderabad,2,931.0,2.0,Apartment,Semi-Furnished,Middle,18,49739
Ahmedabad,2,1249.0,3.0,Apartment,Unfurnished,Middle,6,40480
Bangalore,4,2545.0,4.0,Independent House,Semi-Furnished,High,15,113091
Ahmedabad,2,1164.0,2.0,Apartment,Fully Furnished,Low,2,46515
Hyderabad,1,546.0,1.0,Apartment,Unfurnished,Low,18,26905
Ahmedabad,3,1913.0,3.0,Apartment,Semi-Furnished,High,18,61081
Chennai,1,759.0,1.0,Apartment,Fully Furnished,Middle,19,40780
Hyderabad,2,866.0,3.0,Villa,Fully Furnished,Low,30,55050
Pune,1,848.0,1.0,Apartment,Fully Furnished,High,19,47348
Delhi,1,722.0,2.0,Apartment,Unfurnished,High,7,53039
Hyderabad,1,818.0,1.0,Apartment,Fully Furnished,Low,4,54161
Ahmedabad,1,682.0,1.0,Apartment,Semi-Furnished,Low,13,37477
Pune,3,1266.0,2.0,Apartment,Fully Furnished,Middle,18,61818
Delhi,3,1707.0,3.0,Apartment,Fully Furnished,Low,25,70719
Kolkata,2,1159.0,2.0,Apartment,Semi-Furnished,Middle,27,57733
Bangalore,4,2341.0,3.0,Villa,Semi-Furnished,Low,27,95313
Chennai,2,1633.0,1.0,Independent House,Semi-Furnished,Middle,20,71086
Ahmedabad,2,1392.0,2.0,Apartment,Fully Furnished,Low,11,56488
Ahmedabad,1,432.0,,Studio,Fully Furnished,High,8,38113
Kolkata,3,1424.0,4.0,Apartment,Fully Furnished,Middle,5,76598
Bangalore,2,1466.0,2.0,Apartment,Semi-Furnished,Middle,3,69465
Kolkata,3,1383.0,4.0,Apartment,Semi-Furnished,High,0,69480
Mumbai,3,1425.0,3.0,Independent House,Unfurnished,High,23,67113
Kolkata,2,615.0,2.0,Apartment,Fully Furnished,High,4,41174
Pune,3,2256.0,4.0,Apartment,Unfurnished,Ground,8,98319
Delhi,4,2220.0,4.0,Apartment,Fully Furnished,Middle,29,90326
Ahmedabad,2,350.0,2.0,Apartment,Fully Furnished,Middle,6,42651
Kolkata,2,932.0,2.0,Studio,Unfurnished,High,17,44430
Ahmedabad,3,1711.0,3.0,Apartment,Semi-Furnished,Ground,30,75828
Hyderabad,3,1236.0,3.0,Apartment,Unfurnished,High,27,59515
Bangalore,1,445.0,1.0,Villa,Semi-Furnished,Low,1,47148
Kolkata,2,981.0,2.0,Apartment,Unfurnished,Middle,7,47625
Delhi,2,859.0,2.0,Independent House,Unfurnished,Middle,26,58422
Pune,2,1160.0,1.0,Apartment,Semi-Furnished,Low,4,55725
Mumbai,1,479.0,1.0,Apartment,Unfurnished,Low,4,43180
Ahmedabad,4,1805.0,5.0,Apartment,Semi-Furnished,Middle,27,87482
Bangalore,3,1727.0,4.0,Apartment,Semi-Furnished,Low,21,77764
Chennai,2,1132.0,2.0,Studio,Semi-Furnished,Middle,6,48219
Delhi,3,1004.0,4.0,Independent House,Unfurnished,Low,11,70098
Chennai,4,2196.0,4.0,Apartment,Unfurnished,Ground,12,75822
Delhi,1,545.0,2.0,Villa,Unfurnished,Ground,3,53513
Delhi,2,720.0,1.0,Apartment,Semi-Furnished,Low,8,36520
Pune,2,1342.0,3.0,Apartment,Unfurnished,Middle,7,67694
Pune,3,1646.0,3.0,Studio,Fully Furnished,Low,13,81431
Pune,1,392.0,1.0,Apartment,Semi-Furnished,High,5,32428
Kolkata,5,2588.0,5.0,Apartment,Unfurnished,Ground,0,79482
Hyderabad,2,1369.0,2.0,Independent House,Unfurnished,Middle,5,63278
Delhi,2,1158.0,2.0,Apartment,Semi-Furnished,Ground,15,53155
Bangalore,2,1160.0,2.0,Apartment,Fully Furnished,High,16,66546
Chennai,1,350.0,1.0,Apartment,Semi-Furnished,Ground,4,41638
Pune,3,1500.0,4.0,Apartment,Unfurnished,Low,12,62375
Kolkata,4,1604.0,5.0,Apartment,Fully Furnished,Low,21,59197
Pune,2,1289.0,2.0,Apartment,Fully Furnished,Ground,17,71343
Chennai,4,2652.0,3.0,Apartment,Unfurnished,High,18,74756
Chennai,3,1920.0,3.0,Apartment,Fully Furnished,Low,27,78012
Ahmedabad,2,1106.0,3.0,Studio,Semi-Furnished,Ground,22,34275
Delhi,3,1602.0,3.0,Independent House,Semi-Furnished,Ground,20,80279
Pune,2,1089.0,1.0,Independent House,Semi-Furnished,High,25,57486
Chennai,2,1043.0,2.0,Apartment,Unfurnished,Middle,30,36372
Hyderabad,1,674.0,1.0,Apartment,Semi-Furnished,High,10,39218
Hyderabad,3,1464.0,4.0,Independent House,Semi-Furnished,Middle,24,58284
Pune,1,350.0,1.0,Apartment,Unfurnished,High,11,31813
Kolkata,3,1426.0,3.0,Apartment,Fully Furnished,High,7,69336
Chennai,3,2300.0,4.0,Apartment,Unfurnished,Low,12,83709
Ahmedabad,2,994.0,2.0,Apartment,Semi-Furnished,Low,25,56440
Delhi,2,1106.0,2.0,Independent House,Unfurnished,Low,14,46207
Delhi,2,800.0,1.0,Apartment,Semi-Furnished,Low,24,39018
Kolkata,3,1839.0,4.0,Villa,Semi-Furnished,Low,10,88083
Ahmedabad,2,1337.0,1.0,Apartment,Fully Furnished,Low,5,56229
Delhi,3,1779.0,3.0,Apartment,Unfurnished,Ground,17,71040
Ahmedabad,2,1225.0,3.0,Independent House,Semi-Furnished,Low,15,58837
Mumbai,1,625.0,1.0,Apartment,Semi-Furnished,Low,26,46823
Pune,1,498.0,1.0,Apartment,Unfurnished,High,5,35470
Delhi,1,350.0,1.0,Apartment,Fully Furnished,Middle,4,41023
Hyderabad,3,1070.0,3.0,Independent House,Unfurnished,High,13,63301
Chennai,5,2723.0,4.0,Independent House,Semi-Furnished,Middle,9,97806
Ahmedabad,2,1642.0,2.0,Apartment,Unfurnished,Middle,3,60343
Ahmedabad,2,862.0,2.0,Villa,Semi-Furnished,Ground,8,55287
Bangalore,1,356.0,1.0,Apartment,Fully Furnished,Ground,1,40071
Kolkata,2,616.0,2.0,Studio,Semi-Furnished,Low,14,38792
Bangalore,1,781.0,1.0,Studio,Fully Furnished,Ground,28,50616
Delhi,3,1741.0,3.0,Independent House,Unfurnished,Low,12,66903
Bangalore,4,2367.0,4.0,Apartment,Semi-Furnished,Middle,26,108314
Bangalore,2,1181.0,2.0,Apartment,Unfurnished,Middle,18,51364
Mumbai,3,1706.0,3.0,Apartment,Semi-Furnished,Middle,3,86290
Ahmedabad,1,602.0,1.0,Apartment,Semi-Furnished,Middle,12,36048
Hyderabad,2,1248.0,3.0,Independent House,Unfurnished,Ground,6,67172
Kolkata,1,586.0,1.0,Studio,Semi-Furnished,Low,28,24809
Hyderabad,2,1015.0,2.0,Studio,Fully Furnished,Ground,12,42731
Mumbai,1,573.0,1.0,Apartment,Fully Furnished,High,0,54957
Mumbai,2,350.0,1.0,Apartment,Unfurnished,Low,8,37635
Bangalore,2,1008.0,1.0,Apartment,Unfurnished,Middle,20,50855
Pune,2,1368.0,2.0,Apartment,Semi-Furnished,Middle,15,68469
Ahmedabad,3,1832.0,3.0,Apartment,Fully Furnished,High,16,65949
Chennai,4,2131.0,4.0,Apartment,Semi-Furnished,Middle,28,78884
Ahmedabad,2,937.0,2.0,Apartment,Fully Furnished,Ground,23,39781
Chennai,2,1090.0,1.0,Apartment,Semi-Furnished,High,18,48411
Bangalore,2,699.0,2.0,Independent House,Unfurnished,Low,26,53523
Chennai,4,2824.0,4.0,Apartment,Unfurnished,High,15,109908
Mumbai,3,1091.0,3.0,Apartment,Fully Furnished,Middle,14,76330
Hyderabad,2,876.0,2.0,Apartment,Unfurnished,Middle,0,49170
Chennai,1,350.0,2.0,Apartment,Unfurnished,Middle,26,26269
Ahmedabad,2,1059.0,2.0,Studio,Fully Furnished,Low,13,47098
Kolkata,2,857.0,1.0,Apartment,Unfurnished,Middle,10,47615
Bangalore,4,2061.0,5.0,Apartment,Fully Furnished,High,22,94227
Pune,4,1958.0,4.0,Apartment,Semi-Furnished,Middle,14,91153
Bangalore,1,561.0,1.0,Studio,Semi-Furnished,High,27,38799
Delhi,2,1306.0,2.0,Studio,Fully Furnished,Low,19,49680
Bangalore,2,669.0,3.0,Apartment,Fully Furnished,Low,20,50375
Mumbai,2,1271.0,2.0,Studio,Unfurnished,High,25,66153
Hyderabad,4,1808.0,4.0,Apartment,Fully Furnished,Low,17,80657
Hyderabad,2,1429.0,2.0,Independent House,Semi-Furnished,High,3,72351
Kolkata,2,1578.0,2.0,Apartment,Unfurnished,Ground,29,51481
Chennai,2,978.0,3.0,Apartment,Fully Furnished,Middle,20,56229
Mumbai,3,1390.0,2.0,Villa,Unfurnished,Ground,3,86269
Delhi,3,1969.0,2.0,Apartment,Fully Furnished,Middle,18,91565
Mumbai,2,703.0,2.0,Studio,Semi-Furnished,Middle,28,51256
Bangalore,2,1131.0,1.0,Apartment,Unfurnished,Middle,29,46439
Mumbai,2,1156.0,2.0,Apartment,Unfurnished,Middle,4,65403
Mumbai,4,1897.0,4.0,Apartment,Semi-Furnished,Low,1,92247
Kolkata,2,655.0,3.0,Apartment,Semi-Furnished,Middle,9,50614
Delhi,2,1158.0,3.0,Studio,Fully Furnished,High,25,65379
Bangalore,2,1506.0,2.0,Apartment,Fully Furnished,Middle,16,72190
Pune,3,1530.0,3.0,Apartment,Semi-Furnished,Middle,10,55971
Kolkata,2,850.0,2.0,Apartment,Unfurnished,High,22,26047
Pune,1,650.0,1.0,Independent House,Semi-Furnished,Low,10,51751
Kolkata,3,1696.0,4.0,Studio,Semi-Furnished,Middle,10,62198
Hyderabad,3,1656.0,4.0,Apartment,Unfurnished,Middle,18,64092
Ahmedabad,3,1678.0,3.0,Apartment,Fully Furnished,Middle,21,66468
Kolkata,4,1942.0,4.0,Apartment,,Middle,10,96057
Chennai,2,1107.0,1.0,Apartment,Fully Furnished,Middle,7,45744
Mumbai,1,416.0,2.0,Apartment,Unfurnished,High,29,38828
Hyderabad,4,2144.0,5.0,Independent House,Semi-Furnished,Middle,2,107928
Delhi,2,1200.0,1.0,Apartment,Semi-Furnished,Low,8,57688
Pune,3,1414.0,3.0,Apartment,Fully Furnished,Low,20,56780
Ahmedabad,3,1567.0,3.0,Apartment,Fully Furnished,High,7,63778
Ahmedabad,2,1102.0,2.0,Independent House,Unfurnished,Low,25,46207
Kolkata,2,697.0,3.0,Apartment,Fully Furnished,Middle,17,36932
Mumbai,3,1726.0,3.0,Apartment,Fully Furnished,Ground,17,85176
Delhi,3,1673.0,4.0,Apartment,Semi-Furnished,High,21,61153
Chennai,2,1029.0,2.0,Studio,Semi-Furnished,High,10,41454
Delhi,2,1140.0,2.0,Apartment,Semi-Furnished,Middle,1,66583
Mumbai,1,350.0,2.0,Apartment,Fully Furnished,Low,21,46176
Chennai,1,350.0,2.0,Apartment,Semi-Furnished,Low,8,28701
Delhi,2,854.0,1.0,Apartment,Fully Furnished,Middle,30,56525
Chennai,2,482.0,2.0,Apartment,Unfurnished,Middle,18,31810
Kolkata,4,2518.0,3.0,Independent House,Fully Furnished,Low,14,85631
Kolkata,3,1321.0,3.0,Apartment,Semi-Furnished,Low,7,65058
Mumbai,3,1746.0,3.0,Independent House,Fully Furnished,Low,18,94398
Mumbai,2,941.0,2.0,Apartment,Semi-Furnished,Ground,8,58267
Chennai,1,699.0,1.0,Apartment,Semi-Furnished,Low,4,42785
Bangalore,5,2403.0,5.0,Apartment,Semi-Furnished,High,7,106956
Hyderabad,2,1165.0,2.0,Apartment,Semi-Furnished,Middle,0,55774
Ahmedabad,1,520.0,1.0,Apartment,Semi-Furnished,Low,16,25314
Delhi,2,855.0,3.0,Apartment,Semi-Furnished,Middle,14,57490
Delhi,4,2599.0,4.0,Apartment,Unfurnished,Ground,14,93113
Bangalore,4,1918.0,5.0,Apartment,Fully Furnished,Low,8,76291
Bangalore,1,350.0,1.0,Apartment,Unfurnished,Middle,6,41040
Bangalore,4,2397.0,4.0,Apartment,Fully Furnished,Middle,20,91040
Pune,2,1045.0,2.0,Villa,Fully Furnished,Low,13,72323
Pune,1,574.0,2.0,Villa,Semi-Furnished,Low,25,41997
Chennai,4,2234.0,4.0,Apartment,Semi-Furnished,Ground,0,99147
Pune,4,2032.0,4.0,Studio,Unfurnished,Low,18,69215
Kolkata,3,1470.0,4.0,Apartment,Unfurnished,High,25,66530
Kolkata,3,1333.0,4.0,Studio,Semi-Furnished,Low,25,52845
Mumbai,3,1273.0,3.0,Studio,Unfurnished,Low,29,45991
Ahmedabad,3,2141.0,3.0,Independent House,Semi-Furnished,Middle,27,77865
Chennai,4,1744.0,3.0,Apartment,Fully Furnished,High,8,92783
Ahmedabad,2,1683.0,2.0,Apartment,Fully Furnished,Middle,25,68828
Delhi,5,3226.0,5.0,Independent House,Unfurnished,Ground,18,122800
Hyderabad,5,1716.0,4.0,Apartment,Fully Furnished,Middle,12,90144
Mumbai,1,553.0,2.0,Villa,Unfurnished,High,4,72456
Delhi,4,2033.0,4.0,Villa,Semi-Furnished,Middle,13,109034
Delhi,2,1229.0,3.0,Studio,Unfurnished,Middle,17,58814
Chennai,2,810.0,3.0,Apartment,Semi-Furnished,Low,20,46677
Bangalore,3,1585.0,4.0,Apartment,Semi-Furnished,Middle,22,80430
Bangalore,1,522.0,1.0,Apartment,Unfurnished,Middle,27,38234
Ahmedabad,2,1003.0,1.0,Independent House,Semi-Furnished,High,4,55825
Mumbai,4,1882.0,4.0,Apartment,Semi-Furnished,Ground,4,106309
Bangalore,2,1222.0,3.0,Apartment,Semi-Furnished,Low,28,60203
Delhi,2,757.0,2.0,Apartment,Semi-Furnished,Low,26,40226
Bangalore,4,2293.0,5.0,Apartment,Fully Furnished,High,19,94424
Pune,2,1480.0,1.0,Apartment,Unfurnished,Ground,3,64529
Bangalore,2,689.0,2.0,Apartment,Unfurnished,Low,4,48372
Delhi,2,875.0,1.0,Apartment,Fully Furnished,High,1,56243
Ahmedabad,2,1371.0,2.0,Apartment,Semi-Furnished,Low,13,45800
Chennai,3,1418.0,2.0,Apartment,Fully Furnished,High,14,58962
Mumbai,3,1445.0,2.0,Independent House,Fully Furnished,Middle,5,96094
Hyderabad,2,1071.0,2.0,Studio,Semi-Furnished,High,26,49366
Bangalore,3,1913.0,3.0,Apartment,Unfurnished,High,1,96095
Kolkata,2,1172.0,2.0,Apartment,Fully Furnished,Middle,8,58534
Kolkata,2,902.0,2.0,Villa,Fully Furnished,Middle,10,61016
Ahmedabad,3,1835.0,2.0,Apartment,Unfurnished,Low,21,74691
Delhi,3,1701.0,3.0,Apartment,Semi-Furnished,Ground,4,76806
Hyderabad,2,1444.0,2.0,Apartment,Fully Furnished,Middle,10,67520
Hyderabad,1,672.0,2.0,Apartment,Unfurnished,Middle,2,42813
Pune,1,555.0,1.0,Apartment,Semi-Furnished,High,25,35985
Hyderabad,2,1555.0,2.0,Studio,Semi-Furnished,Ground,13,76432
Kolkata,2,1405.0,2.0,Apartment,Semi-Furnished,High,8,47403
Chennai,3,2346.0,3.0,Apartment,Unfurnished,Ground,23,79669
Delhi,1,1068.0,1.0,Apartment,Unfurnished,High,18,46946
Delhi,3,1575.0,2.0,Apartment,Unfurnished,Low,16,63283
Bangalore,2,745.0,2.0,Apartment,Semi-Furnished,Low,16,55226
Bangalore,2,1090.0,2.0,Apartment,Unfurnished,High,25,49484
Bangalore,2,736.0,1.0,Villa,Semi-Furnished,Middle,13,53221
Kolkata,2,1003.0,2.0,Independent House,Unfurnished,Middle,23,45862
Kolkata,4,2236.0,4.0,Apartment,Semi-Furnished,High,13,82654
Ahmedabad,1,629.0,1.0,Apartment,Unfurnished,Low,9,31993
Kolkata,2,959.0,1.0,Apartment,Fully Furnished,Low,22,50338
Kolkata,4,2184.0,4.0,Apartment,Fully Furnished,Middle,28,88817
Kolkata,3,1448.0,2.0,Apartment,Unfurnished,Low,6,55420
Kolkata,2,977.0,2.0,Apartment,Semi-Furnished,High,12,52826
Chennai,2,809.0,1.0,Apartment,Fully Furnished,Ground,2,44077
Kolkata,3,1280.0,3.0,Studio,Fully Furnished,Middle,28,52294
Ahmedabad,5,2533.0,5.0,Independent House,Semi-Furnished,Middle,30,93392
Hyderabad,4,1900.0,4.0,Apartment,Semi-Furnished,High,5,86466
Hyderabad,2,1014.0,2.0,Independent House,Unfurnished,Middle,9,51752
Pune,5,3613.0,5.0,Apartment,Fully Furnished,High,4,130499
Chennai,1,471.0,1.0,Apartment,Fully Furnished,Ground,20,42302
Bangalore,1,449.0,1.0,Apartment,Unfurnished,Middle,28,33005
Mumbai,3,597.0,4.0,Apartment,Semi-Furnished,High,5,71562
Kolkata,2,622.0,1.0,Independent House,Unfurnished,High,7,28316
Pune,1,557.0,1.0,Independent House,Semi-Furnished,Low,24,35865
Mumbai,2,848.0,1.0,Independent House,Unfurnished,High,4,72652
Ahmedabad,2,1406.0,2.0,Apartment,Unfurnished,High,9,64065
Hyderabad,3,1605.0,4.0,Apartment,Semi-Furnished,High,22,68291
Pune,3,1813.0,4.0,Studio,Fully Furnished,Middle,0,84546
Ahmedabad,2,1077.0,2.0,Independent House,Unfurnished,Middle,12,47779
Pune,2,1032.0,3.0,Apartment,Fully Furnished,High,4,62753
Delhi,4,1931.0,4.0,Studio,Unfurnished,High,25,83813
Ahmedabad,3,1990.0,3.0,Apartment,Semi-Furnished,Low,18,65573
Hyderabad,2,998.0,2.0,Apartment,Fully Furnished,Middle,25,60100
Hyderabad,5,3613.0,6.0,Independent House,Unfurnished,Middle,27,112624
Chennai,3,1553.0,4.0,Apartment,Unfurnished,High,15,63672
Pune,1,502.0,1.0,Apartment,Semi-Furnished,Middle,17,43413
Kolkata,1,500.0,2.0,Apartment,Semi-Furnished,Middle,18,36321
Hyderabad,1,826.0,2.0,Apartment,Fully Furnished,Low,9,50156
Pune,3,1077.0,3.0,Apartment,Semi-Furnished,High,24,46195
Chennai,2,1031.0,2.0,Apartment,Fully Furnished,Low,24,47755
Kolkata,2,809.0,2.0,Apartment,Semi-Furnished,Low,1,43526
Ahmedabad,1,350.0,2.0,Apartment,Semi-Furnished,High,30,25770
Chennai,4,2101.0,3.0,Apartment,Semi-Furnished,Middle,8,88021
Delhi,2,1120.0,2.0,Apartment,Semi-Furnished,Low,18,65330
Kolkata,4,2522.0,4.0,Apartment,Semi-Furnished,Low,11,100534
Pune,4,2308.0,3.0,Apartment,Fully Furnished,Low,11,85216
Hyderabad,1,473.0,2.0,Independent House,Unfurnished,Low,2,36853
Hyderabad,2,826.0,2.0,Apartment,Semi-Furnished,Ground,20,39878
Pune,1,647.0,1.0,Apartment,Unfurnished,Middle,12,40292
Pune,4,1997.0,4.0,Villa,Semi-Furnished,Low,3,75925
Pune,2,1459.0,2.0,Apartment,Fully Furnished,Ground,0,75216
Bangalore,1,670.0,1.0,Studio,Semi-Furnished,Middle,0,54165
Kolkata,1,677.0,1.0,Apartment,Fully Furnished,Low,20,32839
Hyderabad,2,571.0,2.0,Apartment,Fully Furnished,Low,3,38804
Kolkata,4,1845.0,4.0,Apartment,Unfurnished,High,23,75224
Chennai,3,1905.0,3.0,Apartment,Unfurnished,Ground,1,77893
Hyderabad,4,2239.0,4.0,Apartment,Unfurnished,Low,7,62497
Bangalore,2,686.0,1.0,Apartment,Semi-Furnished,Middle,15,43394
Pune,1,350.0,1.0,Studio,Fully Furnished,High,21,26284
Delhi,5,2191.0,5.0,Apartment,Unfurnished,Ground,9,108298
Pune,1,562.0,1.0,Villa,Semi-Furnished,High,8,50612
Ahmedabad,4,2082.0,4.0,Apartment,Semi-Furnished,High,26,83485
Pune,2,851.0,3.0,Independent House,Semi-Furnished,High,21,54482
Bangalore,1,400.0,1.0,Villa,Semi-Furnished,Ground,6,44711
Kolkata,3,1628.0,3.0,Apartment,Fully Furnished,Low,7,67548
Hyderabad,5,3158.0,4.0,Apartment,Unfurnished,Low,28,88736
Pune,5,2353.0,5.0,Apartment,Semi-Furnished,Middle,16,89492
Hyderabad,1,736.0,1.0,Apartment,Semi-Furnished,Ground,29,20201
Mumbai,2,925.0,1.0,Independent House,Fully Furnished,High,10,74826
Chennai,3,1657.0,,Apartment,Unfurnished,Middle,10,75341
Kolkata,3,2232.0,3.0,Independent House,Fully Furnished,High,22,100046
Hyderabad,3,1853.0,3.0,Apartment,Unfurnished,Low,14,68010
Delhi,2,688.0,2.0,Apartment,Semi-Furnished,Middle,6,47393
Chennai,4,2420.0,5.0,Apartment,Unfurnished,High,28,102503
Ahmedabad,3,1690.0,3.0,Apartment,Unfurnished,Ground,2,62367
Ahmedabad,4,2018.0,5.0,Apartment,Semi-Furnished,Middle,22,79235
Delhi,2,703.0,2.0,Apartment,Fully Furnished,Middle,26,51773
Pune,2,848.0,2.0,Independent House,Semi-Furnished,Low,29,47446
Chennai,5,2209.0,5.0,Apartment,Fully Furnished,Low,15,84255
Hyderabad,3,1329.0,2.0,Apartment,Unfurnished,Ground,28,57304
Chennai,4,2718.0,5.0,Apartment,Semi-Furnished,Middle,15,106584
Pune,4,1961.0,3.0,Apartment,Unfurnished,Middle,13,69814
Bangalore,3,1840.0,2.0,Apartment,Semi-Furnished,Middle,19,82266
Kolkata,2,1271.0,2.0,Apartment,Semi-Furnished,Ground,21,52848
Delhi,1,733.0,1.0,Apartment,Unfurnished,Middle,17,34309
Pune,1,350.0,1.0,Apartment,Semi-Furnished,Low,19,30037
Bangalore,2,1016.0,2.0,Apartment,Unfurnished,Low,9,50854
Chennai,2,624.0,2.0,Apartment,Semi-Furnished,Low,25,29790
Chennai,2,1232.0,2.0,Apartment,Fully Furnished,Low,28,63626
Pune,2,951.0,3.0,Independent House,Semi-Furnished,Middle,3,65438
Hyderabad,2,859.0,2.0,Apartment,Fully Furnished,Middle,30,42658
Chennai,2,662.0,1.0,Apartment,Unfurnished,Ground,13,25615
Hyderabad,1,440.0,1.0,Apartment,Fully Furnished,Low,4,34627
Hyderabad,1,1039.0,1.0,Apartment,Semi-Furnished,Ground,5,41362
Kolkata,3,2019.0,2.0,Apartment,Fully Furnished,Low,3,80754
Hyderabad,2,1454.0,2.0,Apartment,Semi-Furnished,Low,10,59840
Mumbai,2,1003.0,3.0,Villa,Fully Furnished,High,21,84761
Kolkata,3,1907.0,2.0,Apartment,Semi-Furnished,High,24,87094
Bangalore,3,1676.0,2.0,Apartment,Semi-Furnished,Middle,11,84127
Bangalore,2,706.0,1.0,Independent House,Unfurnished,Low,19,53615
Chennai,3,856.0,4.0,Apartment,Semi-Furnished,Low,30,43236
Chennai,4,2543.0,3.0,Villa,Unfurnished,High,10,100716
Hyderabad,3,1346.0,3.0,Studio,Fully Furnished,Ground,6,53902
Kolkata,2,1170.0,2.0,Apartment,Fully Furnished,Middle,10,65425
Kolkata,3,1213.0,2.0,Apartment,Unfurnished,Low,6,55788
Mumbai,1,740.0,2.0,Independent House,Unfurnished,Middle,23,43872
Hyderabad,3,1724.0,4.0,Apartment,Semi-Furnished,Middle,1,78284
Mumbai,5,2274.0,4.0,Apartment,Unfurnished,Ground,0,92699
Ahmedabad,2,1391.0,3.0,Villa,Unfurnished,Low,24,55116
Hyderabad,4,2085.0,4.0,Apartment,Semi-Furnished,Middle,8,82030
Delhi,2,1489.0,3.0,Apartment,Unfurnished,High,13,75264
Delhi,5,2420.0,5.0,Apartment,Semi-Furnished,Low,19,100531
Pune,3,1430.0,3.0,Independent House,Unfurnished,Low,3,76107
Hyderabad,1,777.0,1.0,Studio,Fully Furnished,High,28,31353
Kolkata,3,1819.0,3.0,Apartment,Unfurnished,High,9,69866
Chennai,2,1515.0,2.0,Villa,Semi-Furnished,High,26,81948
Bangalore,1,646.0,1.0,Apartment,Semi-Furnished,Low,18,42142
Pune,3,1551.0,2.0,Apartment,Unfurnished,High,18,66044
Chennai,2,750.0,3.0,Apartment,Unfurnished,Middle,20,39684
Delhi,3,1444.0,2.0,Apartment,Unfurnished,Middle,20,57523
Hyderabad,2,905.0,1.0,Apartment,Unfurnished,Middle,19,43747
Pune,2,875.0,1.0,Apartment,Unfurnished,Low,28,35024
Hyderabad,5,2406.0,5.0,Apartment,Semi-Furnished,Ground,20,80061
Delhi,2,1308.0,2.0,Studio,Semi-Furnished,Low,2,61377
Pune,3,1334.0,4.0,Apartment,Unfurnished,Middle,21,57169
Delhi,3,,3.0,Apartment,Unfurnished,Low,23,48413
Mumbai,3,1720.0,2.0,Studio,Semi-Furnished,Ground,21,86301
Delhi,4,2461.0,4.0,Villa,Semi-Furnished,Middle,28,85226
Kolkata,3,1433.0,3.0,Villa,Unfurnished,Middle,22,66097
Kolkata,2,1290.0,1.0,Apartment,Unfurnished,Ground,7,53547
Hyderabad,4,2315.0,4.0,Apartment,Unfurnished,Middle,22,69124
Bangalore,2,1097.0,3.0,Apartment,Fully Furnished,High,25,67664
Delhi,2,1107.0,2.0,Apartment,Unfurnished,High,14,59180
Chennai,4,2114.0,4.0,Apartment,Unfurnished,High,20,70199
Kolkata,3,1346.0,3.0,Apartment,Semi-Furnished,Low,30,58991
Ahmedabad,3,1297.0,2.0,Apartment,Fully Furnished,Ground,21,53632
Bangalore,3,1613.0,3.0,Villa,Semi-Furnished,Middle,5,89684
Mumbai,3,1412.0,3.0,Apartment,Unfurnished,High,8,80922
Pune,4,1399.0,4.0,Apartment,Unfurnished,Low,20,52688
Pune,2,534.0,2.0,Villa,Fully Furnished,Low,3,53708
Kolkata,1,502.0,1.0,Independent House,Fully Furnished,Middle,17,30623
Bangalore,2,1222.0,3.0,Apartment,Fully Furnished,Middle,28,68158
Kolkata,3,1175.0,3.0,Apartment,Semi-Furnished,High,15,58021
Pune,2,864.0,1.0,Apartment,Semi-Furnished,Middle,3,56808
Ahmedabad,1,350.0,1.0,Apartment,Unfurnished,Middle,29,15515
Delhi,2,1313.0,2.0,Apartment,Semi-Furnished,Middle,1,73672
Bangalore,5,2108.0,6.0,Villa,Semi-Furnished,High,28,85534
Hyderabad,3,1852.0,4.0,Apartment,Semi-Furnished,Low,22,63806
Delhi,2,1440.0,1.0,Studio,Unfurnished,Ground,25,45712
Delhi,2,1294.0,1.0,Apartment,Fully Furnished,Low,21,71412
Delhi,2,1030.0,2.0,Apartment,Semi-Furnished,Middle,15,55056
Hyderabad,1,350.0,1.0,Villa,Fully Furnished,Middle,5,45372
Ahmedabad,1,350.0,1.0,Apartment,Semi-Furnished,Ground,16,17701
Mumbai,4,1333.0,4.0,Apartment,Unfurnished,Low,2,83978
Ahmedabad,5,2685.0,6.0,Apartment,Semi-Furnished,Middle,12,112252
Ahmedabad,1,350.0,1.0,Apartment,Fully Furnished,High,1,43055
Ahmedabad,1,480.0,1.0,Apartment,Unfurnished,Low,3,28879
Chennai,2,1131.0,1.0,Apartment,Semi-Furnished,Middle,8,48996
Kolkata,2,1643.0,2.0,Apartment,Fully Furnished,Low,26,59354
Pune,2,1013.0,2.0,Apartment,Semi-Furnished,Middle,27,43381
Kolkata,2,1114.0,2.0,Studio,Unfurnished,Low,23,39704
Bangalore,2,1400.0,2.0,Apartment,Semi-Furnished,Ground,16,74519
Ahmedabad,3,1807.0,2.0,Independent House,Semi-Furnished,Middle,12,72692
Mumbai,3,1388.0,3.0,Apartment,Semi-Furnished,Ground,27,58262
Bangalore,3,1265.0,3.0,Apartment,Semi-Furnished,High,6,63375
Kolkata,2,916.0,2.0,Independent House,Fully Furnished,High,25,50732
Pune,4,2110.0,3.0,Apartment,Unfurnished,Middle,13,93264
Hyderabad,5,3073.0,5.0,Apartment,Unfurnished,Middle,0,95797
Kolkata,1,473.0,1.0,Apartment,Unfurnished,Low,8,24546
Delhi,2,830.0,2.0,Apartment,Semi-Furnished,Low,12,46130
Kolkata,2,1507.0,1.0,Independent House,Unfurnished,Low,8,61015
Delhi,1,493.0,1.0,Independent House,Semi-Furnished,Low,2,47839
Hyderabad,2,1240.0,1.0,Independent House,Fully Furnished,Low,17,72788
Kolkata,3,1327.0,4.0,Apartment,Unfurnished,Middle,23,46395
Mumbai,2,1379.0,2.0,Apartment,Semi-Furnished,Middle,21,71004
Mumbai,2,880.0,3.0,Studio,Semi-Furnished,Middle,12,65036
Bangalore,2,1212.0,3.0,Apartment,Unfurnished,Low,15,54120
Hyderabad,4,2795.0,4.0,Apartment,Unfurnished,High,14,101076
Ahmedabad,2,860.0,2.0,Independent House,Fully Furnished,Middle,18,48390
Mumbai,3,1425.0,3.0,Apartment,Fully Furnished,Middle,28,75377
Kolkata,1,624.0,1.0,Apartment,Fully Furnished,Low,20,47968
Hyderabad,1,727.0,1.0,Apartment,Semi-Furnished,Ground,9,54708
Pune,2,766.0,1.0,Apartment,Semi-Furnished,Low,8,50848
Delhi,1,517.0,1.0,Apartment,Fully Furnished,Middle,28,44128
Kolkata,1,466.0,1.0,Apartment,,Low,11,31859
Delhi,1,689.0,2.0,Apartment,Fully Furnished,Low,7,47289
Delhi,3,1072.0,3.0,Apartment,Unfurnished,Middle,9,63117
Ahmedabad,3,2009.0,2.0,Villa,Semi-Furnished,Middle,1,74131
Hyderabad,2,707.0,3.0,Villa,Semi-Furnished,Ground,14,52298
Hyderabad,3,1511.0,3.0,Villa,Fully Furnished,High,19,90691
Bangalore,2,557.0,2.0,Independent House,Fully Furnished,Low,15,55974
Delhi,3,1884.0,3.0,Apartment,Unfurnished,Middle,9,73219
Bangalore,2,1188.0,1.0,Apartment,Unfurnished,High,12,56320
Ahmedabad,3,1714.0,4.0,Apartment,Semi-Furnished,Middle,10,70683
Delhi,5,2020.0,5.0,Apartment,Semi-Furnished,Low,24,100637
Bangalore,4,1171.0,4.0,Studio,Fully Furnished,Middle,15,64592
Bangalore,1,452.0,1.0,Apartment,Unfurnished,Ground,13,31886
Pune,4,2442.0,5.0,Studio,Fully Furnished,Low,30,86934
Bangalore,1,607.0,1.0,Apartment,Semi-Furnished,Low,30,43063
Hyderabad,4,2208.0,3.0,Apartment,Fully Furnished,Ground,7,81109
Bangalore,2,868.0,3.0,Independent House,Fully Furnished,Ground,18,58168
Delhi,2,1396.0,2.0,Apartment,Fully Furnished,High,1,68541
Bangalore,1,611.0,1.0,Apartment,Semi-Furnished,Low,3,43992
Mumbai,1,737.0,1.0,Apartment,Fully Furnished,Low,17,50742
Chennai,3,1533.0,3.0,Apartment,Fully Furnished,Low,25,67120
Delhi,4,1933.0,4.0,Independent House,Semi-Furnished,Middle,15,95842
Mumbai,3,1542.0,3.0,Apartment,Semi-Furnished,Middle,6,82616
Ahmedabad,3,935.0,4.0,Studio,Fully Furnished,High,9,45741
Delhi,3,1316.0,2.0,Apartment,Unfurnished,Middle,5,51944
Hyderabad,2,1216.0,2.0,Apartment,Fully Furnished,Low,0,71138
Chennai,1,350.0,1.0,Apartment,Semi-Furnished,Middle,17,34011
Chennai,1,389.0,1.0,Villa,Unfurnished,Low,25,30927
Hyderabad,2,1047.0,3.0,Villa,Semi-Furnished,Middle,13,70303
Chennai,2,916.0,2.0,Apartment,Semi-Furnished,Low,23,47226
Hyderabad,1,497.0,1.0,Independent House,Unfurnished,High,9,32542
Mumbai,1,350.0,1.0,Apartment,Semi-Furnished,Middle,27,43720
Ahmedabad,1,485.0,1.0,Apartment,Fully Furnished,Middle,23,31546
Pune,4,2175.0,5.0,Villa,Fully Furnished,Low,12,113321
Delhi,1,375.0,1.0,Villa,Semi-Furnished,Ground,5,52859
Hyderabad,2,770.0,1.0,Apartment,Semi-Furnished,Low,9,34454
Delhi,3,1423.0,3.0,Apartment,Semi-Furnished,Middle,25,70128
Ahmedabad,2,1595.0,2.0,Villa,Unfurnished,Middle,29,54049
Mumbai,1,771.0,2.0,Apartment,Fully Furnished,Ground,22,55832
Pune,2,1223.0,2.0,Villa,Fully Furnished,Middle,1,74484
Ahmedabad,1,806.0,1.0,Apartment,Unfurnished,Ground,0,39532
Mumbai,2,1358.0,2.0,Apartment,Semi-Furnished,Ground,27,53513
Chennai,2,981.0,1.0,Apartment,Unfurnished,Middle,26,43055
Delhi,3,1590.0,3.0,Apartment,Unfurnished,Middle,5,80102
Kolkata,3,1561.0,3.0,Apartment,Unfurnished,Low,28,40793
Pune,2,1548.0,2.0,Apartment,Unfurnished,Middle,25,63279
Chennai,2,1018.0,2.0,Apartment,Semi-Furnished,Ground,26,37110
Ahmedabad,2,1008.0,2.0,Apartment,Fully Furnished,Low,18,42850
Pune,4,1456.0,4.0,Apartment,Unfurnished,High,16,59909
Chennai,2,746.0,3.0,Apartment,Fully Furnished,Middle,0,44452
Mumbai,3,1447.0,3.0,Apartment,Unfurnished,High,14,75625
Hyderabad,3,1201.0,3.0,Apartment,Unfurnished,Low,13,52830
Delhi,2,1171.0,2.0,Apartment,Semi-Furnished,High,2,68180
Bangalore,2,956.0,2.0,Studio,Semi-Furnished,Middle,9,52383
Bangalore,2,1047.0,2.0,Independent House,Semi-Furnished,Ground,28,49561
Mumbai,1,350.0,1.0,Apartment,Semi-Furnished,Ground,6,42657
Ahmedabad,1,593.0,1.0,Apartment,Fully Furnished,Ground,17,39390
Delhi,1,513.0,1.0,Apartment,Fully Furnished,Middle,3,55332
Ahmedabad,2,1383.0,1.0,Villa,Unfurnished,Low,19,57593
Delhi,2,1136.0,2.0,Independent House,Unfurnished,Low,11,57946
Mumbai,4,1931.0,4.0,Apartment,Unfurnished,Middle,21,100797
Delhi,2,727.0,3.0,Apartment,Unfurnished,Middle,30,36127
Hyderabad,4,1631.0,3.0,Apartment,Fully Furnished,Middle,6,75473
Ahmedabad,4,1711.0,4.0,Apartment,Unfurnished,Low,13,67858
Mumbai,4,2170.0,4.0,Apartment,Semi-Furnished,Low,1,91582
Hyderabad,3,951.0,4.0,Apartment,Fully Furnished,Ground,16,53953
Delhi,2,891.0,2.0,Apartment,Fully Furnished,Low,5,54174
Mumbai,1,542.0,1.0,Apartment,Unfurnished,Low,18,51986
Delhi,3,1954.0,4.0,Studio,Fully Furnished,High,26,87938
Ahmedabad,2,1618.0,2.0,Apartment,Fully Furnished,High,5,69375
Mumbai,4,2288.0,5.0,Apartment,Semi-Furnished,High,1,102353
Delhi,5,2611.0,6.0,Apartment,Semi-Furnished,Low,25,110063
Ahmedabad,2,904.0,1.0,Apartment,Semi-Furnished,High,12,50474
Hyderabad,2,1069.0,2.0,Studio,Fully Furnished,Low,22,40778
Kolkata,2,1329.0,2.0,Apartment,Semi-Furnished,Low,14,62684
Hyderabad,1,877.0,1.0,Apartment,Semi-Furnished,Middle,27,51345
Delhi,2,449.0,3.0,Apartment,Fully Furnished,Middle,9,47623
Mumbai,2,1043.0,2.0,Apartment,Unfurnished,Middle,28,55956
Bangalore,3,1155.0,3.0,Apartment,Semi-Furnished,Low,7,56061
Hyderabad,2,960.0,2.0,Apartment,Semi-Furnished,Low,4,49139
Hyderabad,4,2635.0,4.0,Independent House,Semi-Furnished,High,13,115842
Ahmedabad,3,1519.0,3.0,Studio,Semi-Furnished,High,30,57218
Chennai,4,2079.0,4.0,Apartment,,Low,24,75155
Bangalore,1,491.0,1.0,Apartment,Unfurnished,Middle,5,32183
Delhi,4,2012.0,4.0,Apartment,Unfurnished,Low,11,71311
Kolkata,3,1626.0,4.0,Independent House,Fully Furnished,Middle,2,73501
Mumbai,1,709.0,1.0,Apartment,Semi-Furnished,Low,14,64481
Chennai,2,1246.0,1.0,Apartment,Unfurnished,Middle,17,45351
Delhi,4,1554.0,4.0,Apartment,Semi-Furnished,Low,22,73344
Pune,1,600.0,1.0,Studio,Semi-Furnished,Middle,0,30478
Kolkata,2,1014.0,2.0,Independent House,Unfurnished,Low,14,47312
Hyderabad,2,412.0,3.0,Apartment,Fully Furnished,Low,16,36780
Pune,3,1255.0,3.0,Apartment,Fully Furnished,Low,7,66500
Hyderabad,3,1186.0,3.0,Villa,Semi-Furnished,High,12,70929
Hyderabad,2,1230.0,,Apartment,Semi-Furnished,High,5,41189
Pune,2,1092.0,1.0,Apartment,Semi-Furnished,Middle,13,52684
Kolkata,5,2020.0,4.0,Apartment,Semi-Furnished,Low,18,75789
Ahmedabad,3,1505.0,3.0,Apartment,Semi-Furnished,Low,8,66932
Pune,4,1506.0,4.0,Apartment,Fully Furnished,Middle,27,73304
Delhi,2,529.0,1.0,Apartment,Semi-Furnished,Low,0,42505
Chennai,2,981.0,2.0,Independent House,Unfurnished,Middle,20,47864
Chennai,2,837.0,2.0,Apartment,Fully Furnished,Middle,0,49155
Pune,3,794.0,2.0,Apartment,Semi-Furnished,Ground,12,50216
Delhi,1,696.0,1.0,Apartment,Semi-Furnished,High,6,49912
Ahmedabad,2,987.0,1.0,Apartment,Unfurnished,High,0,44178
Chennai,1,587.0,1.0,Apartment,Unfurnished,Low,3,35725
Delhi,2,1121.0,2.0,Apartment,Unfurnished,High,17,53246
Ahmedabad,3,1796.0,3.0,Villa,Unfurnished,Middle,25,76560
Delhi,1,633.0,1.0,Apartment,Semi-Furnished,Low,24,33292
Hyderabad,3,1739.0,3.0,Apartment,Unfurnished,Middle,2,65520
Chennai,4,2052.0,4.0,Apartment,Unfurnished,High,21,88063
Ahmedabad,2,933.0,3.0,Studio,Fully Furnished,High,6,62509
Chennai,3,1823.0,4.0,Independent House,Fully Furnished,Middle,17,85031
Hyderabad,5,1896.0,4.0,Independent House,Semi-Furnished,Middle,0,76526
Pune,5,1858.0,4.0,Apartment,Semi-Furnished,Low,17,95548
Hyderabad,2,1353.0,1.0,Apartment,Fully Furnished,Middle,23,69490
Chennai,1,592.0,1.0,Apartment,Semi-Furnished,Middle,28,26552
Chennai,1,944.0,1.0,Villa,Semi-Furnished,Ground,8,55059
Kolkata,3,1495.0,2.0,Apartment,Fully Furnished,Low,7,64145
Ahmedabad,3,1556.0,2.0,Villa,Semi-Furnished,Low,16,54435
Pune,3,1712.0,4.0,Apartment,Unfurnished,High,1,84560
Hyderabad,2,1127.0,2.0,Independent House,Fully Furnished,Middle,3,68308
Ahmedabad,1,422.0,1.0,Apartment,Fully Furnished,Low,14,33036
Mumbai,3,1569.0,3.0,Studio,Fully Furnished,Low,7,96771
Ahmedabad,2,1334.0,3.0,Apartment,Fully Furnished,Low,29,57686
Mumbai,3,1674.0,3.0,Apartment,Semi-Furnished,Ground,14,84808
Pune,2,1212.0,2.0,Apartment,Fully Furnished,Middle,24,62885
Hyderabad,2,906.0,1.0,Apartment,Fully Furnished,Ground,6,53428
Hyderabad,2,904.0,2.0,Studio,Semi-Furnished,High,23,47724
Delhi,2,982.0,3.0,Apartment,Semi-Furnished,High,8,58770
Chennai,2,1081.0,2.0,Apartment,Semi-Furnished,High,19,48355
Bangalore,1,350.0,1.0,Apartment,Unfurnished,High,11,36544
Kolkata,2,1135.0,3.0,Studio,Semi-Furnished,Middle,3,49980
Ahmedabad,1,605.0,1.0,Apartment,Unfurnished,Ground,13,24353
Pune,2,607.0,1.0,Apartment,Semi-Furnished,Middle,10,47798
Bangalore,3,1120.0,3.0,Studio,Unfurnished,Low,18,59508
Ahmedabad,2,792.0,2.0,Independent House,Semi-Furnished,Low,22,43159
Bangalore,3,1461.0,3.0,Independent House,Unfurnished,Low,13,63490
Pune,3,1948.0,4.0,Independent House,Fully Furnished,Low,27,76568
Hyderabad,3,1674.0,2.0,Apartment,Semi-Furnished,Middle,10,80869
Pune,4,2021.0,3.0,Apartment,Semi-Furnished,Ground,19,74740
Ahmedabad,1,587.0,1.0,Apartment,Fully Furnished,Low,12,34469
Bangalore,3,1699.0,3.0,Apartment,Semi-Furnished,High,13,80762
Chennai,4,2299.0,4.0,Apartment,Unfurnished,Low,12,84826
Kolkata,4,2456.0,3.0,Apartment,Unfurnished,Middle,16,99421
Kolkata,1,350.0,1.0,Apartment,Unfurnished,Middle,29,16738
Chennai,2,1152.0,2.0,Apartment,Unfurnished,Middle,15,54202
Chennai,1,350.0,1.0,Independent House,Fully Furnished,Low,7,46393
Hyderabad,3,1720.0,3.0,Apartment,Fully Furnished,High,16,77680
Ahmedabad,3,1137.0,3.0,Independent House,,Middle,11,55768
Mumbai,2,981.0,3.0,Independent House,Unfurnished,Middle,27,60813
Pune,2,1002.0,2.0,Apartment,Semi-Furnished,High,18,53503
Kolkata,3,1878.0,3.0,Apartment,Unfurnished,Ground,8,66059
Chennai,2,974.0,2.0,Apartment,Unfurnished,Middle,10,41078
Pune,4,2005.0,3.0,Apartment,Fully Furnished,Middle,25,73234
Kolkata,3,1779.0,3.0,Apartment,Semi-Furnished,High,27,75684
Chennai,1,541.0,1.0,Apartment,Fully Furnished,Ground,0,40726
Ahmedabad,3,2122.0,3.0,Apartment,Semi-Furnished,Middle,16,64936
Kolkata,2,798.0,2.0,Apartment,Semi-Furnished,High,18,43196
Hyderabad,2,580.0,1.0,Apartment,Fully Furnished,Middle,12,59044
Mumbai,4,2214.0,5.0,Apartment,Semi-Furnished,Middle,11,104400
Mumbai,4,1849.0,5.0,Villa,Semi-Furnished,High,22,101626
Chennai,2,853.0,1.0,Studio,Semi-Furnished,High,11,42474
Kolkata,2,1452.0,1.0,Independent House,Semi-Furnished,Middle,27,73327
Hyderabad,2,1072.0,1.0,Independent House,Fully Furnished,Middle,12,54051
Delhi,2,1133.0,2.0,Apartment,Fully Furnished,Low,5,71906
Pune,1,350.0,1.0,Apartment,Semi-Furnished,Low,30,19336
Pune,2,822.0,2.0,Apartment,Semi-Furnished,Middle,27,44915
Bangalore,1,388.0,1.0,Independent House,Unfurnished,Ground,12,45147
Hyderabad,2,1083.0,3.0,Apartment,Semi-Furnished,High,20,59582
Kolkata,2,938.0,2.0,Apartment,Semi-Furnished,High,10,48049
Ahmedabad,5,3456.0,6.0,Villa,Unfurnished,Low,19,111605
Ahmedabad,3,2029.0,3.0,Studio,Fully Furnished,Middle,20,65169
Bangalore,2,1486.0,2.0,Independent House,Unfurnished,Low,20,74575
Chennai,1,725.0,1.0,Apartment,Semi-Furnished,Middle,10,27990
Kolkata,2,1719.0,3.0,Apartment,Fully Furnished,Middle,11,70998
Bangalore,2,774.0,2.0,Apartment,Semi-Furnished,Low,22,54409
Mumbai,2,1182.0,2.0,Studio,Semi-Furnished,High,25,67076
Pune,3,1783.0,4.0,Villa,Unfurnished,High,21,75589
Kolkata,3,1676.0,3.0,Apartment,Unfurnished,Middle,14,59226
Bangalore,3,2084.0,2.0,Apartment,Semi-Furnished,Middle,28,69127
Mumbai,2,1309.0,2.0,Villa,Unfurnished,Ground,30,78915
Hyderabad,4,2174.0,4.0,Studio,Unfurnished,Low,8,62597
Bangalore,4,2239.0,4.0,Apartment,Semi-Furnished,High,13,105777
Chennai,2,1147.0,1.0,Independent House,Semi-Furnished,High,2,57131
Chennai,2,966.0,2.0,Apartment,Semi-Furnished,High,6,44690
Chennai,2,1585.0,2.0,Apartment,Unfurnished,Ground,5,58900
Kolkata,2,673.0,2.0,Independent House,Fully Furnished,Middle,2,48739
Ahmedabad,3,1642.0,3.0,Independent House,Unfurnished,Ground,26,64389
Ahmedabad,2,1161.0,2.0,Apartment,Semi-Furnished,High,22,47829
Pune,1,363.0,2.0,Apartment,Semi-Furnished,Middle,27,24706
Bangalore,2,658.0,1.0,Studio,Fully Furnished,High,22,43699
Hyderabad,2,731.0,3.0,Apartment,Semi-Furnished,Middle,9,40082
Bangalore,4,2131.0,5.0,Independent House,Fully Furnished,Ground,16,105805
Pune,3,1662.0,3.0,Apartment,,Middle,21,59056
Mumbai,3,1386.0,3.0,Apartment,Semi-Furnished,High,29,83267
Pune,2,1048.0,3.0,Apartment,Semi-Furnished,Ground,14,46322
Chennai,3,1179.0,3.0,Independent House,,High,13,53321
Kolkata,2,997.0,2.0,Apartment,Unfurnished,Middle,10,47692
Mumbai,3,1438.0,3.0,Apartment,Semi-Furnished,Low,22,84510
Kolkata,1,416.0,1.0,Independent House,Semi-Furnished,Middle,28,29236
Chennai,2,1021.0,2.0,Independent House,Unfurnished,Ground,17,48274
Delhi,2,1139.0,1.0,Apartment,Unfurnished,Low,25,49779
Pune,2,1374.0,2.0,Apartment,Fully Furnished,Ground,14,63192
Pune,5,3306.0,4.0,Apartment,Semi-Furnished,Middle,18,135557
Hyderabad,2,1143.0,2.0,Apartment,Unfurnished,Low,24,50130
Bangalore,2,1087.0,2.0,Independent House,Semi-Furnished,Low,7,54425
Mumbai,2,888.0,2.0,Studio,Fully Furnished,Middle,10,63070
Ahmedabad,4,2005.0,4.0,Apartment,Semi-Furnished,Ground,0,74757
Kolkata,2,992.0,2.0,Studio,Fully Furnished,Middle,2,62288
Mumbai,3,1511.0,3.0,Apartment,Fully Furnished,Middle,18,92703
Hyderabad,4,2409.0,4.0,Apartment,Fully Furnished,High,10,111044
Hyderabad,2,1280.0,2.0,Apartment,Semi-Furnished,Middle,27,50569
Kolkata,2,1179.0,2.0,Studio,Fully Furnished,Middle,18,60971
Ahmedabad,2,601.0,2.0,Apartment,Unfurnished,Middle,17,33548
Bangalore,3,1753.0,4.0,Apartment,Semi-Furnished,Ground,20,76498
Kolkata,1,618.0,1.0,Apartment,Unfurnished,Middle,13,31837
Kolkata,2,984.0,2.0,Studio,Unfurnished,Middle,13,43922
Chennai,3,1646.0,4.0,Villa,Semi-Furnished,Middle,12,85854
Ahmedabad,3,1608.0,4.0,Apartment,Semi-Furnished,Low,18,63301
Bangalore,2,1469.0,2.0,Apartment,Unfurnished,Middle,11,64492
Pune,2,949.0,2.0,Villa,Unfurnished,Low,18,52798
Chennai,2,1307.0,1.0,Studio,Semi-Furnished,Middle,10,72986
Delhi,2,1093.0,2.0,Villa,Semi-Furnished,Low,0,62868
Ahmedabad,2,919.0,2.0,Studio,Semi-Furnished,Low,5,51061
Bangalore,4,,5.0,Apartment,Unfurnished,High,29,81791
Hyderabad,2,1517.0,2.0,Villa,Fully Furnished,High,9,86217
Chennai,4,2057.0,4.0,Studio,Semi-Furnished,High,29,73775
Bangalore,3,1256.0,4.0,Villa,Semi-Furnished,Low,8,79541
Mumbai,1,350.0,1.0,Apartment,Semi-Furnished,High,5,42867
Kolkata,3,1635.0,3.0,Independent House,Semi-Furnished,Middle,12,72258
Delhi,1,748.0,1.0,Independent House,Semi-Furnished,Middle,5,65836
Pune,5,,5.0,Independent House,Unfurnished,Ground,19,105288
Kolkata,4,2135.0,4.0,Apartment,Fully Furnished,Ground,16,90451
Mumbai,2,1363.0,1.0,Apartment,Unfurnished,High,1,73523
Mumbai,2,1311.0,2.0,Apartment,Semi-Furnished,Middle,1,72929
Delhi,2,1153.0,1.0,Independent House,Semi-Furnished,Low,9,60838
Pune,2,609.0,3.0,Apartment,Fully Furnished,Middle,28,55197
Hyderabad,2,992.0,1.0,Apartment,Unfurnished,Middle,0,45025
Chennai,2,1001.0,1.0,Apartment,Semi-Furnished,Ground,1,49839
Ahmedabad,3,1559.0,3.0,Villa,Fully Furnished,Middle,14,69049
Pune,1,414.0,1.0,Apartment,Unfurnished,Middle,20,25871
Ahmedabad,4,1538.0,4.0,Villa,Unfurnished,Ground,3,66676
Bangalore,3,2088.0,2.0,Apartment,Semi-Furnished,Low,7,87411
Mumbai,2,948.0,3.0,Studio,Unfurnished,Middle,18,50631
Bangalore,4,1922.0,4.0,Studio,Fully Furnished,Middle,19,98020
Hyderabad,2,1456.0,1.0,Independent House,Semi-Furnished,Low,23,61710
Bangalore,1,418.0,1.0,Apartment,Unfurnished,Ground,16,34203
Pune,3,1468.0,4.0,Apartment,Semi-Furnished,High,27,57339
Bangalore,2,492.0,2.0,Apartment,Unfurnished,Middle,6,46271
Hyderabad,3,1462.0,3.0,Apartment,Fully Furnished,Low,21,67246
Hyderabad,4,1974.0,4.0,Independent House,Unfurnished,Middle,4,96289
Hyderabad,5,3140.0,5.0,Apartment,Semi-Furnished,Low,0,121203
Pune,3,1878.0,2.0,Apartment,Unfurnished,Low,30,71424
Hyderabad,3,1947.0,4.0,Apartment,Semi-Furnished,Low,17,74257
Mumbai,1,603.0,1.0,Independent House,Fully Furnished,Low,4,57232
Kolkata,1,581.0,1.0,Apartment,Unfurnished,Low,29,19452
Hyderabad,3,814.0,4.0,Apartment,Unfurnished,High,24,45704
Bangalore,2,683.0,2.0,Apartment,Fully Furnished,Low,6,55142
Chennai,2,1118.0,2.0,Apartment,Semi-Furnished,Middle,13,55003
Bangalore,2,934.0,1.0,Apartment,Semi-Furnished,Low,6,51318
Chennai,3,1634.0,3.0,Apartment,Fully Furnished,Middle,29,66710
Bangalore,2,880.0,2.0,Apartment,Fully Furnished,Middle,16,58087
Pune,3,2337.0,4.0,Apartment,Semi-Furnished,Middle,12,101174
Bangalore,1,350.0,1.0,Villa,Semi-Furnished,Low,23,42765
Pune,1,987.0,2.0,Independent House,Semi-Furnished,High,3,55710
Pune,2,1406.0,3.0,Apartment,Unfurnished,Low,30,53519
Hyderabad,2,1012.0,2.0,Apartment,Fully Furnished,High,11,60542
Mumbai,4,2710.0,3.0,Independent House,Unfurnished,Middle,17,97733
Chennai,1,580.0,2.0,Apartment,Unfurnished,Middle,22,34903
Hyderabad,1,681.0,1.0,Apartment,Fully Furnished,Ground,21,37878
Hyderabad,2,1152.0,2.0,Apartment,Unfurnished,Middle,24,49775
Kolkata,2,874.0,2.0,Apartment,Unfurnished,Middle,11,49677
Pune,1,350.0,1.0,Apartment,Semi-Furnished,Low,24,34279
Pune,1,490.0,1.0,Independent House,Semi-Furnished,Low,3,46246
Chennai,5,2341.0,5.0,Apartment,Semi-Furnished,Low,20,97315
Bangalore,3,1717.0,3.0,Apartment,Fully Furnished,Low,15,78322
Bangalore,2,942.0,2.0,Studio,Unfurnished,Middle,13,44728
Ahmedabad,2,1383.0,3.0,Independent House,Unfurnished,Ground,28,55542
Hyderabad,2,941.0,3.0,Apartment,Unfurnished,High,27,46880
Ahmedabad,2,746.0,2.0,Apartment,Unfurnished,High,20,30238
Delhi,3,1554.0,3.0,Apartment,Unfurnished,Low,29,67805
Delhi,4,485.0,5.0,Apartment,Semi-Furnished,Low,7,53787
Ahmedabad,2,953.0,2.0,Studio,Fully Furnished,High,16,37093
Bangalore,4,2022.0,4.0,Independent House,Fully Furnished,Low,21,85094
Delhi,1,753.0,2.0,Villa,Fully Furnished,Ground,4,63106
Kolkata,2,1301.0,3.0,Villa,Fully Furnished,High,1,67803
Bangalore,1,665.0,1.0,Apartment,Unfurnished,Middle,19,32645
Pune,1,,1.0,Apartment,Unfurnished,Middle,22,28654
Hyderabad,4,1220.0,4.0,Apartment,Semi-Furnished,Low,1,72276
Mumbai,2,949.0,2.0,Independent House,Semi-Furnished,Low,21,75111
Hyderabad,1,399.0,2.0,Apartment,Unfurnished,Low,20,25298
Ahmedabad,4,1967.0,4.0,Studio,Fully Furnished,Low,11,87824
Bangalore,4,1914.0,4.0,Studio,Semi-Furnished,Middle,27,71617
Ahmedabad,3,1030.0,4.0,Apartment,Fully Furnished,Middle,16,55945
Kolkata,4,1432.0,4.0,Apartment,Unfurnished,Low,16,53879
Bangalore,2,1384.0,1.0,Apartment,Unfurnished,Middle,7,57525
Hyderabad,3,1509.0,3.0,Apartment,Semi-Furnished,Low,28,58833
Kolkata,3,1132.0,2.0,Apartment,Unfurnished,High,30,42195
Kolkata,4,1802.0,4.0,Apartment,Fully Furnished,Middle,24,80090
Kolkata,3,1954.0,3.0,Apartment,Fully Furnished,Middle,6,78633
Chennai,2,811.0,3.0,Apartment,Semi-Furnished,Middle,24,41179
Bangalore,3,2041.0,3.0,Apartment,Fully Furnished,Low,17,99896
Delhi,2,719.0,1.0,Studio,Unfurnished,High,25,40929
Delhi,2,929.0,2.0,Apartment,Semi-Furnished,Low,25,41126
Bangalore,1,580.0,1.0,Apartment,Unfurnished,Low,28,43244
Bangalore,4,2630.0,4.0,Independent House,Semi-Furnished,High,7,128213
Chennai,2,894.0,2.0,Apartment,Unfurnished,Low,14,32790
Delhi,2,1179.0,2.0,Apartment,Semi-Furnished,High,13,60097
Bangalore,2,932.0,2.0,Studio,Semi-Furnished,Low,15,53945
Bangalore,4,2605.0,4.0,Apartment,Semi-Furnished,Low,5,100190
Ahmedabad,2,1161.0,,Apartment,Semi-Furnished,High,22,54751
Chennai,3,988.0,3.0,Apartment,Semi-Furnished,High,22,55564
Chennai,4,1982.0,4.0,Studio,Unfurnished,High,14,81418
Hyderabad,2,1003.0,2.0,Villa,Unfurnished,Low,21,55626
Chennai,2,634.0,2.0,Villa,Semi-Furnished,Middle,3,56390
Mumbai,3,1018.0,2.0,Studio,Semi-Furnished,Ground,2,75615
Delhi,4,1793.0,4.0,Apartment,Unfurnished,Middle,12,86206
Hyderabad,3,1565.0,3.0,Independent House,Fully Furnished,Middle,11,68004
Mumbai,2,901.0,2.0,Apartment,Fully Furnished,High,8,55240
Bangalore,4,2051.0,4.0,Studio,Semi-Furnished,High,4,83109
Ahmedabad,2,1157.0,2.0,Independent House,Semi-Furnished,Low,11,62149
Ahmedabad,3,1254.0,4.0,Independent House,Fully Furnished,Middle,28,66735
Bangalore,3,1512.0,3.0,Independent House,Fully Furnished,Low,0,92215
Hyderabad,2,760.0,2.0,Apartment,,Ground,0,55531
Chennai,3,1859.0,3.0,Apartment,Fully Furnished,Low,23,65635
Kolkata,3,1277.0,4.0,Studio,Fully Furnished,Ground,20,64782
Ahmedabad,4,1571.0,3.0,Studio,Semi-Furnished,High,29,53454
Kolkata,1,568.0,2.0,Apartment,Semi-Furnished,Low,20,31786
Bangalore,2,860.0,2.0,Apartment,Fully Furnished,Ground,26,58897
Kolkata,3,1728.0,3.0,Apartment,Unfurnished,Low,1,76707
Pune,1,687.0,1.0,Independent House,Unfurnished,Low,7,44485
Hyderabad,1,589.0,2.0,Apartment,Semi-Furnished,Middle,11,35137
Mumbai,5,3608.0,5.0,Apartment,Semi-Furnished,Middle,21,147473
Hyderabad,2,662.0,3.0,Apartment,Fully Furnished,High,16,48719
Delhi,5,2733.0,5.0,Apartment,Unfurnished,High,8,107952
Chennai,2,574.0,2.0,Studio,Fully Furnished,High,11,44383
Chennai,2,836.0,2.0,Apartment,Unfurnished,Middle,5,43317
Hyderabad,3,1261.0,2.0,Studio,Unfurnished,Ground,28,50223
Bangalore,3,1420.0,2.0,Apartment,Semi-Furnished,Middle,2,74424
Bangalore,3,1721.0,2.0,Apartment,Fully Furnished,Middle,21,93770
Pune,2,1435.0,1.0,Apartment,Unfurnished,Middle,3,54967
Pune,4,2148.0,4.0,Independent House,Unfurnished,Low,28,86967
Chennai,2,1045.0,2.0,Apartment,Fully Furnished,Low,8,51712
Pune,2,988.0,2.0,Independent House,Unfurnished,Ground,12,48476
Ahmedabad,1,664.0,1.0,Apartment,Unfurnished,High,23,26802
Ahmedabad,3,2350.0,3.0,Independent House,Semi-Furnished,Low,1,82383
Mumbai,2,1209.0,1.0,Independent House,Fully Furnished,Middle,2,80903
Pune,2,972.0,2.0,Apartment,Fully Furnished,Middle,14,60207
Mumbai,2,1081.0,2.0,Apartment,Semi-Furnished,Low,23,62789
Pune,1,585.0,1.0,Apartment,Unfurnished,Middle,17,35854
Chennai,1,802.0,1.0,Apartment,Fully Furnished,Middle,25,37425
Chennai,3,1369.0,2.0,Apartment,Unfurnished,Low,7,52070
Mumbai,2,934.0,2.0,Apartment,Semi-Furnished,Low,7,73652
Hyderabad,4,2595.0,4.0,Apartment,Semi-Furnished,Middle,20,81500
Chennai,3,1429.0,3.0,Apartment,Fully Furnished,Low,14,60431
Hyderabad,1,350.0,1.0,Studio,Fully Furnished,Ground,4,38964
Bangalore,3,1386.0,3.0,Independent House,Semi-Furnished,Middle,7,74306
Ahmedabad,1,782.0,1.0,Apartment,Semi-Furnished,High,13,33841
Mumbai,3,979.0,4.0,Apartment,Fully Furnished,Low,6,66114
Kolkata,5,2009.0,6.0,Apartment,Fully Furnished,Low,13,94131
Chennai,2,974.0,1.0,Apartment,Semi-Furnished,Low,30,47799
Delhi,3,1726.0,3.0,Villa,Fully Furnished,Middle,27,99356
Bangalore,2,1198.0,3.0,Apartment,Semi-Furnished,Middle,29,63072
Hyderabad,2,627.0,1.0,Apartment,Semi-Furnished,Low,7,39941
Chennai,4,1789.0,4.0,Apartment,Unfurnished,High,16,79081
Mumbai,1,965.0,1.0,Apartment,Semi-Furnished,Middle,26,59677
Kolkata,2,1020.0,1.0,Apartment,Unfurnished,Middle,22,46705
Pune,2,1457.0,2.0,Apartment,Semi-Furnished,Ground,6,53882
Kolkata,3,1274.0,3.0,Independent House,Unfurnished,Middle,17,46963
Delhi,2,1464.0,3.0,Apartment,Semi-Furnished,Middle,12,73080
Hyderabad,4,1747.0,5.0,Apartment,Fully Furnished,Middle,24,78895
Bangalore,1,552.0,,Apartment,Unfurnished,Middle,11,40921
Kolkata,2,871.0,1.0,Apartment,Semi-Furnished,Low,14,36531
Mumbai,3,1662.0,3.0,Independent House,Unfurnished,Middle,12,82642
Delhi,2,1169.0,1.0,Apartment,Semi-Furnished,Middle,27,51701
Mumbai,3,1836.0,2.0,Apartment,Semi-Furnished,Middle,15,106245
Chennai,1,571.0,1.0,Apartment,Unfurnished,Low,29,27682
Pune,1,350.0,1.0,Independent House,Unfurnished,High,14,39043
Bangalore,1,350.0,1.0,Apartment,Unfurnished,High,5,38345
Mumbai,4,1748.0,5.0,Apartment,Semi-Furnished,Ground,7,91186
Hyderabad,2,697.0,2.0,Apartment,Semi-Furnished,High,13,46787
Chennai,3,2193.0,3.0,Apartment,Semi-Furnished,High,28,69430
Chennai,2,1089.0,2.0,Apartment,Semi-Furnished,Middle,14,56680
Bangalore,3,1649.0,3.0,Apartment,Semi-Furnished,Ground,5,75524
Chennai,2,712.0,2.0,Studio,Semi-Furnished,Middle,6,52564
Hyderabad,4,2717.0,4.0,Studio,Fully Furnished,Middle,18,110394
Mumbai,3,2253.0,3.0,Apartment,Semi-Furnished,Low,1,98901
Bangalore,3,1865.0,4.0,Independent House,Semi-Furnished,High,3,86944
Ahmedabad,1,350.0,2.0,Apartment,Semi-Furnished,Low,19,32122
Chennai,2,967.0,2.0,Apartment,Semi-Furnished,Middle,11,65460
Chennai,2,1312.0,2.0,Apartment,Semi-Furnished,Middle,12,52148
Hyderabad,4,2188.0,3.0,Apartment,Fully Furnished,High,11,96476
Pune,2,1224.0,1.0,Apartment,Fully Furnished,Middle,12,63277
Pune,2,1039.0,2.0,Apartment,Unfurnished,Low,14,31770
Kolkata,2,1097.0,1.0,Apartment,Fully Furnished,Middle,20,50428
Chennai,2,1350.0,1.0,Independent House,Fully Furnished,High,14,69957
Ahmedabad,1,510.0,1.0,Villa,Fully Furnished,High,22,47443
Mumbai,4,2545.0,4.0,Villa,Unfurnished,Middle,13,100028
Bangalore,2,912.0,2.0,Villa,Semi-Furnished,Ground,2,67120
Chennai,4,2475.0,5.0,Villa,Semi-Furnished,High,21,85120
Delhi,3,1791.0,3.0,Apartment,Semi-Furnished,Middle,28,69045
Bangalore,2,1134.0,1.0,Apartment,Semi-Furnished,Low,7,56275
Kolkata,2,922.0,2.0,Independent House,Fully Furnished,High,29,49373
Pune,1,350.0,2.0,Apartment,Semi-Furnished,Middle,23,39410
Ahmedabad,4,2798.0,3.0,Studio,Semi-Furnished,High,24,71031
Chennai,2,1539.0,3.0,Apartment,Semi-Furnished,Low,11,63914
Hyderabad,2,1061.0,2.0,Apartment,Semi-Furnished,High,17,45395
Delhi,2,777.0,2.0,Villa,Semi-Furnished,Middle,19,60946
Chennai,2,990.0,1.0,Apartment,Unfurnished,Low,0,49968
Ahmedabad,2,1031.0,1.0,Apartment,Semi-Furnished,Low,6,50827
Kolkata,2,1544.0,2.0,Independent House,Unfurnished,Low,21,36419
Mumbai,3,1395.0,2.0,Apartment,Fully Furnished,Middle,28,70136
Delhi,3,1436.0,3.0,Apartment,Fully Furnished,Middle,13,66455
Kolkata,2,1031.0,3.0,Studio,Fully Furnished,Middle,18,54551
Chennai,2,814.0,3.0,Apartment,Semi-Furnished,Low,20,45647
Mumbai,4,2478.0,4.0,Apartment,Semi-Furnished,Ground,18,112210
Delhi,1,503.0,1.0,Independent House,Fully Furnished,High,25,41776
Mumbai,4,2540.0,4.0,Apartment,Unfurnished,High,11,109360
Mumbai,2,1162.0,3.0,Apartment,Semi-Furnished,High,6,63666
Delhi,3,2028.0,3.0,Apartment,Semi-Furnished,High,7,94413
Delhi,3,2257.0,3.0,Apartment,Semi-Furnished,High,28,101993
Mumbai,2,916.0,2.0,Apartment,Fully Furnished,Ground,10,62126
Kolkata,4,2080.0,4.0,Apartment,Semi-Furnished,Middle,26,74727
Ahmedabad,1,661.0,1.0,Apartment,Semi-Furnished,Low,7,30572
Pune,2,967.0,2.0,Apartment,Unfurnished,High,15,41285
Delhi,2,764.0,2.0,Studio,Semi-Furnished,High,8,46234
Chennai,3,1928.0,3.0,Studio,Fully Furnished,Low,8,69136
Bangalore,2,1464.0,3.0,Independent House,Unfurnished,High,3,72445
Hyderabad,3,1265.0,2.0,Apartment,Fully Furnished,High,10,68371
Mumbai,2,749.0,2.0,Studio,Fully Furnished,Low,9,60759
Mumbai,2,574.0,2.0,Apartment,Unfurnished,Low,26,49855
Hyderabad,3,1682.0,2.0,Apartment,Unfurnished,Ground,26,70360
Pune,1,350.0,,Apartment,Unfurnished,Middle,20,18862
Hyderabad,2,1156.0,3.0,Independent House,Unfurnished,High,28,53877
Delhi,1,702.0,1.0,Apartment,Unfurnished,Ground,8,36398
Hyderabad,2,893.0,1.0,Independent House,Unfurnished,High,4,46747
Mumbai,3,1545.0,4.0,Apartment,Semi-Furnished,Ground,2,87583
Hyderabad,2,1090.0,3.0,Apartment,Fully Furnished,Middle,12,59093
Bangalore,2,935.0,3.0,Independent House,Unfurnished,High,15,61399
Chennai,2,717.0,2.0,Apartment,Unfurnished,High,8,45513
Delhi,2,665.0,2.0,Apartment,Fully Furnished,Low,7,53333
Hyderabad,2,1188.0,2.0,Independent House,Unfurnished,High,27,54016
Mumbai,4,1877.0,4.0,Apartment,Unfurnished,Low,23,92652
Kolkata,4,2711.0,4.0,Apartment,Unfurnished,Low,5,76643
Chennai,1,704.0,1.0,Apartment,Unfurnished,Middle,1,47509
Delhi,1,519.0,1.0,Villa,Semi-Furnished,Ground,29,52169
Mumbai,4,2337.0,4.0,Apartment,Unfurnished,Middle,5,107137
Pune,2,1368.0,2.0,Apartment,Semi-Furnished,High,18,56758
Bangalore,2,1105.0,2.0,Apartment,Semi-Furnished,Middle,17,63128
Ahmedabad,3,1619.0,3.0,Apartment,Fully Furnished,Ground,29,72770
Pune,2,1163.0,3.0,Independent House,Semi-Furnished,High,5,72407
Ahmedabad,2,727.0,2.0,Independent House,Unfurnished,Low,23,37650
Bangalore,5,2034.0,5.0,Apartment,Semi-Furnished,High,6,90331
Hyderabad,3,1428.0,4.0,Apartment,Fully Furnished,High,19,50649
Delhi,1,553.0,1.0,Apartment,Unfurnished,High,23,35652
Hyderabad,1,350.0,1.0,Apartment,Unfurnished,Ground,23,24188
Bangalore,2,1414.0,2.0,Apartment,Fully Furnished,Middle,22,72586
Bangalore,3,1467.0,3.0,Apartment,Fully Furnished,Low,26,66344
Bangalore,2,1121.0,2.0,Apartment,Unfurnished,Low,1,63933
Ahmedabad,1,668.0,1.0,Apartment,Semi-Furnished,High,3,51617
Chennai,4,1807.0,4.0,Apartment,Unfurnished,Low,15,64428
Mumbai,1,599.0,1.0,Studio,Semi-Furnished,Low,2,46512
Delhi,1,434.0,1.0,Apartment,Fully Furnished,Low,6,45203
Hyderabad,2,1261.0,1.0,Apartment,Fully Furnished,Middle,27,55720
Hyderabad,2,1028.0,3.0,Studio,Unfurnished,Middle,29,35132
Pune,2,1102.0,2.0,Apartment,Semi-Furnished,Low,2,50246
Ahmedabad,4,1485.0,4.0,Studio,Semi-Furnished,Ground,6,46424
Bangalore,4,2084.0,4.0,Apartment,Semi-Furnished,High,10,92152
Kolkata,2,624.0,2.0,Independent House,Unfurnished,High,15,43888
Bangalore,2,1072.0,2.0,Apartment,Fully Furnished,Low,15,70502
Bangalore,2,1388.0,2.0,Apartment,Semi-Furnished,Low,23,60835
Kolkata,2,632.0,1.0,Independent House,Unfurnished,Ground,13,34097
Hyderabad,1,368.0,2.0,Apartment,Semi-Furnished,Low,15,27401
Pune,4,2697.0,4.0,Apartment,Unfurnished,Middle,19,73644
Mumbai,2,1669.0,2.0,Studio,Unfurnished,Middle,6,74665
Kolkata,2,1094.0,2.0,Apartment,Unfurnished,Middle,24,39478
Ahmedabad,2,934.0,2.0,Apartment,Unfurnished,Low,22,43129
Chennai,2,1015.0,2.0,Apartment,Unfurnished,High,1,53951
Delhi,1,493.0,1.0,Apartment,Semi-Furnished,Middle,8,33874
Ahmedabad,1,427.0,1.0,Apartment,Semi-Furnished,Ground,4,34900
Kolkata,2,742.0,2.0,Independent House,Semi-Furnished,Middle,9,43338
Mumbai,3,1021.0,2.0,Independent House,Semi-Furnished,Middle,10,75729
Hyderabad,2,949.0,2.0,Apartment,Semi-Furnished,Low,21,50629
Chennai,2,972.0,3.0,Apartment,Unfurnished,Middle,17,54348
Chennai,2,1001.0,2.0,Independent House,Semi-Furnished,Ground,9,55945
Chennai,4,1439.0,3.0,Apartment,Fully Furnished,Middle,28,54293
Bangalore,2,1562.0,2.0,Independent House,Semi-Furnished,Low,30,62026
Delhi,1,566.0,2.0,Studio,Semi-Furnished,High,13,49365
Hyderabad,2,786.0,2.0,Independent House,Semi-Furnished,Middle,22,43926
Hyderabad,3,1591.0,3.0,Apartment,Semi-Furnished,Ground,8,72553
Chennai,1,455.0,1.0,Apartment,Unfurnished,High,26,27110
Hyderabad,2,917.0,2.0,Independent House,Semi-Furnished,High,1,61058
Delhi,1,494.0,2.0,Apartment,Semi-Furnished,High,8,34278
Delhi,1,514.0,1.0,Independent House,Fully Furnished,Middle,20,51633
Pune,2,684.0,2.0,Apartment,Unfurnished,Low,16,38003
Kolkata,2,517.0,1.0,Apartment,Semi-Furnished,Middle,4,33823
Kolkata,4,2199.0,3.0,Studio,Semi-Furnished,High,13,71155
Pune,3,1464.0,4.0,Studio,Semi-Furnished,Middle,17,63756
Mumbai,2,1049.0,3.0,Apartment,Unfurnished,Ground,23,50594
Kolkata,2,1327.0,2.0,Apartment,Semi-Furnished,High,18,57508
Delhi,2,889.0,1.0,Apartment,Unfurnished,Middle,8,50472
Delhi,1,570.0,1.0,Apartment,Semi-Furnished,High,30,40170
Kolkata,4,2403.0,4.0,Apartment,Semi-Furnished,Low,20,82536
Delhi,5,3094.0,5.0,Independent House,Unfurnished,Low,2,102060
Pune,2,798.0,2.0,Independent House,Fully Furnished,Ground,30,52412
Chennai,1,621.0,1.0,Apartment,Semi-Furnished,Low,25,34124
Chennai,1,350.0,1.0,Apartment,Unfurnished,Ground,16,19027
Hyderabad,3,1316.0,3.0,Apartment,Unfurnished,Low,3,56021
Ahmedabad,3,1982.0,3.0,Villa,Unfurnished,Middle,6,88174
Ahmedabad,4,1486.0,4.0,Villa,Semi-Furnished,High,2,90686
Chennai,3,1694.0,3.0,Independent House,Semi-Furnished,Ground,8,89093
Bangalore,2,1307.0,2.0,Apartment,Fully Furnished,Low,30,68228
Pune,3,1064.0,3.0,Apartment,Unfurnished,Low,20,52734
Delhi,3,1479.0,3.0,Apartment,Unfurnished,Low,27,78262
Kolkata,2,686.0,2.0,Apartment,Unfurnished,High,26,24972
Chennai,2,989.0,1.0,Apartment,Unfurnished,Low,29,47990
Pune,3,1325.0,4.0,Villa,Unfurnished,Low,13,53509
Chennai,2,1044.0,2.0,Apartment,Semi-Furnished,High,11,49995
Mumbai,3,1859.0,3.0,Studio,Semi-Furnished,High,26,74523
Delhi,3,1718.0,3.0,Apartment,Semi-Furnished,High,5,57822
Mumbai,3,1423.0,3.0,Apartment,Unfurnished,Low,22,74304
Delhi,3,1178.0,3.0,Apartment,,High,9,59806
Pune,2,1099.0,1.0,Apartment,Semi-Furnished,Middle,13,58305
Hyderabad,3,1637.0,3.0,Independent House,Unfurnished,High,28,77971
Chennai,2,1051.0,1.0,Apartment,Semi-Furnished,Middle,20,49271
Chennai,2,1145.0,1.0,Apartment,Unfurnished,Middle,17,50389
Bangalore,1,575.0,2.0,Independent House,Unfurnished,High,2,59645
Kolkata,2,686.0,2.0,Apartment,Fully Furnished,Ground,15,36538
Mumbai,3,1204.0,2.0,Apartment,Unfurnished,Low,10,68439
Chennai,5,2177.0,5.0,Apartment,Semi-Furnished,Middle,12,81061
Pune,2,1533.0,3.0,Apartment,Unfurnished,High,8,61829
Hyderabad,2,1329.0,2.0,Apartment,Unfurnished,Ground,13,67748
Kolkata,2,1459.0,3.0,Apartment,Semi-Furnished,Middle,14,60169
Pune,1,632.0,1.0,Studio,Semi-Furnished,Middle,18,38874
Mumbai,3,1643.0,4.0,Apartment,Semi-Furnished,High,1,89884
Bangalore,2,998.0,3.0,Independent House,Semi-Furnished,Middle,23,67046
Chennai,3,1650.0,4.0,Apartment,Fully Furnished,Low,12,63482
Pune,3,1354.0,3.0,Independent House,Semi-Furnished,Middle,23,67701
Kolkata,2,1250.0,1.0,Villa,Fully Furnished,Low,22,73765
Delhi,4,2348.0,4.0,Apartment,Unfurnished,Middle,17,85012
Hyderabad,2,724.0,2.0,Independent House,Fully Furnished,Low,1,52453
Kolkata,2,1000.0,2.0,Apartment,Semi-Furnished,Middle,2,54642
Pune,4,2716.0,4.0,Independent House,Fully Furnished,High,13,115741
Hyderabad,4,2091.0,3.0,Studio,Semi-Furnished,High,25,71560
Chennai,1,350.0,1.0,Apartment,Unfurnished,High,28,32307
Delhi,1,414.0,1.0,Apartment,Fully Furnished,Low,0,44891
Bangalore,1,350.0,1.0,Independent House,Semi-Furnished,Middle,28,39564
Kolkata,2,878.0,2.0,Studio,Semi-Furnished,Low,11,42454
Bangalore,5,2051.0,5.0,Apartment,Unfurnished,Low,4,88222
Delhi,2,1415.0,2.0,Independent House,Fully Furnished,Middle,27,76055
Hyderabad,2,1236.0,2.0,Villa,Semi-Furnished,Middle,18,64461
Chennai,4,2002.0,4.0,Independent House,Fully Furnished,High,19,96123
Pune,2,988.0,2.0,Studio,Unfurnished,Middle,8,42304
Delhi,2,991.0,2.0,Apartment,Semi-Furnished,Ground,22,59930
Mumbai,4,2443.0,5.0,Villa,Semi-Furnished,Middle,6,127180
Hyderabad,4,2778.0,4.0,Apartment,Fully Furnished,Low,2,102576
Bangalore,4,2256.0,3.0,Apartment,Semi-Furnished,High,6,86153
Kolkata,2,895.0,2.0,Apartment,,Ground,14,42014
Delhi,3,1889.0,3.0,Villa,Fully Furnished,Middle,24,82172
Bangalore,1,990.0,1.0,Apartment,Semi-Furnished,Low,30,48600
Hyderabad,3,1683.0,3.0,Apartment,Semi-Furnished,Middle,27,74227
Bangalore,5,2591.0,4.0,Independent House,Semi-Furnished,Middle,10,102293
Delhi,2,907.0,2.0,Apartment,Unfurnished,High,27,41057
Hyderabad,3,1848.0,3.0,Independent House,Semi-Furnished,Low,25,76217
Mumbai,2,1106.0,2.0,Independent House,Semi-Furnished,Ground,24,60692
Delhi,1,822.0,1.0,Villa,Semi-Furnished,High,9,64590
Pune,3,1022.0,3.0,Villa,Semi-Furnished,High,0,68487
Ahmedabad,1,355.0,1.0,Independent House,Semi-Furnished,Low,8,31084
Chennai,3,1383.0,2.0,Apartment,Semi-Furnished,High,2,57723
Delhi,1,350.0,1.0,Apartment,Unfurnished,Low,5,32992
Hyderabad,4,2263.0,4.0,Apartment,Semi-Furnished,Middle,17,85230
Kolkata,2,982.0,2.0,Independent House,Semi-Furnished,Middle,3,54680
Chennai,2,1579.0,3.0,Apartment,Unfurnished,High,18,55469
Delhi,1,350.0,1.0,Independent House,Semi-Furnished,Low,5,37769
Mumbai,4,2952.0,4.0,Apartment,Semi-Furnished,Low,0,127249
Kolkata,3,2005.0,3.0,Villa,Semi-Furnished,Middle,3,90185
Mumbai,3,1617.0,3.0,Apartment,Unfurnished,Low,0,93193
Pune,2,686.0,2.0,Independent House,Semi-Furnished,Middle,16,61849
Kolkata,2,798.0,2.0,Apartment,Fully Furnished,High,3,52022
Bangalore,1,763.0,1.0,Apartment,Fully Furnished,High,20,53138
Ahmedabad,2,1019.0,3.0,Apartment,Semi-Furnished,Low,27,42930
Kolkata,2,1074.0,2.0,Apartment,Semi-Furnished,Low,6,53526
Chennai,5,2141.0,4.0,Villa,Fully Furnished,Middle,7,112950
Kolkata,3,1257.0,4.0,Independent House,Semi-Furnished,Middle,2,66535
Hyderabad,2,538.0,3.0,Apartment,Semi-Furnished,Middle,11,35834
Ahmedabad,1,532.0,1.0,Studio,Fully Furnished,Middle,18,36222
Hyderabad,3,2262.0,3.0,Independent House,Fully Furnished,High,9,95637
Bangalore,1,497.0,1.0,Apartment,Semi-Furnished,Middle,19,45566
Kolkata,2,1104.0,2.0,Apartment,Unfurnished,Middle,5,55746
Mumbai,2,1090.0,1.0,Apartment,Semi-Furnished,Middle,17,63748
Mumbai,2,950.0,3.0,Apartment,Unfurnished,Middle,27,51477
Delhi,3,1586.0,3.0,Independent House,Semi-Furnished,Middle,5,99301
Pune,2,1169.0,1.0,Apartment,Semi-Furnished,Ground,26,45460
Chennai,1,669.0,1.0,Villa,Semi-Furnished,Middle,29,46919
Ahmedabad,2,1329.0,1.0,Apartment,Fully Furnished,High,21,58286
Pune,3,1535.0,2.0,Independent House,Semi-Furnished,Ground,17,56541
Kolkata,2,827.0,2.0,Apartment,Semi-Furnished,Low,4,44326
Pune,2,882.0,1.0,Apartment,Semi-Furnished,Low,27,32774
Delhi,4,2420.0,4.0,Studio,Unfurnished,Low,26,95040
Pune,4,1994.0,3.0,Apartment,Unfurnished,Middle,10,74987
Ahmedabad,5,2940.0,5.0,Apartment,Semi-Furnished,Low,6,99891
Bangalore,3,1849.0,3.0,Apartment,Unfurnished,High,8,88197
Delhi,2,933.0,1.0,Apartment,Fully Furnished,Low,2,63354
Bangalore,2,904.0,2.0,Villa,Fully Furnished,High,22,64175
Kolkata,2,1044.0,2.0,Apartment,Unfurnished,Ground,18,44176
Delhi,2,1160.0,2.0,Villa,Semi-Furnished,Middle,11,82947
Kolkata,4,2125.0,4.0,Apartment,Unfurnished,Ground,17,92324
Kolkata,3,1982.0,3.0,Apartment,Unfurnished,High,29,67585
Pune,3,1860.0,2.0,Apartment,Fully Furnished,High,14,89126
Bangalore,2,698.0,1.0,Independent House,Unfurnished,Low,19,46450
Kolkata,4,2307.0,4.0,Independent House,Semi-Furnished,Low,27,89770
Bangalore,3,1612.0,2.0,Apartment,Semi-Furnished,Low,23,63102
Bangalore,1,930.0,1.0,Apartment,Semi-Furnished,Ground,4,53934
Delhi,4,1967.0,4.0,Apartment,Unfurnished,Low,7,101217
Hyderabad,2,1091.0,1.0,Apartment,Semi-Furnished,Ground,21,47207
Pune,1,350.0,1.0,Apartment,Semi-Furnished,High,28,31161
Kolkata,3,1284.0,2.0,Studio,Unfurnished,High,11,57979
Bangalore,3,2022.0,4.0,Apartment,Unfurnished,Middle,28,89648
Chennai,1,559.0,1.0,Apartment,Fully Furnished,High,16,49840
Hyderabad,2,1043.0,2.0,Apartment,Semi-Furnished,Low,18,50601
Kolkata,5,1502.0,4.0,Apartment,Fully Furnished,Low,23,78926
Chennai,3,1321.0,4.0,Independent House,Semi-Furnished,Low,13,75285
Pune,3,1343.0,3.0,Apartment,Semi-Furnished,Low,15,66023
Pune,2,1069.0,2.0,Apartment,Fully Furnished,High,30,48248
Bangalore,1,350.0,1.0,Apartment,Semi-Furnished,High,14,36601
Bangalore,2,1468.0,2.0,Independent House,Unfurnished,Low,3,69147
Ahmedabad,2,1391.0,3.0,Villa,Unfurnished,Middle,17,65892
Ahmedabad,2,952.0,2.0,Apartment,Fully Furnished,Low,7,50141
Kolkata,2,938.0,2.0,Independent House,Semi-Furnished,Low,4,50371
Delhi,3,1351.0,3.0,Apartment,Semi-Furnished,Low,30,56540
Hyderabad,2,998.0,2.0,Apartment,Unfurnished,Middle,16,45135
Kolkata,3,1382.0,3.0,Apartment,Semi-Furnished,Middle,7,70371
Hyderabad,2,997.0,2.0,Independent House,Semi-Furnished,Low,12,45157
Bangalore,2,1519.0,1.0,Independent House,Semi-Furnished,High,8,88390
Pune,1,693.0,1.0,Apartment,Unfurnished,Middle,23,26345
Bangalore,2,1136.0,3.0,Apartment,Semi-Furnished,Middle,13,66148
Pune,1,529.0,1.0,Apartment,Semi-Furnished,Middle,16,41934
Ahmedabad,5,2890.0,4.0,Independent House,Semi-Furnished,Low,21,106891
Kolkata,3,1119.0,3.0,Independent House,Semi-Furnished,Low,5,54238
Ahmedabad,2,644.0,3.0,Independent House,Unfurnished,High,6,48109
Pune,1,556.0,1.0,Apartment,Semi-Furnished,High,0,44555
Bangalore,3,1891.0,2.0,Apartment,Semi-Furnished,Middle,23,82073
Ahmedabad,3,1790.0,3.0,Apartment,Semi-Furnished,Middle,3,75045
Mumbai,2,817.0,2.0,Apartment,Semi-Furnished,Middle,26,61798
Hyderabad,3,1953.0,3.0,Apartment,Fully Furnished,Middle,19,71887
Chennai,3,2058.0,,Apartment,Unfurnished,Middle,10,68481
Pune,3,1502.0,3.0,Independent House,Semi-Furnished,Low,9,84037
Pune,3,1443.0,3.0,Apartment,Fully Furnished,High,30,62648
Mumbai,4,1367.0,4.0,Independent House,Semi-Furnished,Middle,12,71061
Kolkata,4,2051.0,3.0,Villa,Semi-Furnished,High,19,95940
Kolkata,2,982.0,2.0,Independent House,Unfurnished,High,28,43179
Kolkata,3,1336.0,3.0,Apartment,Fully Furnished,Middle,21,62668
Chennai,3,1417.0,2.0,Apartment,Semi-Furnished,Middle,12,62203
Delhi,3,1748.0,2.0,Apartment,Semi-Furnished,High,21,60986
Mumbai,5,1896.0,4.0,Apartment,Semi-Furnished,Middle,5,101004
Chennai,1,443.0,1.0,Apartment,Semi-Furnished,Middle,17,33946
Ahmedabad,2,1238.0,2.0,Studio,Fully Furnished,Middle,20,57168
Mumbai,2,358.0,2.0,Apartment,Fully Furnished,High,26,47742
Pune,2,988.0,,Apartment,Unfurnished,High,11,55457
Hyderabad,2,898.0,2.0,Studio,,Middle,1,48581
Mumbai,3,1225.0,4.0,Apartment,Semi-Furnished,Ground,5,75640
Delhi,1,404.0,1.0,Studio,Fully Furnished,Middle,6,36112
Bangalore,3,1236.0,3.0,Apartment,Unfurnished,Low,21,62900
Ahmedabad,3,1214.0,3.0,Apartment,Fully Furnished,Low,2,58341
Chennai,2,1030.0,2.0,Independent House,Semi-Furnished,Middle,29,46596
Ahmedabad,2,1464.0,2.0,Apartment,Semi-Furnished,Ground,10,63866
Ahmedabad,3,1129.0,4.0,Villa,Unfurnished,High,29,56790
Mumbai,3,1918.0,3.0,Apartment,Semi-Furnished,Middle,29,85881
Mumbai,4,2119.0,3.0,Apartment,Unfurnished,Middle,25,88310
Delhi,4,2650.0,3.0,Studio,Semi-Furnished,Low,25,73265
Hyderabad,5,2120.0,6.0,Villa,Fully Furnished,Middle,20,99302
Mumbai,3,1523.0,3.0,Apartment,Fully Furnished,Low,8,79031
Mumbai,4,2156.0,3.0,Apartment,Semi-Furnished,Middle,13,106462
Hyderabad,3,1707.0,3.0,Apartment,Semi-Furnished,Low,10,71243
Delhi,4,1471.0,4.0,Apartment,Unfurnished,Middle,5,66398
Chennai,1,889.0,1.0,Villa,Unfurnished,High,18,46617
Ahmedabad,5,3017.0,5.0,Studio,Unfurnished,Middle,14,98709
Chennai,2,813.0,1.0,Independent House,Semi-Furnished,Low,24,43737
Mumbai,3,1917.0,2.0,Studio,Unfurnished,Low,26,66235
Hyderabad,1,350.0,1.0,Apartment,Unfurnished,Middle,13,28095
Mumbai,2,1301.0,2.0,Apartment,Unfurnished,Low,11,55703
Kolkata,2,1439.0,3.0,Apartment,Semi-Furnished,Low,12,60741
Bangalore,2,1344.0,2.0,Independent House,Semi-Furnished,Ground,4,73801
Chennai,1,950.0,1.0,Villa,Semi-Furnished,Ground,11,54504
Kolkata,3,2014.0,3.0,Apartment,Semi-Furnished,Middle,16,62730
Pune,1,593.0,1.0,Independent House,Semi-Furnished,Low,25,43176
Bangalore,2,1037.0,3.0,Villa,Fully Furnished,Middle,18,60844
Mumbai,1,676.0,1.0,Apartment,Semi-Furnished,Middle,2,49657
Delhi,3,1299.0,2.0,Apartment,Semi-Furnished,Low,17,58640
Chennai,2,870.0,3.0,Apartment,Semi-Furnished,High,17,49220
Pune,2,881.0,3.0,Apartment,Semi-Furnished,Low,8,49846
Bangalore,2,1532.0,2.0,Apartment,Semi-Furnished,Low,29,68629
Chennai,3,2181.0,3.0,Apartment,Semi-Furnished,Middle,2,68574
Hyderabad,1,826.0,1.0,Villa,Fully Furnished,Middle,25,63390
Delhi,1,946.0,1.0,Apartment,Semi-Furnished,High,10,57875
Bangalore,2,1235.0,2.0,Studio,Semi-Furnished,Ground,29,55522
Hyderabad,5,2719.0,6.0,Apartment,Unfurnished,Low,19,104959
Kolkata,2,865.0,1.0,Apartment,Fully Furnished,High,15,48722
Mumbai,3,1845.0,3.0,Apartment,Fully Furnished,High,14,80186
Hyderabad,2,963.0,1.0,Apartment,Fully Furnished,Ground,5,56401
Bangalore,2,957.0,2.0,Apartment,Semi-Furnished,Middle,25,58529
Ahmedabad,1,350.0,1.0,Apartment,Unfurnished,Low,8,13022
Bangalore,1,722.0,2.0,Independent House,Fully Furnished,High,0,63457
Ahmedabad,2,820.0,2.0,Studio,Fully Furnished,High,13,44732
Kolkata,2,615.0,1.0,Apartment,Semi-Furnished,High,18,40979
Mumbai,1,630.0,1.0,Apartment,Fully Furnished,Ground,2,51184
Ahmedabad,3,1712.0,2.0,Independent House,Semi-Furnished,High,21,65009
Ahmedabad,5,3529.0,5.0,Villa,Fully Furnished,Low,8,151357
Hyderabad,2,1071.0,1.0,Apartment,Fully Furnished,Middle,26,60401
Hyderabad,3,1347.0,3.0,Apartment,Unfurnished,Middle,8,63498
Mumbai,5,2536.0,,Apartment,Semi-Furnished,Low,4,99138
Hyderabad,3,1409.0,3.0,Villa,Unfurnished,Low,24,55852
Chennai,2,914.0,2.0,Apartment,Unfurnished,Middle,29,40895
Mumbai,3,1886.0,3.0,Apartment,Semi-Furnished,Low,30,90371
Delhi,1,387.0,1.0,Apartment,Semi-Furnished,High,5,48441
Ahmedabad,2,1206.0,3.0,Apartment,Fully Furnished,Middle,20,53116
Bangalore,2,571.0,3.0,Apartment,Unfurnished,High,23,42070
Delhi,1,469.0,2.0,Apartment,Unfurnished,Low,30,32876
Ahmedabad,2,1126.0,1.0,Apartment,Fully Furnished,Low,30,46637
Chennai,1,383.0,2.0,Apartment,Unfurnished,High,11,29710
Ahmedabad,3,1597.0,4.0,Apartment,Unfurnished,Middle,29,51771
Ahmedabad,2,1353.0,2.0,Apartment,Semi-Furnished,Low,27,44337
Ahmedabad,2,1388.0,2.0,Apartment,Unfurnished,High,6,61879
Kolkata,1,990.0,2.0,Independent House,Unfurnished,High,6,58778
Chennai,1,458.0,1.0,Apartment,Semi-Furnished,Middle,19,34280
Pune,3,1486.0,2.0,Apartment,Unfurnished,High,9,64598
Pune,5,,5.0,Apartment,Fully Furnished,Middle,15,92773
Pune,1,503.0,1.0,Studio,Unfurnished,Middle,16,30031
Mumbai,2,767.0,1.0,Apartment,Unfurnished,High,28,55485
Hyderabad,4,2157.0,3.0,Apartment,Semi-Furnished,Ground,30,93352
Chennai,1,608.0,1.0,Apartment,Fully Furnished,Middle,12,49349
Delhi,4,2617.0,4.0,Apartment,Unfurnished,Middle,4,100046
Kolkata,2,1187.0,2.0,Apartment,Unfurnished,Middle,13,50166
Delhi,2,935.0,3.0,Studio,Semi-Furnished,Low,8,52637
Delhi,2,1007.0,3.0,Independent House,Semi-Furnished,Middle,13,63437
Delhi,2,799.0,3.0,Apartment,Unfurnished,High,7,54951
Kolkata,2,975.0,2.0,Apartment,Semi-Furnished,High,19,45041
Pune,4,2134.0,3.0,Apartment,Fully Furnished,Middle,9,75982
Delhi,3,1850.0,4.0,Apartment,Fully Furnished,Middle,8,87981
Kolkata,3,1362.0,2.0,Apartment,Unfurnished,Middle,21,55671
Kolkata,3,1412.0,3.0,Apartment,Unfurnished,High,6,51289
Hyderabad,2,1002.0,1.0,Apartment,Semi-Furnished,Low,9,42143
Kolkata,3,1337.0,4.0,Apartment,Unfurnished,High,9,54887
Pune,2,1116.0,1.0,Apartment,Unfurnished,Middle,25,40090
Delhi,3,947.0,3.0,Villa,Unfurnished,Middle,7,61326
Kolkata,2,1742.0,3.0,Apartment,Unfurnished,High,16,61448
Mumbai,3,1705.0,4.0,Apartment,Unfurnished,Low,19,69778
Kolkata,4,2581.0,4.0,Apartment,Semi-Furnished,Ground,5,92313
Bangalore,2,1429.0,2.0,Apartment,Semi-Furnished,Middle,19,62993
Bangalore,1,472.0,1.0,Apartment,Fully Furnished,Low,18,40297
Bangalore,2,1012.0,2.0,Apartment,Semi-Furnished,Middle,12,68607
Kolkata,2,1311.0,1.0,Independent House,Semi-Furnished,Ground,4,55024
Pune,3,1753.0,3.0,Villa,Unfurnished,Middle,3,75499
Delhi,4,1874.0,4.0,Apartment,Fully Furnished,Low,20,80397
Chennai,2,1015.0,2.0,Independent House,Unfurnished,Ground,11,51396
Chennai,2,789.0,3.0,Apartment,Semi-Furnished,Ground,14,33393
Chennai,3,1220.0,3.0,Apartment,Unfurnished,High,1,62346
Pune,1,805.0,1.0,Apartment,Semi-Furnished,Low,29,43946
Hyderabad,2,862.0,2.0,Independent House,Fully Furnished,Middle,14,67716
Ahmedabad,4,1773.0,5.0,Studio,Unfurnished,Middle,18,64658
Mumbai,3,946.0,4.0,Independent House,Unfurnished,Low,28,58256
Mumbai,1,533.0,1.0,Villa,Semi-Furnished,Middle,7,60926
Bangalore,2,829.0,2.0,Apartment,Semi-Furnished,Middle,14,57281
Bangalore,3,1644.0,4.0,Villa,Semi-Furnished,High,23,94473
Kolkata,3,682.0,4.0,Apartment,Unfurnished,Low,9,47677
Chennai,3,1044.0,2.0,Independent House,Unfurnished,Low,12,45379
Kolkata,2,1479.0,2.0,Independent House,Semi-Furnished,Middle,23,62447
Ahmedabad,4,1846.0,4.0,Independent House,Unfurnished,Low,18,73966
Chennai,2,1446.0,2.0,Apartment,Fully Furnished,Middle,0,71802
Bangalore,3,1033.0,3.0,Apartment,Semi-Furnished,Low,10,68775
Delhi,3,1554.0,4.0,Apartment,Semi-Furnished,Low,17,73352
Hyderabad,1,554.0,2.0,Apartment,Fully Furnished,Low,18,38019
Kolkata,5,2198.0,4.0,Independent House,Semi-Furnished,High,17,81775
Hyderabad,1,572.0,2.0,Apartment,Semi-Furnished,High,18,35028
Hyderabad,2,1275.0,3.0,Studio,Unfurnished,Low,6,38289
Hyderabad,3,1693.0,3.0,Independent House,Unfurnished,Middle,4,79842
Bangalore,3,1819.0,3.0,Apartment,Semi-Furnished,Middle,13,86738
Mumbai,3,1893.0,4.0,Apartment,Fully Furnished,Low,26,89933
Bangalore,2,1070.0,2.0,Apartment,Fully Furnished,High,10,65796
Hyderabad,2,903.0,2.0,Apartment,Unfurnished,High,27,34521
Bangalore,4,1978.0,4.0,Villa,Fully Furnished,Middle,10,96558
Hyderabad,1,974.0,1.0,Villa,Semi-Furnished,Middle,20,53410
Pune,4,2462.0,4.0,Apartment,Unfurnished,Middle,1,83719
Chennai,2,1021.0,2.0,Apartment,Unfurnished,Ground,24,29079
Mumbai,4,2406.0,4.0,Independent House,Semi-Furnished,Middle,8,94218
Pune,1,350.0,1.0,Villa,Fully Furnished,Low,0,46056
Delhi,3,1449.0,3.0,Independent House,Semi-Furnished,Low,14,68316
Bangalore,4,1564.0,3.0,Apartment,Semi-Furnished,Middle,23,76086
Delhi,2,802.0,1.0,Studio,Unfurnished,High,7,44735
Kolkata,3,1908.0,4.0,Independent House,Semi-Furnished,High,24,89791
Bangalore,3,1950.0,3.0,Apartment,Semi-Furnished,Middle,29,77062
Ahmedabad,3,1615.0,3.0,Apartment,Unfurnished,Middle,1,74708
Ahmedabad,4,2211.0,3.0,Apartment,Fully Furnished,Middle,5,93388
Chennai,2,867.0,2.0,Studio,Unfurnished,Middle,1,47343
Pune,1,428.0,1.0,Apartment,Semi-Furnished,Low,16,42888
Chennai,1,350.0,2.0,Apartment,Semi-Furnished,Low,6,40674
Kolkata,2,851.0,3.0,Apartment,Fully Furnished,Middle,2,56682
Hyderabad,1,350.0,1.0,Apartment,Semi-Furnished,Middle,23,32411
Chennai,2,1344.0,2.0,Apartment,Semi-Furnished,High,18,53349
Chennai,2,760.0,2.0,Apartment,Semi-Furnished,Middle,29,41691
Ahmedabad,1,350.0,1.0,Studio,Fully Furnished,Middle,11,35290
Hyderabad,1,510.0,1.0,Independent House,Fully Furnished,Middle,17,45877
Ahmedabad,3,620.0,3.0,Apartment,Unfurnished,Low,23,34973
Bangalore,3,1525.0,2.0,Apartment,Fully Furnished,Low,7,92960
Hyderabad,2,868.0,2.0,Studio,Fully Furnished,Ground,11,55703
Pune,4,2136.0,3.0,Apartment,Unfurnished,Ground,28,64081
Chennai,1,893.0,1.0,Apartment,Unfurnished,Ground,25,36942
Ahmedabad,5,2534.0,4.0,Apartment,Fully Furnished,Ground,0,104443
Hyderabad,3,1682.0,3.0,Studio,Semi-Furnished,Middle,0,71502
Kolkata,2,1152.0,2.0,Independent House,Unfurnished,High,27,41048
Kolkata,3,1888.0,3.0,Apartment,Unfurnished,Ground,9,70107
Chennai,3,1629.0,2.0,Apartment,Unfurnished,High,2,54484
Pune,2,1129.0,2.0,Studio,Unfurnished,Middle,9,45693
Delhi,4,2107.0,5.0,Apartment,Fully Furnished,High,3,90978
Ahmedabad,1,646.0,1.0,Apartment,Semi-Furnished,High,23,20523
Pune,2,901.0,2.0,Apartment,Semi-Furnished,High,11,48070
Mumbai,1,418.0,1.0,Apartment,Unfurnished,High,13,42802
Mumbai,2,1238.0,2.0,Apartment,Semi-Furnished,Ground,7,61452
Mumbai,2,1320.0,1.0,Studio,Semi-Furnished,Low,23,50384
Chennai,4,2854.0,4.0,Independent House,Unfurnished,Middle,29,90126
Kolkata,1,873.0,1.0,Apartment,Fully Furnished,Ground,6,53607
Bangalore,2,712.0,2.0,Independent House,Fully Furnished,Middle,0,65325
Ahmedabad,2,778.0,2.0,Villa,Unfurnished,Ground,16,42561
Kolkata,4,1798.0,5.0,Apartment,Semi-Furnished,Middle,20,71444
Bangalore,5,2883.0,5.0,Apartment,Semi-Furnished,Low,14,90554
Bangalore,3,376.0,3.0,Apartment,Unfurnished,High,30,43192
Kolkata,5,2202.0,5.0,Apartment,Semi-Furnished,Middle,27,96351
Ahmedabad,3,1760.0,3.0,Apartment,Semi-Furnished,Ground,14,68515
Chennai,5,3020.0,5.0,Apartment,Unfurnished,High,4,109102
Pune,3,1256.0,3.0,Apartment,Fully Furnished,Middle,20,59319
Bangalore,1,601.0,1.0,Apartment,Semi-Furnished,Middle,30,42467
Delhi,2,1173.0,3.0,Apartment,Semi-Furnished,Low,0,62478
Kolkata,3,1973.0,4.0,Apartment,Semi-Furnished,Low,18,74987
Kolkata,2,1116.0,2.0,Studio,Semi-Furnished,High,0,48196
Mumbai,2,1120.0,2.0,Independent House,Unfurnished,Low,1,73786
Pune,3,1347.0,3.0,Apartment,Unfurnished,Low,10,55212
Mumbai,4,1619.0,4.0,Apartment,Unfurnished,High,29,82795
Kolkata,1,417.0,1.0,Apartment,Unfurnished,Middle,11,17707
Kolkata,3,1234.0,4.0,Independent House,Semi-Furnished,Middle,10,56414
Bangalore,3,1391.0,3.0,Studio,Fully Furnished,Low,7,67182
Pune,5,2876.0,4.0,Apartment,Unfurnished,High,19,93914
Hyderabad,4,1984.0,3.0,Apartment,Semi-Furnished,Middle,3,75967
Delhi,3,1844.0,4.0,Studio,Fully Furnished,Middle,20,67452
Ahmedabad,2,861.0,2.0,Independent House,Semi-Furnished,Ground,1,46052
Bangalore,2,350.0,2.0,Villa,Semi-Furnished,Middle,8,52050
Kolkata,2,877.0,1.0,Apartment,Fully Furnished,Middle,30,47517
Ahmedabad,3,1255.0,2.0,Apartment,Semi-Furnished,High,28,51909
Bangalore,4,1797.0,4.0,Apartment,Unfurnished,Low,12,85264
Delhi,3,1362.0,4.0,Apartment,Semi-Furnished,Low,9,79303
Kolkata,2,1126.0,1.0,Apartment,Unfurnished,Low,8,44645
Delhi,3,2094.0,3.0,Studio,Semi-Furnished,Middle,12,100286
Ahmedabad,2,943.0,2.0,Apartment,Unfurnished,Ground,2,39272
Hyderabad,1,732.0,1.0,Apartment,Fully Furnished,High,16,49231
Bangalore,2,1283.0,3.0,Studio,Semi-Furnished,Middle,17,57385
Chennai,1,576.0,1.0,Apartment,Semi-Furnished,Low,26,32750
Bangalore,4,1419.0,4.0,Independent House,Unfurnished,Low,26,67533
Mumbai,2,1087.0,2.0,Apartment,Fully Furnished,Middle,7,72910
Pune,2,1413.0,2.0,Apartment,Unfurnished,Middle,23,62654
Pune,4,769.0,5.0,Apartment,Fully Furnished,Middle,12,56376
Mumbai,2,748.0,3.0,Apartment,Semi-Furnished,Middle,17,62211
Kolkata,1,580.0,1.0,Apartment,Semi-Furnished,Low,25,30302
Pune,2,1053.0,2.0,Apartment,Semi-Furnished,Low,15,36101
Delhi,1,628.0,1.0,Independent House,Unfurnished,High,20,39206
Ahmedabad,1,709.0,1.0,Apartment,Semi-Furnished,Middle,13,36607
Ahmedabad,1,710.0,2.0,Apartment,Unfurnished,Middle,24,24598
Pune,3,1643.0,3.0,Independent House,Unfurnished,Middle,27,58004
Pune,2,1351.0,2.0,Independent House,Fully Furnished,Middle,12,72109
Mumbai,2,1044.0,3.0,Apartment,Fully Furnished,High,26,68871
Kolkata,4,1968.0,4.0,Apartment,Fully Furnished,Middle,3,84602
Hyderabad,2,901.0,2.0,Independent House,Fully Furnished,Ground,0,50130
Pune,4,1934.0,4.0,Apartment,Fully Furnished,Low,29,86851
Chennai,2,907.0,1.0,Apartment,Fully Furnished,High,30,39643
Pune,2,903.0,1.0,Studio,Unfurnished,Middle,0,45707
Hyderabad,3,1517.0,3.0,Apartment,Unfurnished,High,5,68726
Mumbai,1,707.0,2.0,Apartment,Unfurnished,Low,14,39005
Hyderabad,1,350.0,1.0,Apartment,Unfurnished,Low,14,29534
Mumbai,3,1215.0,3.0,Apartment,Fully Furnished,Ground,6,76330
Delhi,2,902.0,2.0,Apartment,Fully Furnished,Low,30,41286
Mumbai,3,1978.0,4.0,Villa,Semi-Furnished,Low,8,95637
Delhi,4,1120.0,3.0,Apartment,Unfurnished,Ground,27,57957
Delhi,2,1115.0,1.0,Apartment,Unfurnished,Middle,12,57557
Mumbai,3,1849.0,2.0,Apartment,Semi-Furnished,High,5,96397
Chennai,2,1004.0,2.0,Apartment,Fully Furnished,Ground,9,67502
Bangalore,5,2444.0,4.0,Apartment,Semi-Furnished,Low,20,98497
Mumbai,3,1485.0,2.0,Apartment,Semi-Furnished,Middle,20,77659
Pune,4,1821.0,3.0,Apartment,Semi-Furnished,Ground,11,58152
Chennai,2,789.0,2.0,Independent House,Unfurnished,Low,2,45605
Chennai,3,1806.0,3.0,Independent House,Fully Furnished,Middle,14,81890
Pune,2,1201.0,1.0,Apartment,Semi-Furnished,High,19,51475
Bangalore,2,1246.0,2.0,Independent House,Fully Furnished,Middle,10,70498
Chennai,4,2083.0,3.0,Studio,Fully Furnished,Ground,27,72723
Delhi,1,856.0,1.0,Apartment,Semi-Furnished,Middle,18,48450
Ahmedabad,5,3563.0,5.0,Studio,Semi-Furnished,High,25,106706
Bangalore,1,383.0,1.0,Apartment,Unfurnished,High,29,37849
Kolkata,3,1764.0,3.0,Studio,Unfurnished,High,9,52198
Pune,2,976.0,2.0,Villa,Fully Furnished,High,8,73693
Bangalore,2,1002.0,3.0,Apartment,Semi-Furnished,Low,22,58567
Mumbai,2,1079.0,3.0,Apartment,Semi-Furnished,Middle,0,70399
Ahmedabad,3,1064.0,2.0,Independent House,Fully Furnished,Low,15,64691
Bangalore,2,1002.0,2.0,Apartment,Semi-Furnished,Low,26,51391
Delhi,3,2034.0,4.0,Apartment,Fully Furnished,Middle,20,89624
Ahmedabad,1,655.0,1.0,Apartment,Unfurnished,Middle,14,32700
Mumbai,1,350.0,1.0,Apartment,Semi-Furnished,Middle,16,44696
Hyderabad,1,481.0,1.0,Apartment,Unfurnished,High,19,33709
Pune,2,1239.0,1.0,Apartment,Fully Furnished,Middle,25,59273
Ahmedabad,3,1252.0,4.0,Apartment,Semi-Furnished,Middle,16,52055
Pune,4,2244.0,5.0,Apartment,Semi-Furnished,High,24,82635
Bangalore,2,1194.0,3.0,Independent House,Semi-Furnished,Low,24,63538
Chennai,3,1541.0,3.0,Apartment,Fully Furnished,Middle,3,76697
Mumbai,3,1592.0,3.0,Apartment,Semi-Furnished,High,27,88652
Hyderabad,2,558.0,1.0,Apartment,Unfurnished,Middle,0,40348
Mumbai,2,1127.0,2.0,Apartment,Fully Furnished,High,28,66716
Pune,2,846.0,3.0,Apartment,Fully Furnished,Middle,13,60423
Mumbai,1,350.0,1.0,Apartment,Unfurnished,High,21,39181
Hyderabad,1,452.0,1.0,Apartment,Semi-Furnished,Low,13,38898
Chennai,1,683.0,1.0,Villa,Semi-Furnished,High,14,54551
Bangalore,3,1572.0,3.0,Independent House,Semi-Furnished,Low,4,82250
Delhi,1,350.0,1.0,Apartment,Semi-Furnished,Low,14,35662
Mumbai,2,885.0,1.0,Apartment,Unfurnished,Middle,19,56776
Ahmedabad,2,1061.0,2.0,Apartment,Semi-Furnished,Middle,30,46973
Delhi,1,638.0,1.0,Apartment,Fully Furnished,Ground,11,39735
Pune,2,973.0,2.0,Villa,Unfurnished,Low,14,62960
Bangalore,4,2995.0,4.0,Independent House,Semi-Furnished,Low,1,126837
Kolkata,1,642.0,1.0,Apartment,Fully Furnished,High,28,34359
Bangalore,3,1613.0,2.0,Independent House,Unfurnished,High,21,72839
Mumbai,2,859.0,2.0,Independent House,Fully Furnished,Middle,15,68081
Ahmedabad,3,1572.0,4.0,Villa,Unfurnished,High,6,67113
Chennai,3,1660.0,3.0,Villa,Unfurnished,Middle,0,78659
Bangalore,2,893.0,2.0,Independent House,Semi-Furnished,Middle,18,50051
Mumbai,4,2391.0,4.0,Villa,Semi-Furnished,High,6,106272
Mumbai,2,1407.0,2.0,Apartment,Unfurnished,Low,9,58505
Delhi,3,1307.0,3.0,Independent House,Unfurnished,Ground,21,58574
Bangalore,2,1014.0,2.0,Apartment,Semi-Furnished,Middle,17,60737
Mumbai,5,2992.0,6.0,Villa,Unfurnished,Low,7,151699
Delhi,3,1606.0,3.0,Villa,Unfurnished,Low,5,77715
Ahmedabad,5,2703.0,6.0,Apartment,Semi-Furnished,High,0,104683
Hyderabad,2,1257.0,3.0,Apartment,Semi-Furnished,High,22,63941
Ahmedabad,2,1179.0,2.0,Apartment,Fully Furnished,Middle,24,62204
Kolkata,3,1715.0,4.0,Apartment,Semi-Furnished,Ground,27,82174
Delhi,4,2090.0,5.0,Apartment,Unfurnished,Low,12,90642
Delhi,5,3375.0,5.0,Apartment,Semi-Furnished,Middle,7,122692
Mumbai,2,841.0,1.0,Apartment,Fully Furnished,High,22,72840
Pune,3,1587.0,3.0,Apartment,Semi-Furnished,High,23,74905
Pune,2,494.0,1.0,Apartment,Unfurnished,Middle,30,38319
Chennai,2,1032.0,1.0,Apartment,Fully Furnished,Ground,23,50540
Pune,1,350.0,1.0,Apartment,Semi-Furnished,Low,3,29882
Delhi,2,1507.0,3.0,Apartment,Unfurnished,Low,4,51946
Chennai,4,1432.0,4.0,Independent House,Fully Furnished,Middle,14,66831
Ahmedabad,1,516.0,2.0,Apartment,Unfurnished,Ground,4,28878
Mumbai,3,1405.0,3.0,Independent House,Fully Furnished,Middle,23,79306
Ahmedabad,3,1724.0,3.0,Villa,Semi-Furnished,High,30,69467
Bangalore,1,535.0,1.0,Apartment,Semi-Furnished,High,10,43367
Kolkata,2,1116.0,2.0,Apartment,Semi-Furnished,High,9,59642
Kolkata,3,1263.0,3.0,Apartment,Unfurnished,Middle,26,55064
Delhi,2,1108.0,2.0,Studio,Unfurnished,Middle,8,58209
Delhi,3,1453.0,4.0,Independent House,Semi-Furnished,Low,26,82957
Chennai,5,2390.0,5.0,Apartment,Unfurnished,High,7,97132
Mumbai,2,856.0,2.0,Apartment,Unfurnished,Middle,26,54858
Hyderabad,2,967.0,1.0,Apartment,Semi-Furnished,Low,1,46801
Delhi,2,1105.0,2.0,Apartment,Semi-Furnished,High,22,48914
Hyderabad,3,1470.0,3.0,Independent House,Unfurnished,High,15,69727
Ahmedabad,2,1381.0,3.0,Apartment,Semi-Furnished,Low,2,45190
Hyderabad,1,1010.0,1.0,Studio,Unfurnished,High,17,37193
Pune,2,778.0,2.0,Apartment,Fully Furnished,Middle,17,47915
Mumbai,4,1804.0,5.0,Independent House,Unfurnished,Middle,9,94037
Kolkata,2,1053.0,2.0,Apartment,Semi-Furnished,Low,17,40128
Kolkata,2,1093.0,3.0,Apartment,Unfurnished,Middle,2,46740
Hyderabad,5,2538.0,6.0,Apartment,Semi-Furnished,Middle,27,89162
Kolkata,3,1840.0,4.0,Villa,Fully Furnished,High,19,89690
Ahmedabad,3,1707.0,3.0,Independent House,Fully Furnished,Middle,21,80092
Mumbai,3,1277.0,3.0,Apartment,Fully Furnished,High,0,87831
Pune,5,2677.0,6.0,Studio,Fully Furnished,High,9,95735
Mumbai,3,1694.0,2.0,Independent House,Fully Furnished,Middle,7,78188
Delhi,4,2236.0,4.0,Apartment,Semi-Furnished,High,7,96082
Hyderabad,3,1129.0,4.0,Independent House,Fully Furnished,Middle,19,69479
Mumbai,3,1484.0,4.0,Studio,Semi-Furnished,Low,16,68146
Ahmedabad,2,857.0,2.0,Villa,Semi-Furnished,Middle,14,51061
Kolkata,2,1229.0,2.0,Apartment,Semi-Furnished,Ground,10,62378
Bangalore,3,1444.0,4.0,Apartment,Unfurnished,High,15,58766
Mumbai,2,905.0,3.0,Apartment,Semi-Furnished,Low,21,60578
Hyderabad,3,389.0,3.0,Apartment,Unfurnished,Middle,22,35467
Pune,2,1081.0,1.0,Studio,Semi-Furnished,Middle,15,54334
Kolkata,3,1526.0,2.0,Independent House,Unfurnished,Middle,0,51952
Pune,1,424.0,1.0,Apartment,Semi-Furnished,Low,23,29918
Hyderabad,3,1286.0,3.0,Apartment,Semi-Furnished,High,19,64020
Kolkata,3,2180.0,4.0,Apartment,Unfurnished,High,29,95249
Delhi,2,627.0,2.0,Apartment,Semi-Furnished,Ground,0,55456
Kolkata,2,1428.0,2.0,Apartment,Semi-Furnished,Low,24,55044
Delhi,2,951.0,2.0,Apartment,Semi-Furnished,Low,13,62374
Pune,2,950.0,2.0,Apartment,Semi-Furnished,Middle,13,42095
Pune,2,872.0,1.0,Studio,Semi-Furnished,Low,23,47713
Hyderabad,1,514.0,1.0,Apartment,Unfurnished,Low,24,33733
Delhi,5,2772.0,6.0,Apartment,Fully Furnished,Middle,3,137183
Pune,1,600.0,1.0,Apartment,Semi-Furnished,Low,7,35248
Delhi,3,1755.0,3.0,Apartment,Semi-Furnished,High,29,62550
Pune,2,865.0,2.0,Apartment,Unfurnished,Low,15,41371
Kolkata,3,1519.0,2.0,Apartment,Semi-Furnished,High,7,61978
Mumbai,2,1681.0,1.0,Villa,Fully Furnished,Ground,25,95148
Ahmedabad,3,1912.0,2.0,Apartment,Unfurnished,High,14,86551
Bangalore,3,1692.0,2.0,Apartment,Unfurnished,High,26,67898
Ahmedabad,3,1300.0,4.0,Apartment,Unfurnished,High,17,50832
Kolkata,1,507.0,1.0,Apartment,Fully Furnished,Low,12,32974
Chennai,3,1684.0,2.0,Apartment,Semi-Furnished,Middle,9,71621
Ahmedabad,2,996.0,2.0,Apartment,Fully Furnished,High,23,44280
Mumbai,1,350.0,2.0,Apartment,Fully Furnished,Middle,30,37920
Chennai,2,1404.0,2.0,Apartment,Semi-Furnished,High,5,55991
Pune,2,1201.0,3.0,Apartment,Unfurnished,High,18,50999
Bangalore,2,1261.0,2.0,Apartment,Unfurnished,High,23,51377
Bangalore,3,1175.0,4.0,Independent House,Unfurnished,Middle,30,64829
Pune,2,879.0,3.0,Apartment,Semi-Furnished,Middle,0,62000
Pune,2,1142.0,2.0,Independent House,Semi-Furnished,Middle,1,53284
Delhi,1,871.0,1.0,Apartment,Fully Furnished,High,6,55487
Pune,3,1849.0,3.0,Independent House,Unfurnished,Low,11,89434
Hyderabad,3,1606.0,4.0,Apartment,Unfurnished,High,29,70228
Ahmedabad,2,1317.0,2.0,Independent House,Fully Furnished,High,7,71839
Pune,3,1584.0,2.0,Apartment,Semi-Furnished,Middle,12,79103
Hyderabad,2,1093.0,2.0,Apartment,Semi-Furnished,Middle,24,37555
Pune,2,1068.0,2.0,Apartment,Unfurnished,Ground,0,41688
Delhi,2,350.0,2.0,Apartment,Semi-Furnished,High,24,43033
Hyderabad,3,1997.0,3.0,Apartment,Unfurnished,Low,17,65287
Ahmedabad,3,1755.0,4.0,Apartment,Semi-Furnished,Low,7,74254
Mumbai,2,1042.0,2.0,Apartment,Semi-Furnished,High,11,73976
Hyderabad,1,826.0,1.0,Apartment,Semi-Furnished,Low,22,44555
Kolkata,1,681.0,1.0,Independent House,Fully Furnished,High,21,42609
Delhi,3,1354.0,3.0,Studio,Semi-Furnished,Low,21,62249
Chennai,4,2044.0,3.0,Independent House,Fully Furnished,Ground,18,78288
Ahmedabad,2,1109.0,3.0,Studio,Unfurnished,Middle,20,33080
Hyderabad,1,380.0,2.0,Villa,Semi-Furnished,Middle,11,36365
Kolkata,3,1885.0,3.0,Villa,Semi-Furnished,Middle,1,79972
Kolkata,3,1794.0,2.0,Apartment,Unfurnished,High,20,68545
Ahmedabad,4,2081.0,3.0,Apartment,Fully Furnished,Low,14,83145
Ahmedabad,3,1572.0,2.0,Independent House,Unfurnished,Middle,27,63468
Kolkata,4,1906.0,4.0,Apartment,Semi-Furnished,Low,10,72425
Pune,1,674.0,1.0,Studio,Unfurnished,Middle,18,32894
Kolkata,1,350.0,2.0,Villa,Semi-Furnished,High,24,49517
Pune,1,865.0,1.0,Villa,Semi-Furnished,Low,0,62094
Chennai,3,1269.0,3.0,Apartment,Semi-Furnished,Ground,2,60068
Delhi,1,594.0,1.0,Apartment,Semi-Furnished,Low,0,48156
Bangalore,2,881.0,1.0,Apartment,Semi-Furnished,High,8,59849
Pune,2,1003.0,2.0,Apartment,Semi-Furnished,High,26,54162
Kolkata,2,1089.0,2.0,Studio,Unfurnished,Low,20,27901
Kolkata,4,2105.0,4.0,Villa,Fully Furnished,High,13,103349
Mumbai,1,350.0,1.0,Studio,Fully Furnished,Low,22,38454
Kolkata,2,1140.0,2.0,Apartment,Unfurnished,High,15,51918
Delhi,3,1847.0,2.0,Apartment,Fully Furnished,Middle,2,82006
Hyderabad,1,606.0,1.0,Villa,Fully Furnished,High,30,56133
Hyderabad,3,1348.0,4.0,Apartment,Fully Furnished,Ground,8,56722
Kolkata,3,1111.0,4.0,Villa,Unfurnished,Ground,30,61740
Mumbai,4,2747.0,3.0,Apartment,Semi-Furnished,High,28,114730
Pune,4,2238.0,3.0,Apartment,Unfurnished,High,16,75722
Delhi,2,792.0,3.0,Villa,Semi-Furnished,Low,25,58827
Mumbai,3,1602.0,2.0,Apartment,Semi-Furnished,High,16,77928
Pune,1,556.0,2.0,Apartment,Fully Furnished,High,3,44088
Delhi,2,1009.0,1.0,Apartment,Fully Furnished,Middle,11,55060
Kolkata,1,894.0,2.0,Apartment,Semi-Furnished,Low,29,45292
Hyderabad,2,861.0,2.0,Apartment,Unfurnished,Middle,13,41474
Delhi,4,1902.0,3.0,Independent House,Unfurnished,Middle,21,76139
Kolkata,2,1569.0,3.0,Apartment,Unfurnished,Low,13,63842
Chennai,3,1354.0,2.0,Apartment,Semi-Furnished,High,13,45941
Bangalore,2,554.0,3.0,Independent House,Semi-Furnished,High,15,45619
Delhi,2,1079.0,3.0,Apartment,Semi-Furnished,Ground,24,58645
Bangalore,5,2677.0,5.0,Apartment,Unfurnished,Ground,8,102207
Delhi,2,1381.0,1.0,Apartment,Fully Furnished,Middle,1,73037
Bangalore,3,1804.0,3.0,Independent House,Semi-Furnished,High,4,91346
Chennai,2,784.0,2.0,Villa,Semi-Furnished,High,4,53596
Hyderabad,1,662.0,1.0,Independent House,Fully Furnished,High,17,40175
Ahmedabad,2,1267.0,1.0,Apartment,Unfurnished,Low,10,40731
Pune,3,1655.0,4.0,Apartment,Unfurnished,High,8,84935
Bangalore,1,350.0,2.0,Apartment,Semi-Furnished,Middle,8,36653
Chennai,1,350.0,1.0,Apartment,Semi-Furnished,Middle,11,30093
Bangalore,1,619.0,1.0,Villa,Semi-Furnished,Low,3,61955
Hyderabad,3,1607.0,3.0,Independent House,Fully Furnished,Middle,2,79438
Bangalore,3,1260.0,3.0,Apartment,Semi-Furnished,High,4,78505
Chennai,3,1525.0,2.0,Apartment,Unfurnished,Low,20,52658
Kolkata,2,823.0,1.0,Studio,Semi-Furnished,Ground,6,39952
Chennai,4,1843.0,3.0,Apartment,Fully Furnished,High,23,76542
Ahmedabad,3,1869.0,3.0,Villa,Fully Furnished,Ground,13,83694
Ahmedabad,3,1900.0,3.0,Apartment,Unfurnished,Ground,29,57377
Ahmedabad,3,1928.0,2.0,Apartment,Unfurnished,Middle,4,56752
Mumbai,3,1532.0,3.0,Apartment,Fully Furnished,Middle,23,90759
Hyderabad,2,1147.0,2.0,Apartment,Unfurnished,Middle,0,57321
Kolkata,4,1657.0,3.0,Apartment,Semi-Furnished,Ground,15,71713
Mumbai,4,2570.0,5.0,Apartment,Semi-Furnished,High,27,112904
Hyderabad,1,941.0,1.0,Apartment,Semi-Furnished,Middle,29,35615
Kolkata,1,794.0,1.0,Independent House,Semi-Furnished,Middle,29,35251
Bangalore,4,1878.0,4.0,Apartment,Semi-Furnished,Ground,24,83023
Kolkata,2,1014.0,2.0,Apartment,Unfurnished,Ground,18,43258
Chennai,4,2255.0,4.0,Apartment,Semi-Furnished,Middle,22,93276
Mumbai,2,813.0,1.0,Independent House,Fully Furnished,Middle,1,68487
Bangalore,1,550.0,1.0,Independent House,Fully Furnished,Low,17,46706
Chennai,1,712.0,1.0,Independent House,Unfurnished,Middle,4,48746
Hyderabad,1,350.0,1.0,Apartment,Semi-Furnished,Low,22,27647
Kolkata,2,700.0,3.0,Villa,Unfurnished,Middle,27,39640
Chennai,2,1371.0,3.0,Studio,Semi-Furnished,High,10,66309
Bangalore,3,1482.0,3.0,Apartment,Unfurnished,Low,15,68250
Mumbai,5,2284.0,6.0,Apartment,Semi-Furnished,Middle,8,104129
Mumbai,2,999.0,1.0,Independent House,Semi-Furnished,Middle,15,74203
Ahmedabad,2,935.0,2.0,Apartment,Semi-Furnished,Low,2,49262
Kolkata,2,1405.0,2.0,Independent House,Semi-Furnished,Low,26,65472
Chennai,2,1130.0,3.0,Apartment,Fully Furnished,Ground,2,58695
Ahmedabad,2,1365.0,1.0,Apartment,Unfurnished,Middle,30,33464
Bangalore,1,520.0,1.0,Apartment,Semi-Furnished,High,19,42059
Ahmedabad,1,626.0,1.0,Apartment,Semi-Furnished,Middle,26,27789
Delhi,1,966.0,1.0,Independent House,Fully Furnished,High,23,69561
Hyderabad,1,350.0,1.0,Apartment,Unfurnished,Low,1,25326
Ahmedabad,3,1167.0,4.0,Apartment,Semi-Furnished,Ground,12,44061
Hyderabad,2,629.0,3.0,Apartment,Semi-Furnished,Ground,5,46413
Bangalore,4,1608.0,3.0,Independent House,Fully Furnished,Middle,13,85451
Delhi,4,2519.0,4.0,Apartment,Unfurnished,High,23,84899
Mumbai,5,2045.0,6.0,Apartment,Fully Furnished,Low,26,106161
Kolkata,4,2088.0,3.0,Apartment,Semi-Furnished,Middle,8,76068
Pune,2,593.0,2.0,Apartment,Semi-Furnished,Middle,17,44033
Pune,2,1078.0,2.0,Apartment,Unfurnished,High,22,43448
Kolkata,1,666.0,1.0,Studio,Semi-Furnished,High,2,36604
Bangalore,3,2028.0,2.0,Apartment,Unfurnished,Ground,11,90441
Delhi,4,1960.0,4.0,Apartment,Fully Furnished,Ground,18,89287
Delhi,4,1814.0,5.0,Apartment,Unfurnished,High,4,87518
Hyderabad,2,909.0,1.0,Apartment,Fully Furnished,Ground,13,56561
Mumbai,3,1573.0,3.0,Apartment,Semi-Furnished,Middle,25,67893
Chennai,1,523.0,1.0,Apartment,Unfurnished,Ground,7,26914
Ahmedabad,1,943.0,2.0,Apartment,Fully Furnished,Middle,20,52898
Delhi,3,1358.0,3.0,Apartment,Fully Furnished,Low,12,72437
Kolkata,2,1050.0,2.0,Independent House,Unfurnished,Ground,30,38516
Chennai,5,2974.0,5.0,Apartment,Fully Furnished,Low,30,120927
Pune,1,731.0,1.0,Apartment,Semi-Furnished,Middle,7,36419
Chennai,4,2099.0,4.0,Apartment,Unfurnished,Middle,3,90161
Mumbai,2,1374.0,2.0,Independent House,Semi-Furnished,High,29,85764
Kolkata,3,1318.0,2.0,Apartment,Unfurnished,Ground,26,43006
Mumbai,3,2002.0,4.0,Studio,Unfurnished,Ground,15,79707
Chennai,4,2228.0,3.0,Studio,,Middle,22,68745
Ahmedabad,2,1453.0,2.0,Studio,Semi-Furnished,High,20,55404
Bangalore,4,1872.0,3.0,Studio,Unfurnished,Low,25,63668
Delhi,1,501.0,1.0,Apartment,Unfurnished,Low,30,33595
Kolkata,1,831.0,1.0,Apartment,Semi-Furnished,Low,30,36809
Bangalore,2,1002.0,2.0,Apartment,Fully Furnished,Middle,2,64132
Chennai,3,1216.0,3.0,Independent House,Unfurnished,High,4,60312
Delhi,2,1030.0,3.0,Apartment,Unfurnished,High,13,62289
Hyderabad,3,1095.0,3.0,Apartment,Semi-Furnished,High,24,61661
Bangalore,3,1352.0,2.0,Villa,Fully Furnished,Ground,14,83475
Bangalore,2,744.0,1.0,Apartment,Semi-Furnished,Low,29,51157
Chennai,4,1826.0,4.0,Independent House,Unfurnished,Low,6,82090
Pune,1,944.0,2.0,Apartment,Unfurnished,High,29,48218
Chennai,4,2795.0,4.0,Apartment,Semi-Furnished,Middle,23,82936
Bangalore,2,1435.0,2.0,Apartment,Unfurnished,High,24,71406
Delhi,2,1025.0,2.0,Apartment,Unfurnished,Low,0,54427
Ahmedabad,2,1248.0,1.0,Villa,Unfurnished,High,30,58557
Pune,1,350.0,1.0,Apartment,Semi-Furnished,Middle,30,30665
Chennai,2,1422.0,2.0,Apartment,Semi-Furnished,High,22,66157
Ahmedabad,2,759.0,2.0,Apartment,Semi-Furnished,High,28,41104
Kolkata,2,928.0,1.0,Studio,Fully Furnished,Middle,27,47889
Chennai,2,1192.0,2.0,Apartment,Fully Furnished,High,28,49859
Bangalore,2,557.0,2.0,Apartment,Unfurnished,High,9,45853
Ahmedabad,3,1802.0,3.0,Apartment,Semi-Furnished,Middle,7,71092
Bangalore,3,1922.0,3.0,Apartment,Fully Furnished,Low,7,88330
Hyderabad,4,2455.0,4.0,Apartment,Unfurnished,Low,29,85488
Ahmedabad,3,883.0,4.0,Studio,Fully Furnished,High,29,43489
Ahmedabad,3,1598.0,2.0,Apartment,Fully Furnished,Low,8,68192
Chennai,3,1664.0,3.0,Apartment,Unfurnished,Middle,5,61279
Bangalore,2,1011.0,1.0,Independent House,Fully Furnished,Middle,14,66250
Kolkata,3,1370.0,3.0,Apartment,Semi-Furnished,High,22,57742
Mumbai,1,377.0,1.0,Apartment,Unfurnished,Middle,23,38462
Pune,4,2126.0,4.0,Independent House,Unfurnished,Low,12,69303
Mumbai,3,1264.0,2.0,Apartment,Unfurnished,Low,8,64635
Pune,2,713.0,2.0,Apartment,Fully Furnished,Low,17,40815
Kolkata,3,1412.0,3.0,Apartment,Fully Furnished,Low,19,50190
Ahmedabad,1,646.0,2.0,Apartment,Unfurnished,Middle,3,30860
Ahmedabad,2,861.0,2.0,Apartment,Semi-Furnished,Middle,19,46486
Chennai,1,633.0,2.0,Apartment,Unfurnished,High,16,36691
Hyderabad,3,2192.0,3.0,Apartment,Fully Furnished,Ground,12,97805
Bangalore,3,1362.0,3.0,Studio,Fully Furnished,Low,26,68426
Bangalore,3,1513.0,3.0,Apartment,Unfurnished,Ground,17,63502
Bangalore,1,671.0,,Apartment,Semi-Furnished,Low,24,48193
Chennai,2,1163.0,2.0,Apartment,Semi-Furnished,Middle,7,60946
Pune,3,2198.0,3.0,Apartment,Fully Furnished,High,9,96056
Ahmedabad,1,736.0,1.0,Independent House,Semi-Furnished,Middle,16,43052
Kolkata,3,1252.0,3.0,Apartment,Unfurnished,Ground,7,64405
Bangalore,1,826.0,2.0,Villa,Semi-Furnished,High,27,64893
Mumbai,2,1007.0,2.0,Studio,Unfurnished,Low,25,46719
Bangalore,2,1259.0,2.0,Apartment,Semi-Furnished,High,18,62113
Ahmedabad,3,1587.0,3.0,Apartment,Semi-Furnished,Low,19,65497
Chennai,1,471.0,1.0,Independent House,Semi-Furnished,High,23,32940
Kolkata,2,990.0,2.0,Independent House,Semi-Furnished,Low,11,54659
Hyderabad,2,974.0,3.0,Apartment,Unfurnished,High,7,62574
Kolkata,2,947.0,3.0,Apartment,Fully Furnished,Middle,30,57952
Mumbai,2,1254.0,3.0,Apartment,Semi-Furnished,Middle,26,60732
Bangalore,2,801.0,2.0,Studio,Semi-Furnished,Middle,18,50460
Bangalore,3,1313.0,3.0,Apartment,Semi-Furnished,Middle,19,66241
Delhi,2,973.0,2.0,Studio,Fully Furnished,Low,2,52864
Pune,3,1219.0,3.0,Apartment,Semi-Furnished,Low,29,53199
Mumbai,3,1576.0,4.0,Apartment,Semi-Furnished,Low,7,80238
Delhi,1,513.0,1.0,Villa,Unfurnished,Middle,23,40159
Kolkata,1,533.0,1.0,Apartment,Unfurnished,Ground,7,27844
Hyderabad,4,2499.0,4.0,Apartment,Fully Furnished,Middle,11,101486
Pune,1,538.0,2.0,Independent House,Fully Furnished,Low,28,45854
Mumbai,1,594.0,1.0,Independent House,Semi-Furnished,Low,14,59548
Bangalore,1,350.0,1.0,Apartment,Semi-Furnished,Middle,0,49228
Kolkata,3,2355.0,2.0,Studio,Fully Furnished,Middle,13,69953
Mumbai,3,913.0,3.0,Apartment,Unfurnished,Ground,20,48490
Bangalore,5,2345.0,5.0,Apartment,Fully Furnished,High,0,123881
Ahmedabad,4,2365.0,5.0,Apartment,Fully Furnished,High,8,104334
Pune,2,1069.0,2.0,Apartment,Semi-Furnished,Middle,12,55122
Ahmedabad,2,849.0,2.0,Studio,Semi-Furnished,Ground,30,28716
Ahmedabad,2,1138.0,2.0,Villa,Fully Furnished,Ground,22,62366
Bangalore,1,855.0,1.0,Apartment,Semi-Furnished,Middle,0,63052
Hyderabad,1,663.0,1.0,Studio,Semi-Furnished,Ground,24,34609
Kolkata,1,414.0,1.0,Apartment,Fully Furnished,Middle,5,38733
Chennai,1,626.0,1.0,Independent House,Unfurnished,Low,13,35474
Bangalore,2,1284.0,1.0,Apartment,Unfurnished,High,27,56225
Hyderabad,2,898.0,2.0,Apartment,Fully Furnished,Low,24,46933
Chennai,5,2494.0,6.0,Apartment,Unfurnished,Low,6,102220
Kolkata,3,1755.0,3.0,Independent House,Unfurnished,Ground,22,60654
Ahmedabad,5,2255.0,5.0,Apartment,Fully Furnished,Middle,10,99691
Pune,2,1055.0,3.0,Studio,Semi-Furnished,High,6,50219
Pune,2,688.0,2.0,Independent House,Fully Furnished,Low,23,38599
Kolkata,2,1154.0,3.0,Apartment,Unfurnished,Middle,16,56034
Kolkata,2,1242.0,2.0,Apartment,Unfurnished,Middle,30,28945
Mumbai,1,876.0,1.0,Apartment,Fully Furnished,Middle,25,63240
Hyderabad,4,1964.0,3.0,Apartment,Semi-Furnished,Middle,19,96195
Ahmedabad,5,3036.0,4.0,Apartment,Semi-Furnished,High,27,103154
Hyderabad,1,634.0,1.0,Apartment,Fully Furnished,High,6,54221
Kolkata,1,772.0,2.0,Apartment,Semi-Furnished,Middle,24,45717
Delhi,2,1243.0,1.0,Independent House,Unfurnished,High,17,50394
Delhi,2,942.0,2.0,Apartment,Semi-Furnished,High,15,53418
Chennai,2,1456.0,2.0,Apartment,Semi-Furnished,High,5,78019
Chennai,1,498.0,1.0,Apartment,Unfurnished,Middle,1,31626
Delhi,2,1208.0,1.0,Villa,Unfurnished,Middle,19,65228
Kolkata,2,966.0,2.0,Apartment,Semi-Furnished,High,28,45521
Kolkata,2,906.0,2.0,Villa,Unfurnished,Middle,22,55114
Chennai,1,729.0,1.0,Studio,Semi-Furnished,High,1,38687
Bangalore,2,1269.0,1.0,Apartment,Semi-Furnished,Middle,24,50122
Kolkata,5,2698.0,5.0,Apartment,Unfurnished,High,14,85724
Delhi,2,1025.0,3.0,Villa,Fully Furnished,High,5,80712
Hyderabad,4,2527.0,4.0,Villa,Semi-Furnished,Low,10,107580
Kolkata,4,2822.0,4.0,Apartment,Fully Furnished,Middle,7,99144
Ahmedabad,4,2494.0,4.0,Apartment,Semi-Furnished,Low,28,99573
Kolkata,3,1893.0,2.0,Apartment,Semi-Furnished,Middle,8,65116
Bangalore,3,1467.0,2.0,Villa,Unfurnished,Middle,8,67071
Chennai,4,2113.0,3.0,Apartment,Unfurnished,Middle,13,71421
Kolkata,1,350.0,1.0,Apartment,Semi-Furnished,Low,12,25605
Pune,2,883.0,2.0,Apartment,Semi-Furnished,Middle,14,47814
Mumbai,5,3654.0,5.0,Apartment,Unfurnished,High,13,108206
Delhi,3,1924.0,4.0,Studio,Semi-Furnished,Low,15,78257
Ahmedabad,5,2769.0,5.0,Apartment,Unfurnished,Low,15,103219
Ahmedabad,3,1317.0,4.0,Apartment,Fully Furnished,Low,18,57954
Ahmedabad,4,1331.0,4.0,Apartment,Unfurnished,High,12,61400
Pune,3,1246.0,3.0,Studio,Fully Furnished,Ground,11,64446
Ahmedabad,3,1862.0,3.0,Apartment,Semi-Furnished,Middle,8,66121
Ahmedabad,2,894.0,2.0,Apartment,Semi-Furnished,High,27,36491
Chennai,4,2788.0,4.0,Apartment,Semi-Furnished,High,3,119781
Hyderabad,3,1327.0,4.0,Apartment,Semi-Furnished,High,7,64005
Mumbai,4,1671.0,4.0,Studio,Unfurnished,High,11,68640
Pune,3,1073.0,3.0,Studio,Unfurnished,Low,26,38893
Mumbai,2,918.0,1.0,Studio,Semi-Furnished,Low,21,45270
Delhi,1,647.0,1.0,Apartment,Unfurnished,Low,0,30236
Chennai,4,1676.0,4.0,Studio,Unfurnished,Low,11,52905
Kolkata,3,869.0,2.0,Apartment,Fully Furnished,Middle,7,45220
Hyderabad,2,1008.0,2.0,Apartment,Semi-Furnished,Low,27,42391
Chennai,1,496.0,1.0,Apartment,Fully Furnished,Low,3,42362
Mumbai,3,911.0,4.0,Apartment,Semi-Furnished,Middle,9,73004
Pune,3,1271.0,3.0,Apartment,Fully Furnished,Ground,0,52621
Delhi,3,1686.0,3.0,Villa,Unfurnished,High,19,90339
Delhi,3,1564.0,3.0,Villa,Semi-Furnished,Middle,2,85799
Chennai,2,1118.0,3.0,Apartment,Unfurnished,High,14,55854
Kolkata,2,1061.0,1.0,Apartment,Unfurnished,High,1,48277
Pune,1,790.0,1.0,Independent House,Fully Furnished,Middle,9,40087
Kolkata,3,1864.0,4.0,Apartment,Semi-Furnished,Middle,7,75753
Kolkata,1,350.0,1.0,Villa,Unfurnished,High,13,39813
Ahmedabad,3,1800.0,3.0,Independent House,Unfurnished,Middle,28,53253
Pune,2,1270.0,1.0,Independent House,Semi-Furnished,Ground,26,56212
Mumbai,2,1165.0,2.0,Villa,Unfurnished,High,12,74889
Chennai,4,1777.0,3.0,Villa,Semi-Furnished,Low,25,76182
Chennai,1,459.0,1.0,Studio,Semi-Furnished,Low,12,31584
Ahmedabad,3,1636.0,3.0,Villa,Semi-Furnished,High,21,74032
Bangalore,1,458.0,1.0,Apartment,Semi-Furnished,Middle,28,41389
Chennai,1,659.0,1.0,Apartment,Semi-Furnished,Low,7,41729
Delhi,2,1088.0,3.0,Apartment,Unfurnished,High,23,56467
Mumbai,1,350.0,1.0,Studio,Fully Furnished,High,4,52349
Pune,3,1550.0,3.0,Studio,Unfurnished,Middle,27,58179
Chennai,2,1591.0,3.0,Independent House,Fully Furnished,High,1,93233
Mumbai,1,350.0,1.0,Independent House,Semi-Furnished,Ground,20,43880
Ahmedabad,1,639.0,1.0,Studio,Semi-Furnished,High,5,26605
Chennai,3,1614.0,3.0,Apartment,Semi-Furnished,Middle,26,69558
Pune,3,1366.0,4.0,Apartment,Fully Furnished,Middle,7,75418
Hyderabad,2,685.0,1.0,Apartment,Semi-Furnished,Middle,11,36493
Pune,2,1100.0,2.0,Studio,Unfurnished,Middle,9,46959
Pune,3,1782.0,3.0,Apartment,Semi-Furnished,Middle,17,72927
Pune,3,2026.0,3.0,Apartment,Unfurnished,High,6,84639
Chennai,2,743.0,3.0,Apartment,Unfurnished,Ground,8,39100
Bangalore,3,1539.0,3.0,Apartment,Unfurnished,Middle,9,76099
Pune,3,1354.0,3.0,Independent House,Semi-Furnished,Low,28,57546
Ahmedabad,3,1643.0,2.0,Apartment,Unfurnished,Low,24,57621
Delhi,3,1564.0,3.0,Apartment,Fully Furnished,High,25,70609
Delhi,5,2658.0,5.0,Independent House,Fully Furnished,Low,19,103217
Ahmedabad,2,1014.0,3.0,Apartment,Semi-Furnished,Middle,25,55318
Mumbai,4,1590.0,5.0,Apartment,Fully Furnished,High,5,105076
Bangalore,2,1042.0,2.0,Studio,Semi-Furnished,Middle,21,42174
Mumbai,3,1332.0,3.0,Apartment,Semi-Furnished,Low,6,76457
Ahmedabad,1,707.0,2.0,Independent House,Fully Furnished,Ground,11,42072
Delhi,2,1282.0,2.0,Apartment,Semi-Furnished,Middle,25,72031
Kolkata,3,1311.0,4.0,Apartment,Unfurnished,High,6,68757
Delhi,3,1833.0,3.0,Apartment,Unfurnished,Ground,25,64075
Hyderabad,1,628.0,1.0,Apartment,Semi-Furnished,Middle,12,43830
Pune,2,540.0,2.0,Apartment,Unfurnished,Middle,17,52848
Kolkata,1,619.0,2.0,Apartment,Fully Furnished,Ground,4,47730
Delhi,5,2753.0,4.0,Independent House,Unfurnished,Ground,30,116142
Chennai,4,2157.0,3.0,Apartment,Semi-Furnished,Low,16,73810
Chennai,1,477.0,1.0,Villa,Unfurnished,Low,14,38189
Mumbai,4,1752.0,4.0,Apartment,Semi-Furnished,Low,1,95053
Kolkata,4,1575.0,4.0,Apartment,Semi-Furnished,Middle,21,59031
Mumbai,2,674.0,2.0,Apartment,Semi-Furnished,Middle,4,59371
Pune,3,1402.0,2.0,Apartment,Fully Furnished,Middle,23,76176
Pune,2,847.0,3.0,Independent House,Unfurnished,Ground,15,38665
Hyderabad,3,1607.0,3.0,Studio,Semi-Furnished,Middle,27,68647
Ahmedabad,2,1018.0,2.0,Apartment,Fully Furnished,Middle,0,58541
Ahmedabad,2,1529.0,1.0,Studio,Unfurnished,Low,8,43901
Bangalore,2,970.0,2.0,Apartment,Unfurnished,Low,3,46181
Mumbai,1,395.0,1.0,Apartment,Fully Furnished,Low,0,46681
Pune,3,1769.0,2.0,Apartment,Semi-Furnished,Middle,27,65852
Ahmedabad,2,1021.0,2.0,Apartment,Semi-Furnished,Middle,10,43545
Mumbai,2,735.0,1.0,Independent House,Fully Furnished,Low,30,57992
Pune,4,2481.0,4.0,Apartment,Semi-Furnished,Ground,4,101017
Delhi,2,883.0,1.0,Apartment,Semi-Furnished,Low,9,50040
Mumbai,2,1417.0,3.0,Apartment,Fully Furnished,High,8,89098
Delhi,4,1925.0,3.0,Apartment,Unfurnished,Ground,6,84172
Mumbai,4,2029.0,3.0,Independent House,Unfurnished,Low,18,100774
Bangalore,1,791.0,2.0,Apartment,Semi-Furnished,Low,23,47464
Hyderabad,2,880.0,2.0,Apartment,Unfurnished,Middle,11,36206
Chennai,5,2650.0,5.0,Apartment,Fully Furnished,Low,17,90877
Ahmedabad,2,874.0,2.0,Apartment,Unfurnished,Low,3,40354
Chennai,2,1153.0,2.0,Apartment,Fully Furnished,High,11,52144
Chennai,2,520.0,3.0,Apartment,Semi-Furnished,Middle,22,39705
Delhi,1,410.0,1.0,Studio,Fully Furnished,High,3,40485
Kolkata,3,1774.0,3.0,Apartment,Semi-Furnished,Middle,24,74061
Pune,3,1585.0,3.0,Apartment,Fully Furnished,High,2,77841
Chennai,5,2522.0,6.0,Apartment,Fully Furnished,Middle,16,85079
Bangalore,3,1532.0,3.0,Apartment,Fully Furnished,Low,25,83855
Chennai,2,1074.0,2.0,Apartment,Semi-Furnished,Middle,26,36812
Mumbai,1,,1.0,Independent House,,High,17,51377
Delhi,5,2023.0,5.0,Apartment,Semi-Furnished,High,8,81355
Kolkata,2,1129.0,2.0,Apartment,Unfurnished,Middle,13,48369
Mumbai,2,1064.0,2.0,Independent House,Semi-Furnished,High,12,65565
Kolkata,4,2209.0,4.0,Apartment,Fully Furnished,Middle,4,88180
Mumbai,3,1692.0,2.0,Apartment,Unfurnished,High,14,89913
Mumbai,2,947.0,3.0,Studio,Semi-Furnished,Middle,30,59612
Ahmedabad,4,2131.0,4.0,Apartment,Semi-Furnished,Low,26,78828
Hyderabad,5,2131.0,5.0,Independent House,Fully Furnished,Ground,20,105588
Hyderabad,1,763.0,1.0,Independent House,Fully Furnished,Middle,27,46941
Pune,4,1964.0,5.0,Apartment,Semi-Furnished,High,28,78996
Delhi,2,1124.0,1.0,Studio,Fully Furnished,High,4,71572
Bangalore,2,1223.0,2.0,Apartment,Semi-Furnished,Ground,11,64832
Bangalore,4,2646.0,5.0,Apartment,Semi-Furnished,Ground,27,107187
Bangalore,5,2616.0,4.0,Apartment,Unfurnished,Ground,9,107565
Ahmedabad,2,350.0,2.0,Apartment,Semi-Furnished,High,0,37695
Mumbai,2,1040.0,2.0,Apartment,Fully Furnished,Middle,2,74252
Hyderabad,1,829.0,1.0,Apartment,Semi-Furnished,Middle,27,29800
Delhi,3,949.0,3.0,Apartment,Semi-Furnished,Low,18,46152
Mumbai,1,685.0,1.0,Apartment,Fully Furnished,Ground,1,61607
Kolkata,2,1055.0,1.0,Apartment,Semi-Furnished,High,22,53427
Hyderabad,1,491.0,1.0,Apartment,Unfurnished,High,4,26259
Hyderabad,2,707.0,2.0,Independent House,Unfurnished,Low,0,37528
Chennai,1,558.0,1.0,Independent House,Fully Furnished,High,30,37856
Chennai,3,1555.0,2.0,Independent House,Unfurnished,Low,14,60250
Ahmedabad,2,1298.0,2.0,Apartment,Fully Furnished,High,0,64280
Delhi,2,1196.0,1.0,Independent House,Unfurnished,Ground,19,63802
Kolkata,4,2352.0,5.0,Apartment,Fully Furnished,Low,28,78273
Delhi,3,1942.0,4.0,Apartment,Fully Furnished,High,23,88292
Delhi,2,965.0,2.0,Apartment,Unfurnished,Low,8,49002
Ahmedabad,1,376.0,1.0,Independent House,Semi-Furnished,Ground,30,21156
Ahmedabad,3,1620.0,4.0,Apartment,Fully Furnished,Low,2,58768
Mumbai,2,829.0,2.0,Apartment,Fully Furnished,High,28,61387
Pune,3,1381.0,3.0,Studio,Fully Furnished,Middle,15,63807
Ahmedabad,2,1129.0,3.0,Apartment,Unfurnished,Low,7,45479
Delhi,2,1069.0,2.0,Apartment,Unfurnished,Middle,7,54499
Chennai,2,1054.0,2.0,Apartment,Unfurnished,Middle,22,45912
Pune,3,1212.0,3.0,Apartment,Unfurnished,Middle,29,50125
Mumbai,4,1867.0,4.0,Apartment,Semi-Furnished,Middle,14,78250
Pune,1,567.0,1.0,Studio,Fully Furnished,Ground,11,34360
Bangalore,2,891.0,1.0,Apartment,Unfurnished,Low,26,47179
Kolkata,1,547.0,,Apartment,Fully Furnished,Ground,16,40502
Pune,2,889.0,2.0,Studio,Semi-Furnished,High,26,42234
Delhi,4,2323.0,4.0,Apartment,Semi-Furnished,High,28,93281
Mumbai,2,708.0,3.0,Independent House,Fully Furnished,Low,30,57762
Kolkata,4,1662.0,4.0,Independent House,Unfurnished,Middle,10,73962
Delhi,3,1040.0,3.0,Apartment,Unfurnished,High,22,61467
Kolkata,4,2191.0,4.0,Apartment,Semi-Furnished,Middle,3,88160
Chennai,3,2260.0,4.0,Apartment,Semi-Furnished,High,16,79693
Bangalore,1,372.0,2.0,Apartment,Semi-Furnished,Middle,10,46552
Chennai,2,1398.0,3.0,Studio,Fully Furnished,High,7,61865
Delhi,2,1023.0,1.0,Apartment,Fully Furnished,High,18,56318
Delhi,1,514.0,1.0,Apartment,Fully Furnished,Middle,25,42594
Delhi,2,1628.0,2.0,Studio,Fully Furnished,Middle,28,75114
Hyderabad,2,1045.0,3.0,Apartment,Semi-Furnished,Low,19,48980
Bangalore,4,1847.0,3.0,Apartment,Semi-Furnished,Middle,16,77439
Kolkata,2,788.0,2.0,Apartment,Unfurnished,Low,7,30474
Ahmedabad,3,1556.0,3.0,Independent House,Unfurnished,Ground,7,64358
Delhi,4,2096.0,5.0,Independent House,Fully Furnished,Middle,6,86896
Delhi,4,2797.0,3.0,Independent House,Unfurnished,Middle,18,112216
Kolkata,2,999.0,2.0,Independent House,Semi-Furnished,High,1,54343
Ahmedabad,2,795.0,3.0,Villa,Semi-Furnished,Low,12,54384
Chennai,2,488.0,2.0,Independent House,Semi-Furnished,Low,3,31101
Chennai,2,,2.0,Apartment,Semi-Furnished,Middle,17,52138
Delhi,2,1531.0,2.0,Independent House,Semi-Furnished,High,12,74406
Mumbai,3,1856.0,3.0,Apartment,Fully Furnished,Low,29,93880
Hyderabad,2,1482.0,2.0,Apartment,Unfurnished,Low,30,40119
Chennai,2,1033.0,2.0,Villa,Semi-Furnished,Middle,0,61411
Mumbai,5,2747.0,6.0,Independent House,Semi-Furnished,Low,27,126213
Hyderabad,1,606.0,1.0,Apartment,Unfurnished,Middle,24,24204
Delhi,2,1023.0,2.0,Apartment,Unfurnished,High,30,52059
Bangalore,3,824.0,4.0,Apartment,Semi-Furnished,Ground,20,61611
Pune,1,432.0,1.0,Apartment,Semi-Furnished,Low,2,31300
Pune,3,1519.0,2.0,Apartment,Semi-Furnished,Middle,2,79814
Delhi,2,1144.0,3.0,Villa,Fully Furnished,High,29,75639
Chennai,4,1943.0,4.0,Apartment,Unfurnished,Middle,26,76634
Mumbai,2,1156.0,2.0,Apartment,Unfurnished,High,15,65201
Bangalore,2,1194.0,2.0,Apartment,Semi-Furnished,Middle,24,60899
Kolkata,3,1631.0,3.0,Apartment,Semi-Furnished,Low,0,69927
Hyderabad,2,1247.0,1.0,Apartment,Unfurnished,Low,15,44842
Delhi,2,1239.0,2.0,Independent House,Semi-Furnished,Low,16,66997
Bangalore,2,1510.0,1.0,Independent House,Semi-Furnished,Middle,2,79991
Ahmedabad,2,886.0,2.0,Villa,Unfurnished,Low,14,49409
Bangalore,2,1045.0,2.0,Apartment,Unfurnished,Middle,28,41987
Chennai,3,1800.0,3.0,Independent House,Semi-Furnished,Middle,13,69720
Ahmedabad,3,1410.0,4.0,Independent House,Semi-Furnished,Low,10,64106
Hyderabad,3,1760.0,4.0,Independent House,Unfurnished,High,12,58426
Ahmedabad,2,753.0,3.0,Apartment,Fully Furnished,Middle,4,46396
Bangalore,1,350.0,1.0,Independent House,Unfurnished,Low,28,43038
Chennai,3,2077.0,2.0,Apartment,Unfurnished,Low,11,56883
Ahmedabad,4,1800.0,4.0,Apartment,Semi-Furnished,Low,16,85856
Mumbai,2,922.0,2.0,Apartment,Semi-Furnished,Low,20,66626
Chennai,2,562.0,1.0,Apartment,Fully Furnished,Low,28,39959
Mumbai,2,1064.0,2.0,Apartment,Semi-Furnished,Middle,20,63606
Mumbai,2,1227.0,2.0,Apartment,Unfurnished,High,5,60167
Ahmedabad,3,1363.0,3.0,Studio,Semi-Furnished,Middle,23,57029
Ahmedabad,1,694.0,1.0,Apartment,Fully Furnished,Middle,16,34495
Kolkata,3,1672.0,3.0,Apartment,Semi-Furnished,Low,27,68805
Kolkata,1,925.0,1.0,Villa,Unfurnished,High,24,45916
Bangalore,2,987.0,3.0,Apartment,Unfurnished,High,26,56011
Chennai,3,1627.0,4.0,Apartment,Fully Furnished,Middle,24,70137
Kolkata,2,896.0,1.0,Villa,Semi-Furnished,Low,16,51288
Mumbai,1,775.0,1.0,Apartment,Unfurnished,Ground,21,36806
Kolkata,5,1349.0,5.0,Apartment,Fully Furnished,High,9,72744
Hyderabad,4,1791.0,4.0,Apartment,Unfurnished,Middle,21,72772
Bangalore,3,1586.0,3.0,Apartment,Semi-Furnished,Low,23,70646
Chennai,2,1177.0,2.0,Apartment,Semi-Furnished,Middle,7,47349
Chennai,2,747.0,3.0,Apartment,Fully Furnished,Middle,17,42133
Pune,4,1514.0,5.0,Apartment,Unfurnished,Middle,27,70425
Chennai,2,1594.0,2.0,Apartment,Semi-Furnished,Middle,24,60061
Bangalore,4,2587.0,5.0,Independent House,Semi-Furnished,Middle,9,109398
Hyderabad,2,953.0,3.0,Independent House,Unfurnished,High,0,49776
Chennai,2,1038.0,2.0,Studio,Semi-Furnished,High,4,49539
Pune,5,2500.0,5.0,Apartment,Unfurnished,High,25,100940
Bangalore,2,1214.0,2.0,Studio,Semi-Furnished,Low,17,62318
Mumbai,1,439.0,2.0,Apartment,Unfurnished,Ground,25,38054
Delhi,2,758.0,2.0,Apartment,Unfurnished,Middle,0,52222
Delhi,2,963.0,2.0,Apartment,Unfurnished,Middle,28,29826
Mumbai,1,685.0,1.0,Apartment,Unfurnished,Low,22,37982
Kolkata,2,1314.0,2.0,Studio,Semi-Furnished,High,8,52747
Chennai,2,1089.0,2.0,Studio,Unfurnished,High,17,41099
Ahmedabad,3,1813.0,3.0,Apartment,Fully Furnished,Middle,23,58149
Delhi,2,721.0,3.0,Apartment,Unfurnished,Middle,4,50614
Kolkata,5,3312.0,5.0,Studio,Semi-Furnished,Middle,21,92294
Delhi,2,1040.0,1.0,Independent House,Unfurnished,Low,9,65490
Mumbai,3,1054.0,3.0,Apartment,Fully Furnished,Low,13,70212
Chennai,1,573.0,1.0,Apartment,,Low,11,22557
Chennai,3,1290.0,2.0,Apartment,Semi-Furnished,High,6,50534
Kolkata,5,3297.0,6.0,Apartment,,Low,12,116250
Mumbai,3,2088.0,4.0,Apartment,Semi-Furnished,High,3,92583
Kolkata,2,568.0,2.0,Apartment,Semi-Furnished,High,18,30603
Chennai,2,1530.0,2.0,Apartment,Semi-Furnished,Middle,17,50424
Ahmedabad,3,604.0,3.0,Studio,Unfurnished,High,14,35962
Chennai,4,2262.0,4.0,Apartment,Unfurnished,Low,14,95130
Bangalore,5,3140.0,5.0,Villa,Fully Furnished,Ground,26,116567
Ahmedabad,2,897.0,3.0,Villa,Unfurnished,High,0,57842
Kolkata,5,2378.0,4.0,Studio,Semi-Furnished,High,15,93124
Bangalore,1,350.0,1.0,Apartment,Semi-Furnished,Low,3,41313
Mumbai,2,1035.0,2.0,Apartment,Semi-Furnished,Ground,21,53874
Hyderabad,1,504.0,1.0,Apartment,Semi-Furnished,High,18,29463
Delhi,2,1305.0,2.0,Apartment,Semi-Furnished,Low,2,65324
Bangalore,3,,2.0,Apartment,Semi-Furnished,Middle,25,75362
Delhi,4,2167.0,4.0,Apartment,Fully Furnished,Low,23,92409
Pune,3,1419.0,3.0,Apartment,Semi-Furnished,Middle,4,66556
Mumbai,3,1063.0,4.0,Apartment,Semi-Furnished,Middle,1,71901
Hyderabad,2,546.0,3.0,Apartment,Semi-Furnished,Ground,9,48664
Pune,3,1603.0,3.0,Studio,Unfurnished,Ground,8,67871
Pune,2,1057.0,2.0,Studio,Fully Furnished,Middle,11,53241
Chennai,4,2418.0,4.0,Apartment,Fully Furnished,Low,13,81108
Pune,3,1755.0,3.0,Independent House,Unfurnished,High,14,63226
Mumbai,3,1341.0,3.0,Apartment,Fully Furnished,Ground,0,85442
Bangalore,2,807.0,1.0,Independent House,Unfurnished,Middle,15,49346
Mumbai,4,2132.0,4.0,Independent House,Unfurnished,Low,5,89248
Bangalore,2,986.0,3.0,Apartment,Semi-Furnished,High,4,64121
Pune,2,1618.0,2.0,Independent House,Semi-Furnished,Low,18,74743
Pune,3,1914.0,3.0,Villa,Semi-Furnished,High,14,72632
Ahmedabad,2,929.0,2.0,Apartment,Fully Furnished,High,27,57917
Hyderabad,4,2517.0,4.0,Apartment,Semi-Furnished,High,0,97710
Bangalore,2,943.0,2.0,Apartment,Unfurnished,Low,16,51005
Pune,2,1189.0,2.0,Apartment,Unfurnished,Low,20,51571
Chennai,4,1904.0,3.0,Villa,Fully Furnished,Low,6,102469
Ahmedabad,2,887.0,1.0,Apartment,Semi-Furnished,Low,7,42882
Delhi,2,1114.0,1.0,Apartment,Fully Furnished,Middle,2,61170
Ahmedabad,2,1083.0,1.0,Independent House,Fully Furnished,Ground,6,59150
Hyderabad,2,902.0,2.0,Apartment,Unfurnished,Middle,7,44238
Mumbai,3,1407.0,4.0,Apartment,Fully Furnished,Ground,18,81065
Hyderabad,1,614.0,1.0,Apartment,Unfurnished,Middle,11,34193
Delhi,4,,4.0,Apartment,Fully Furnished,High,27,70766
Ahmedabad,3,1588.0,3.0,Studio,Semi-Furnished,Low,9,47065
Bangalore,2,1133.0,2.0,Apartment,Semi-Furnished,Middle,30,58356
Mumbai,3,1636.0,3.0,Independent House,Unfurnished,Middle,23,76198
Mumbai,3,1827.0,3.0,Apartment,Semi-Furnished,High,4,83365
Bangalore,2,1004.0,2.0,Apartment,Fully Furnished,High,27,57081
Kolkata,2,758.0,1.0,Apartment,Fully Furnished,Middle,4,50348
Kolkata,2,1120.0,2.0,Apartment,Fully Furnished,High,23,49526
Hyderabad,3,1625.0,2.0,Apartment,Semi-Furnished,Ground,21,56040
Pune,3,1699.0,2.0,Apartment,Fully Furnished,Ground,21,68357
Kolkata,2,754.0,2.0,Studio,Semi-Furnished,High,11,37537
Hyderabad,3,1586.0,3.0,Studio,Fully Furnished,Low,29,70165
Kolkata,3,1593.0,3.0,Apartment,Fully Furnished,Low,12,58629
Delhi,3,1045.0,3.0,Independent House,Fully Furnished,Middle,21,63511
Chennai,3,2237.0,4.0,Apartment,Semi-Furnished,Middle,25,65110
Pune,2,967.0,3.0,Apartment,Fully Furnished,Low,0,70515
Hyderabad,4,2077.0,3.0,Apartment,Fully Furnished,Low,16,77983
Chennai,3,1891.0,2.0,Studio,Semi-Furnished,Ground,18,53763
Chennai,3,959.0,3.0,Villa,Unfurnished,High,1,57436
Ahmedabad,2,1340.0,2.0,Apartment,Unfurnished,High,24,38402
Kolkata,2,725.0,1.0,Apartment,Semi-Furnished,Ground,17,39321
Ahmedabad,2,1055.0,2.0,Independent House,Unfurnished,Low,19,36158
Bangalore,2,1184.0,2.0,Apartment,Fully Furnished,High,10,90458
Delhi,3,2097.0,4.0,Apartment,Unfurnished,Ground,29,83758
Delhi,2,1063.0,2.0,Independent House,Unfurnished,Middle,13,61795
Delhi,3,1335.0,3.0,Apartment,Semi-Furnished,Low,22,56860
Pune,3,2188.0,2.0,Apartment,Unfurnished,High,25,81553
Mumbai,3,1953.0,3.0,Apartment,Unfurnished,Middle,14,88489
Pune,2,1116.0,1.0,Apartment,Semi-Furnished,High,27,55198
Hyderabad,5,2126.0,5.0,Apartment,Fully Furnished,Low,22,88297
Chennai,4,1855.0,4.0,Villa,Semi-Furnished,Low,11,78399
Chennai,3,1460.0,2.0,Apartment,Unfurnished,Middle,26,52552
Ahmedabad,2,669.0,2.0,Apartment,Semi-Furnished,High,5,48972
Mumbai,2,879.0,2.0,Apartment,Semi-Furnished,Ground,29,53995
Hyderabad,1,350.0,2.0,Independent House,Unfurnished,Low,4,32645
Mumbai,2,1158.0,3.0,Apartment,Unfurnished,High,13,63512
Chennai,1,517.0,2.0,Apartment,Semi-Furnished,Middle,5,38756
Kolkata,2,1521.0,2.0,Apartment,Semi-Furnished,Middle,2,82252
Pune,3,1510.0,3.0,Studio,Semi-Furnished,Middle,22,71321
Delhi,2,979.0,2.0,Apartment,Semi-Furnished,Low,5,64714
Chennai,2,1255.0,2.0,Apartment,Unfurnished,High,13,49954
Bangalore,4,2327.0,5.0,Apartment,Semi-Furnished,Low,19,88381
Delhi,1,674.0,1.0,Independent House,Semi-Furnished,Low,17,44460
Chennai,3,1421.0,3.0,Apartment,Unfurnished,Middle,16,61721
Pune,1,514.0,1.0,Independent House,Unfurnished,Low,8,34022
Mumbai,1,434.0,1.0,Apartment,Semi-Furnished,Low,7,41732
Kolkata,2,1158.0,1.0,Apartment,Fully Furnished,Middle,30,43797
Kolkata,3,1254.0,4.0,Apartment,Unfurnished,High,3,46911
Delhi,2,1037.0,2.0,Villa,Semi-Furnished,High,9,63309
Pune,4,2357.0,5.0,Apartment,Unfurnished,Middle,26,85592
Kolkata,2,1306.0,2.0,Apartment,Unfurnished,Middle,16,40246
Kolkata,1,716.0,1.0,Apartment,Unfurnished,Middle,19,37730
Hyderabad,3,1711.0,3.0,Independent House,Semi-Furnished,High,4,68988
Bangalore,1,350.0,,Apartment,Unfurnished,Low,16,32324
Delhi,3,1555.0,4.0,Apartment,Semi-Furnished,Low,30,61424
Mumbai,1,350.0,1.0,Apartment,Semi-Furnished,Middle,24,37757
Kolkata,2,899.0,2.0,Apartment,Semi-Furnished,High,13,37530
Hyderabad,3,1888.0,3.0,Apartment,Unfurnished,High,22,76954
Pune,4,1988.0,4.0,Apartment,Semi-Furnished,Middle,11,83674
Kolkata,2,1190.0,3.0,Apartment,Fully Furnished,Ground,28,53458
Ahmedabad,3,1930.0,4.0,Apartment,Semi-Furnished,Middle,6,64633
Bangalore,2,883.0,2.0,Studio,Unfurnished,Middle,14,43108
Mumbai,3,1599.0,2.0,Apartment,Semi-Furnished,Middle,14,80765
Pune,3,1146.0,3.0,Apartment,Semi-Furnished,Low,11,53129
Pune,2,807.0,2.0,Studio,Unfurnished,Middle,0,41667
Delhi,2,1104.0,1.0,Studio,Semi-Furnished,Middle,27,46212
Kolkata,1,572.0,2.0,Apartment,Unfurnished,Ground,24,23118
Delhi,2,1192.0,2.0,Independent House,Semi-Furnished,Low,25,59392
Mumbai,2,774.0,3.0,Villa,Semi-Furnished,High,7,67786
Ahmedabad,3,1383.0,3.0,Apartment,Fully Furnished,Middle,29,55407
Kolkata,5,3182.0,4.0,Apartment,Semi-Furnished,Middle,21,85786
Chennai,1,350.0,1.0,Independent House,Semi-Furnished,Middle,29,37256
Kolkata,2,1196.0,2.0,Apartment,Semi-Furnished,Low,19,43917
Ahmedabad,3,1734.0,3.0,Apartment,Unfurnished,Ground,5,75635
Chennai,4,1883.0,3.0,Apartment,Fully Furnished,Middle,26,82587
Pune,2,846.0,2.0,Apartment,Unfurnished,Middle,19,58663
Delhi,2,914.0,3.0,Independent House,Semi-Furnished,Middle,1,63391
Bangalore,2,769.0,2.0,Independent House,Unfurnished,Middle,24,40123
Kolkata,2,1062.0,2.0,Studio,Semi-Furnished,Low,30,23590
Bangalore,1,350.0,1.0,Apartment,Semi-Furnished,Low,25,35771
Kolkata,2,1263.0,3.0,Apartment,Semi-Furnished,Ground,17,59361
Pune,1,385.0,2.0,Apartment,Fully Furnished,Low,22,39313
Delhi,2,821.0,1.0,Apartment,Unfurnished,High,27,45635
Mumbai,2,1303.0,2.0,Villa,Unfurnished,High,2,80836
Mumbai,2,1089.0,3.0,Apartment,Semi-Furnished,Low,26,61826
Mumbai,1,505.0,2.0,Independent House,Fully Furnished,High,19,67949
Kolkata,4,1568.0,4.0,Apartment,Semi-Furnished,Middle,2,71530
Kolkata,4,2120.0,5.0,Apartment,Fully Furnished,Low,29,87365
Bangalore,2,1070.0,2.0,Apartment,Unfurnished,Middle,30,54206
Delhi,2,546.0,3.0,Studio,Unfurnished,High,18,31736
Ahmedabad,3,1850.0,2.0,Independent House,Unfurnished,High,5,76665
Kolkata,1,538.0,2.0,Apartment,Semi-Furnished,High,10,44852
Delhi,2,1128.0,2.0,Apartment,Semi-Furnished,High,12,65619
Bangalore,2,715.0,2.0,Apartment,Unfurnished,Middle,5,58285
Kolkata,4,1861.0,4.0,Independent House,Semi-Furnished,Low,17,68977
Mumbai,4,1563.0,5.0,Apartment,Fully Furnished,Low,14,87281
Mumbai,3,1457.0,4.0,Independent House,Semi-Furnished,Ground,29,85005
Pune,2,619.0,1.0,Apartment,Semi-Furnished,High,13,32699
Chennai,4,1592.0,4.0,Apartment,Unfurnished,High,13,66589
Hyderabad,4,2480.0,5.0,Apartment,Semi-Furnished,High,0,96523
Ahmedabad,5,2835.0,4.0,Apartment,Unfurnished,Ground,21,85390
Chennai,1,769.0,1.0,Apartment,Semi-Furnished,Middle,28,41328
Kolkata,1,350.0,1.0,Apartment,Fully Furnished,Middle,16,22749
Delhi,3,1361.0,3.0,Apartment,Fully Furnished,Middle,27,68322
Kolkata,2,865.0,2.0,Studio,Fully Furnished,Middle,21,42886
Delhi,1,495.0,1.0,Apartment,Fully Furnished,Middle,13,37849
Delhi,1,457.0,1.0,Apartment,Fully Furnished,Middle,30,35120
Chennai,4,2213.0,4.0,Apartment,Unfurnished,Low,12,68534
Hyderabad,4,2462.0,3.0,Apartment,Unfurnished,High,9,95664
Pune,2,787.0,2.0,Apartment,Fully Furnished,High,5,59534
Chennai,4,1594.0,4.0,Apartment,Semi-Furnished,High,0,80894
Hyderabad,3,989.0,3.0,Apartment,Semi-Furnished,High,4,51061
Mumbai,3,1231.0,3.0,Apartment,Semi-Furnished,High,15,81916
Mumbai,2,938.0,2.0,Apartment,Semi-Furnished,Ground,19,52701
Delhi,1,741.0,1.0,Independent House,Unfurnished,Middle,15,49366
Bangalore,2,1170.0,1.0,Apartment,Fully Furnished,Middle,21,63721
Kolkata,2,846.0,2.0,Apartment,Fully Furnished,Low,7,52753
Kolkata,2,943.0,3.0,Apartment,Semi-Furnished,Low,16,44271
Delhi,1,350.0,1.0,Villa,Unfurnished,Low,17,46362
Bangalore,5,2921.0,5.0,Apartment,Unfurnished,Middle,17,117814
Ahmedabad,2,350.0,3.0,Apartment,Semi-Furnished,Low,8,45061
Hyderabad,2,779.0,2.0,Apartment,Semi-Furnished,Low,5,48078
Ahmedabad,2,1354.0,2.0,Apartment,Semi-Furnished,Middle,9,55705
Ahmedabad,2,1015.0,2.0,Apartment,Unfurnished,Low,8,43468
Mumbai,2,739.0,2.0,Independent House,Fully Furnished,Middle,14,68143
Ahmedabad,3,1706.0,3.0,Apartment,Semi-Furnished,Low,19,68199
Kolkata,2,1271.0,2.0,Apartment,Semi-Furnished,Middle,13,46802
Chennai,3,1966.0,3.0,Apartment,Unfurnished,Low,13,67525
Bangalore,3,1494.0,3.0,Apartment,Fully Furnished,High,8,77014
Hyderabad,1,814.0,2.0,Apartment,Semi-Furnished,High,8,44288
Mumbai,3,1510.0,3.0,Apartment,Unfurnished,High,0,67999
Ahmedabad,4,2095.0,4.0,Villa,Semi-Furnished,Ground,24,76088
Chennai,1,790.0,1.0,Apartment,Semi-Furnished,High,20,40098
Bangalore,2,389.0,1.0,Apartment,Fully Furnished,Middle,30,49317
Delhi,4,2129.0,5.0,Apartment,Semi-Furnished,Low,30,81733
Delhi,2,729.0,1.0,Independent House,Unfurnished,High,9,42669
Delhi,2,562.0,3.0,Apartment,Fully Furnished,Ground,9,53931
Kolkata,5,2554.0,6.0,Independent House,Unfurnished,High,26,92730
Hyderabad,2,1443.0,3.0,Apartment,Semi-Furnished,Middle,6,63069
Delhi,1,522.0,1.0,Apartment,Fully Furnished,Low,4,49427
Kolkata,4,1728.0,5.0,Apartment,Unfurnished,Middle,17,66217
Pune,4,2340.0,4.0,Apartment,Fully Furnished,Low,20,81813
Kolkata,2,1297.0,2.0,Independent House,Semi-Furnished,Middle,0,63938
Mumbai,2,788.0,1.0,Apartment,Unfurnished,Ground,16,46645
Kolkata,3,1652.0,3.0,Independent House,Unfurnished,High,17,58235
Hyderabad,3,1522.0,3.0,Apartment,Semi-Furnished,Ground,19,56232
Chennai,2,1062.0,1.0,Studio,Semi-Furnished,Middle,25,45205
Ahmedabad,1,595.0,2.0,Apartment,Unfurnished,Middle,11,29305
Kolkata,2,994.0,3.0,Apartment,Semi-Furnished,Middle,24,28463
Delhi,4,1933.0,5.0,Apartment,Unfurnished,Ground,21,73942
Mumbai,4,2513.0,3.0,Studio,Semi-Furnished,Middle,26,109267
Bangalore,4,2404.0,5.0,Apartment,Unfurnished,Middle,8,101765
Delhi,4,2101.0,4.0,Independent House,Unfurnished,Middle,20,88415
Mumbai,3,2220.0,4.0,Apartment,Unfurnished,Middle,8,87578
Pune,2,705.0,1.0,Independent House,Fully Furnished,Low,16,46067
Ahmedabad,3,2001.0,4.0,Apartment,Semi-Furnished,Low,12,86961
Bangalore,3,1797.0,3.0,Independent House,Semi-Furnished,Middle,30,85679
Pune,2,1090.0,1.0,Apartment,Semi-Furnished,Low,16,52945
Chennai,1,428.0,1.0,Apartment,Unfurnished,Middle,21,21997
Mumbai,4,1490.0,3.0,Apartment,Fully Furnished,Low,1,83990
Pune,2,1251.0,2.0,Apartment,Unfurnished,High,6,49915
Ahmedabad,2,1100.0,2.0,Apartment,Fully Furnished,High,24,49703
Ahmedabad,3,1714.0,3.0,Apartment,Unfurnished,Middle,15,72088
Chennai,3,1357.0,2.0,Apartment,Unfurnished,Middle,14,65911
Ahmedabad,2,1610.0,2.0,Apartment,Fully Furnished,Low,22,52770
Mumbai,3,1862.0,3.0,Studio,Unfurnished,High,29,78176
Mumbai,2,1201.0,3.0,Villa,Unfurnished,Low,12,86558
Ahmedabad,2,1188.0,2.0,Apartment,Unfurnished,Middle,24,35954
Pune,2,1201.0,2.0,Apartment,Semi-Furnished,Middle,12,52535
Mumbai,3,1602.0,2.0,Studio,Semi-Furnished,Low,14,83275
Delhi,5,3316.0,4.0,Apartment,Semi-Furnished,High,19,151402
Ahmedabad,3,1446.0,2.0,Apartment,Unfurnished,Ground,12,61072
Mumbai,4,1784.0,4.0,Independent House,Semi-Furnished,Middle,22,94673
Hyderabad,1,830.0,1.0,Apartment,Semi-Furnished,Low,26,41858
Chennai,1,350.0,1.0,Villa,Semi-Furnished,Middle,9,43578
Ahmedabad,2,778.0,2.0,Apartment,Unfurnished,High,16,38040
Mumbai,2,696.0,2.0,Apartment,Fully Furnished,High,30,63610
Hyderabad,3,1894.0,4.0,Apartment,Unfurnished,Middle,25,66473
Mumbai,3,1780.0,4.0,Apartment,Semi-Furnished,Low,21,73170
Mumbai,5,1786.0,5.0,Independent House,Semi-Furnished,Low,8,106949
Pune,2,898.0,2.0,Apartment,Semi-Furnished,Middle,21,35097
Delhi,2,869.0,3.0,Apartment,Unfurnished,Low,29,35264
Ahmedabad,2,1109.0,2.0,Villa,Unfurnished,Low,27,56980
Chennai,2,1183.0,1.0,Independent House,Fully Furnished,Low,22,43019
Ahmedabad,3,2168.0,3.0,Apartment,Semi-Furnished,Low,9,84417
Delhi,2,644.0,2.0,Apartment,Semi-Furnished,Low,14,41722
Bangalore,2,1066.0,2.0,Apartment,Semi-Furnished,Ground,0,51869
Pune,2,1103.0,1.0,Apartment,Unfurnished,Ground,3,60477
Pune,1,510.0,1.0,Independent House,Fully Furnished,High,15,51946
Delhi,2,909.0,1.0,Studio,Unfurnished,Low,10,36306
Kolkata,2,1507.0,1.0,Apartment,Semi-Furnished,High,22,49753
Pune,1,651.0,1.0,Apartment,Unfurnished,High,5,46111
Ahmedabad,2,1351.0,2.0,Independent House,Semi-Furnished,Low,8,62283
Delhi,2,912.0,3.0,Apartment,Semi-Furnished,Middle,15,55269
Pune,2,991.0,1.0,Apartment,Unfurnished,Low,3,51907
Mumbai,1,462.0,1.0,Apartment,Unfurnished,Ground,13,40856
Delhi,2,1062.0,1.0,Independent House,Unfurnished,Middle,10,55452
Delhi,3,1279.0,4.0,Independent House,Unfurnished,High,10,76090
Ahmedabad,3,1110.0,3.0,Apartment,Semi-Furnished,Middle,2,54442
Hyderabad,3,1316.0,3.0,Villa,Semi-Furnished,Ground,0,65759
Pune,2,1001.0,2.0,Apartment,Semi-Furnished,Middle,11,54086
Pune,2,1243.0,1.0,Studio,Unfurnished,Middle,15,52653
Delhi,3,1681.0,4.0,Villa,Fully Furnished,Middle,7,88460
Mumbai,2,829.0,1.0,Independent House,Semi-Furnished,Ground,0,61798
Mumbai,3,1255.0,3.0,Villa,Unfurnished,Middle,20,79994
Chennai,2,1137.0,3.0,Apartment,Semi-Furnished,Middle,29,49968
Mumbai,2,1229.0,2.0,Apartment,Unfurnished,High,1,71802
Pune,3,1775.0,3.0,Apartment,Fully Furnished,Low,11,76576
Kolkata,1,401.0,1.0,Apartment,Semi-Furnished,Ground,13,27655
Hyderabad,2,463.0,2.0,Apartment,Semi-Furnished,High,21,46891
Delhi,2,1297.0,2.0,Villa,Unfurnished,Ground,23,60674
Bangalore,2,979.0,3.0,Apartment,Semi-Furnished,Low,19,48561
Hyderabad,2,708.0,2.0,Independent House,Fully Furnished,High,16,48698
Ahmedabad,3,1349.0,3.0,Apartment,Unfurnished,Low,28,44378
Ahmedabad,3,1468.0,3.0,Studio,Unfurnished,Middle,27,59614
Kolkata,3,1614.0,3.0,Apartment,Fully Furnished,Middle,6,75296
Bangalore,2,1000.0,3.0,Independent House,Semi-Furnished,Middle,20,54394
Hyderabad,5,2051.0,5.0,Studio,Fully Furnished,Middle,1,88327
Mumbai,3,1955.0,3.0,Villa,Semi-Furnished,Ground,27,86019
Pune,2,1083.0,3.0,Apartment,Semi-Furnished,High,21,58551
Kolkata,3,1682.0,2.0,Villa,Unfurnished,High,21,77157
Bangalore,3,1014.0,4.0,Apartment,Unfurnished,Ground,20,41099
Kolkata,3,1877.0,4.0,Independent House,Semi-Furnished,Middle,28,78138
Hyderabad,2,1116.0,2.0,Apartment,Fully Furnished,Middle,12,66199
Pune,2,831.0,2.0,Apartment,Unfurnished,Ground,12,25543
Kolkata,4,1489.0,5.0,Apartment,Fully Furnished,Middle,5,67088
Bangalore,2,1117.0,2.0,Apartment,Fully Furnished,Middle,24,62035
Delhi,3,1159.0,3.0,Villa,Semi-Furnished,Low,30,72742
Hyderabad,3,1711.0,4.0,Apartment,Fully Furnished,Low,11,81805
Delhi,4,2275.0,3.0,Apartment,Semi-Furnished,High,30,90332
Mumbai,2,1103.0,2.0,Apartment,Semi-Furnished,High,24,60552
Delhi,3,1611.0,3.0,Apartment,Semi-Furnished,Low,22,73497
Delhi,1,350.0,2.0,Apartment,Fully Furnished,Middle,28,34708
Chennai,3,895.0,3.0,Apartment,Fully Furnished,Low,15,57383
Hyderabad,3,1965.0,3.0,Studio,Fully Furnished,Middle,2,76667
Mumbai,1,747.0,1.0,Apartment,Unfurnished,Low,11,46277
Delhi,3,2158.0,3.0,Apartment,Semi-Furnished,Middle,15,92886
Ahmedabad,2,488.0,2.0,Apartment,Semi-Furnished,High,8,33381
Pune,1,397.0,2.0,Apartment,Semi-Furnished,Middle,12,36125
Bangalore,2,661.0,2.0,Independent House,Semi-Furnished,Low,28,42300
Delhi,2,1381.0,3.0,Independent House,Unfurnished,Middle,11,71650
Mumbai,2,1393.0,3.0,Villa,Fully Furnished,Middle,25,92751
Delhi,2,891.0,2.0,Apartment,Fully Furnished,Ground,22,51739
Bangalore,3,1881.0,2.0,Independent House,Unfurnished,Low,14,72863
Mumbai,3,1270.0,4.0,Apartment,Semi-Furnished,Low,3,73741
Hyderabad,3,1649.0,3.0,Apartment,Semi-Furnished,High,16,74743
Mumbai,1,564.0,1.0,Studio,Fully Furnished,Low,9,52128
Hyderabad,4,2683.0,5.0,Villa,Semi-Furnished,Middle,15,119301
Mumbai,3,,4.0,Apartment,Semi-Furnished,Middle,11,83297
Ahmedabad,1,489.0,1.0,Apartment,Fully Furnished,Ground,5,31083
Kolkata,3,1932.0,3.0,Apartment,Semi-Furnished,Low,15,61470
Bangalore,2,1314.0,3.0,Apartment,Semi-Furnished,High,11,69503
Bangalore,3,771.0,2.0,Studio,Unfurnished,Low,27,49647
Mumbai,2,1115.0,3.0,Apartment,Fully Furnished,Middle,21,70470
Kolkata,2,1153.0,2.0,Independent House,Semi-Furnished,High,5,55117
Delhi,4,2264.0,4.0,Studio,Semi-Furnished,Middle,26,88237
Bangalore,2,1644.0,2.0,Independent House,Semi-Furnished,Middle,29,80709
Ahmedabad,1,493.0,1.0,Studio,Semi-Furnished,Middle,14,34402
Hyderabad,4,1918.0,3.0,Apartment,Semi-Furnished,Low,3,77371
Hyderabad,4,2034.0,4.0,Apartment,Unfurnished,Low,24,76483
Pune,3,1608.0,2.0,Apartment,Fully Furnished,High,4,82562
Chennai,2,836.0,1.0,Independent House,Unfurnished,Middle,16,50865
Kolkata,1,350.0,2.0,Apartment,Semi-Furnished,Low,3,34173
Chennai,3,1731.0,3.0,Independent House,Unfurnished,High,25,65797
Chennai,1,350.0,1.0,Apartment,Fully Furnished,High,10,29838
Hyderabad,1,501.0,1.0,Villa,Unfurnished,High,18,41085
Ahmedabad,2,1007.0,1.0,Independent House,Semi-Furnished,Ground,13,49984
Ahmedabad,1,573.0,1.0,Independent House,Semi-Furnished,Ground,26,42143
Pune,1,495.0,1.0,Independent House,Unfurnished,Middle,23,39560
Chennai,2,804.0,2.0,Apartment,Fully Furnished,Low,5,43278
Chennai,1,573.0,1.0,Apartment,Fully Furnished,High,25,39231
Mumbai,1,602.0,1.0,Villa,Semi-Furnished,Middle,9,65912
Mumbai,1,658.0,2.0,Studio,Unfurnished,Low,22,31915
Mumbai,2,754.0,2.0,Apartment,Unfurnished,Middle,9,52186
Delhi,3,1487.0,2.0,Apartment,Unfurnished,Middle,17,61339
Chennai,3,2038.0,4.0,Independent House,Semi-Furnished,Low,16,83454
Ahmedabad,2,990.0,1.0,Apartment,Semi-Furnished,Low,28,42852
Ahmedabad,2,1311.0,2.0,Apartment,Unfurnished,High,1,66418
Delhi,1,797.0,1.0,Apartment,Semi-Furnished,Middle,21,51343
Ahmedabad,1,350.0,2.0,Apartment,Unfurnished,Low,12,16201
Pune,2,1481.0,2.0,Apartment,Unfurnished,Ground,11,50838
Kolkata,2,1277.0,2.0,Apartment,Unfurnished,Low,4,54874
Hyderabad,3,1458.0,3.0,Villa,Semi-Furnished,Middle,7,75521
Chennai,3,1216.0,4.0,Studio,Semi-Furnished,High,3,66514
Ahmedabad,2,1344.0,3.0,Apartment,Semi-Furnished,Low,2,60024
Hyderabad,1,395.0,1.0,Apartment,Semi-Furnished,Middle,3,40218
Ahmedabad,3,1956.0,4.0,Apartment,Unfurnished,Low,30,72832
Kolkata,2,1018.0,1.0,Apartment,Fully Furnished,Ground,8,48233
Mumbai,3,1396.0,3.0,Apartment,Unfurnished,Middle,27,83952
Chennai,2,739.0,1.0,Apartment,Semi-Furnished,Ground,7,41019
Bangalore,3,1632.0,3.0,Apartment,Semi-Furnished,Middle,10,90803
Delhi,4,1312.0,4.0,Villa,Fully Furnished,Middle,14,82648
Delhi,4,2783.0,4.0,Apartment,Unfurnished,Low,23,75690
Chennai,2,1378.0,2.0,Apartment,Fully Furnished,High,10,56742
Kolkata,2,893.0,1.0,Studio,Semi-Furnished,Middle,15,46322
Mumbai,2,1125.0,2.0,Apartment,Semi-Furnished,Middle,5,64060
Delhi,4,1238.0,4.0,Villa,Semi-Furnished,Low,28,79505
Mumbai,2,1186.0,3.0,Apartment,Semi-Furnished,Middle,14,55196
Pune,1,712.0,1.0,Apartment,Semi-Furnished,Middle,20,30182
Hyderabad,2,968.0,2.0,Apartment,Semi-Furnished,Middle,13,45751
Kolkata,1,358.0,1.0,Apartment,Unfurnished,Ground,15,21165
Bangalore,2,1029.0,3.0,Villa,Semi-Furnished,Low,26,67283
Hyderabad,3,2048.0,2.0,Independent House,Unfurnished,Ground,23,74988
Hyderabad,2,945.0,2.0,Studio,Unfurnished,Low,27,33170
Pune,1,586.0,2.0,Independent House,Semi-Furnished,Middle,13,40286
Delhi,4,2034.0,4.0,Apartment,Semi-Furnished,Low,3,90617
Bangalore,3,1355.0,4.0,Apartment,Semi-Furnished,Middle,9,57921
Delhi,3,1451.0,2.0,Apartment,Unfurnished,Middle,14,68607
Chennai,2,841.0,2.0,Apartment,Fully Furnished,Ground,21,48603
Hyderabad,3,1999.0,3.0,Apartment,Unfurnished,Middle,8,73560
Chennai,2,941.0,2.0,Apartment,Semi-Furnished,Low,27,43364
Mumbai,2,776.0,2.0,Villa,Fully Furnished,Low,13,70026
Hyderabad,1,394.0,1.0,Independent House,Fully Furnished,Middle,29,35690
Delhi,2,1031.0,3.0,Apartment,Unfurnished,Middle,18,50038
Hyderabad,1,352.0,1.0,Apartment,Unfurnished,Low,24,19509
Mumbai,5,2645.0,5.0,Independent House,Semi-Furnished,Middle,12,123327
Pune,1,465.0,1.0,Studio,Semi-Furnished,Ground,26,17715
Chennai,2,1225.0,2.0,Apartment,Semi-Furnished,Low,23,42798
Ahmedabad,2,1465.0,3.0,Studio,Unfurnished,Middle,18,37307
Chennai,2,971.0,2.0,Apartment,Unfurnished,Ground,22,36597
Delhi,3,1177.0,3.0,Villa,Fully Furnished,Low,4,78889
Hyderabad,1,749.0,2.0,Independent House,Unfurnished,Middle,6,37865
Delhi,3,1985.0,4.0,Villa,Fully Furnished,Low,19,95729
Pune,2,1103.0,2.0,Apartment,Semi-Furnished,High,30,56496
Hyderabad,3,2019.0,4.0,Apartment,Unfurnished,Low,28,67871
Ahmedabad,3,1150.0,3.0,Apartment,Semi-Furnished,Middle,2,51039
Hyderabad,4,1632.0,3.0,Apartment,Unfurnished,High,6,86620
Ahmedabad,3,1403.0,3.0,Apartment,Semi-Furnished,Middle,27,55610
Delhi,3,1868.0,3.0,Apartment,Unfurnished,Middle,13,80701
Delhi,2,620.0,2.0,Apartment,Fully Furnished,High,21,49561
Mumbai,2,1210.0,1.0,Apartment,Fully Furnished,Low,4,83453
Kolkata,3,1569.0,3.0,Apartment,Semi-Furnished,High,15,68431
Kolkata,4,2538.0,4.0,Studio,Fully Furnished,High,19,94168
Pune,1,515.0,1.0,Studio,Unfurnished,Ground,21,24961
Kolkata,2,1352.0,2.0,Studio,Unfurnished,Middle,30,42561
Mumbai,3,1396.0,3.0,Independent House,Semi-Furnished,Ground,0,88109
Chennai,2,1064.0,2.0,Studio,Fully Furnished,High,14,58936
Ahmedabad,2,855.0,2.0,Independent House,Fully Furnished,Low,11,62400
Hyderabad,2,488.0,2.0,Studio,Semi-Furnished,Low,23,32337
Delhi,3,1137.0,4.0,Apartment,Semi-Furnished,High,29,46563
Hyderabad,5,2500.0,4.0,Studio,Semi-Furnished,Middle,21,77166
Hyderabad,2,637.0,2.0,Apartment,Fully Furnished,High,13,41118
Bangalore,2,968.0,2.0,Apartment,Semi-Furnished,Middle,15,57640
Chennai,1,893.0,1.0,Apartment,Unfurnished,High,26,30704
Bangalore,1,442.0,1.0,Apartment,Unfurnished,High,15,39702
Kolkata,2,1195.0,2.0,Independent House,Unfurnished,Ground,20,55694
Hyderabad,2,1056.0,2.0,Apartment,Semi-Furnished,Middle,23,56972
Ahmedabad,2,1295.0,2.0,Independent House,Unfurnished,High,3,52411
Delhi,3,1531.0,3.0,Apartment,Unfurnished,High,30,78432
Ahmedabad,3,872.0,3.0,Apartment,Unfurnished,Low,1,38752
Hyderabad,2,1146.0,2.0,Apartment,Unfurnished,High,20,49635
Chennai,2,589.0,2.0,Apartment,Fully Furnished,Low,6,48234
Ahmedabad,5,1510.0,6.0,Apartment,Fully Furnished,High,4,77463
Bangalore,2,1096.0,2.0,Apartment,Fully Furnished,Ground,6,72286
Delhi,3,1240.0,3.0,Apartment,Unfurnished,High,1,63106
Hyderabad,2,980.0,2.0,Villa,Semi-Furnished,Ground,11,65131
Pune,3,1607.0,3.0,Apartment,Unfurnished,Low,0,68034
Chennai,3,1742.0,2.0,Apartment,Fully Furnished,Middle,2,81994
Chennai,3,1712.0,2.0,Apartment,Fully Furnished,Low,0,76414
Pune,4,2122.0,4.0,Apartment,Fully Furnished,Low,2,93474
Ahmedabad,4,1755.0,4.0,Apartment,Unfurnished,Low,15,67330
Hyderabad,3,1541.0,3.0,Villa,Unfurnished,Middle,18,63935
Chennai,2,1012.0,2.0,Apartment,Semi-Furnished,Middle,7,46062
Delhi,2,1361.0,2.0,Studio,Unfurnished,Low,20,52143
Hyderabad,3,1524.0,2.0,Apartment,Fully Furnished,Low,18,71575
Hyderabad,3,1505.0,2.0,Apartment,Semi-Furnished,Middle,4,69826
Bangalore,1,607.0,1.0,Villa,Unfurnished,Ground,23,51211
Chennai,1,370.0,1.0,Apartment,Fully Furnished,Middle,25,38338
Chennai,3,1873.0,2.0,Apartment,Semi-Furnished,Low,30,57037
Pune,2,1656.0,3.0,Villa,Semi-Furnished,Middle,26,95010
